id,query,language,domain,cited_act,reference_answer,cited_sections,compliance_label,question_type,chunk_id,split
QA_001,"Okay, so, agar koi ladki ya female child ko abduct kar ke rakh raha hai, toh DM ya Magistrate kya kar sakte hain? What's the process?",code_mixed,Criminal Law,Bharatiya Nagarik Suraksha Sanhita 2023,"According to the Bharatiya Nagarik Suraksha Sanhita 2023, Section 101, if someone files a sworn complaint – a written statement under oath – about the abduction or unlawful detention of a woman or a female child for any illegal reason, then a District Magistrate (DM), Sub-divisional Magistrate, or a Magistrate of the first class has the power to issue an order. This order will direct the immediate release of the woman or the return of the female child to her parent, guardian, or whoever legally looks after her.  The Magistrate isn't just going to issue the order; they can also *force* compliance.  This means they can use necessary force to ensure the order is followed. For example, if someone is holding a young girl against her will, the Magistrate can order their release and, if needed, use force to make sure that happens. The key is the complaint has to be made on oath, meaning it's a serious allegation.  The law empowers these magistrates to act swiftly to protect women and female children in such situations. It’s a direct route to restoration.","Bharatiya Nagarik Suraksha Sanhita 2023, Section 101",Safe,procedural,BNSS_2023__p44__c0,train
QA_002,"Yeh Form 5-0 Annual Statement of Expenditure PMMVY, isko fill karte time main kaunse important details check karna chahiye? Aur agar state government ko previous year se kuch balance bacha hai toh usko kaise handle karenge?",code_mixed,Government Schemes,Pradhan Mantri Matru Vandana Yojana Guidelines,"Okay, so according to the PMMVY guidelines, Form 5-0 is crucial for reporting how the funds are being used. The most important thing is to accurately record the Sanction Nos. and Date – these are like the official approvals for the money. You need to clearly state the amount certified, which is the total amount you're saying you've spent.  It's also vital to mention whether you're using fresh grant-in-aid or the unspent balance from the previous financial year.  If there's an unspent balance, you *must* specify the amount and how it's being utilized. For example, let's say a state received ₹10 crore last year and only spent ₹8 crore. This ₹2 crore unspent balance needs to be clearly declared and explained how it's being used this year.  The form needs to confirm that the funds are being used for the purpose they were sanctioned for.  Basically, transparency and accurate record-keeping are key. This all falls under the broader framework of government financial regulations, though specific sections aren't explicitly mentioned in this excerpt.  It's about ensuring accountability and proper utilization of public funds.",PMMVY Guidelines - Form 5-0,Safe,procedural,PMMVY_Maternity_Scheme__p124__c0,val
QA_003,"Yeh Constitution mein likha hai ki bachchon ko kaise protect kiya jayega? Kya ye kaafi hai, ya aur bhi kuch steps State ko uthana chahiye?",code_mixed,Constitutional Law,Constitution of India,"Okay, so the Constitution, specifically Article 24(f), says that children need opportunities and facilities to grow up healthy, free, and with dignity. It also emphasizes protecting them from exploitation and being abandoned, both morally and materially. Basically, the State has a responsibility to ensure kids aren't forced into work that's not suitable for their age or strength, and that their childhood is safeguarded.  It's a good starting point, but it's a directive, not a detailed law.  Think about it – imagine a child forced to work in a factory instead of going to school. This directly violates the spirit of Article 24(f).  Article 39A further reinforces this by stating the legal system should promote justice.  While this passage doesn't outline *specific* steps, it sets the foundation for laws like the Child Labour (Prohibition and Regulation) Act, 1986, which builds upon this constitutional principle. The State needs to enact and enforce such laws to truly fulfill this promise. It's a fundamental right, but it requires active implementation. Apni specific situation ke liye ek qualified lawyer se zaroor milein.","Constitution of India, Article 24(f), Article 39A",Safe,interpretive,Constitution_of_India__p22__c0,train
QA_004,"Yaar, agar main kisi ki property, like unki land ya flat, bina proper paisa diye le lu, aur usko unke creditors se chupa du, toh mujhe kitna punishment ho sakta hai?",code_mixed,Criminal Law,Bharatiya Nyaya Sanhita 2023,"Okay, so according to the Bharatiya Nyaya Sanhita 2023, Section 320, if you dishonestly or fraudulently take someone's property – whether it's land, a flat, or anything else – without giving them proper consideration (meaning, not paying them a fair price), and you do it with the intention of hiding it from their creditors, you're in trouble. The law says you can be punished with imprisonment, which could be either a short term or a longer one, extending up to five years. Or, they can fine you, or even both imprisonment and a fine.  

For example, imagine someone owes a lot of money to several banks. If they secretly transfer their house to a friend without paying anything, just to stop the banks from taking it, that would fall under this section. The key is the dishonesty or fraud and the intention to prevent creditors from getting what they're owed.  It's important to understand that 'adequate consideration' means a fair price, not just a token amount.  This section specifically deals with preventing distribution among creditors.  It's a serious offense under the new law. Apni specific situation ke liye ek qualified lawyer se zaroor milein.","Bharatiya Nyaya Sanhita 2023, Section 320",Safe,procedural,BNS_2023__p96__c1,train
QA_005,Court ko accused ko magistrate ke saamne present karne ki power kab milti hai? Aur agar offence non-bailable hai toh kya hota hai?,code_mixed,Criminal Law,Bharatiya Nagarik Suraksha Sanhita 2023,"According to the Bharatiya Nagarik Suraksha Sanhita 2023, a Court has the power to ensure the accused appears before a Magistrate. This happens in a couple of scenarios. Firstly, if the accused is already supposed to appear. Secondly, and this is important, if the alleged offence is non-bailable, the Court can decide to send the accused to custody and then present them before the Magistrate. Basically, the Court has the discretion to do this if it deems it necessary. The passage also mentions that the Court can bind over any person – meaning ask them to appear and give evidence – before the Magistrate. This power, as stated in sub-section (1), can be exercised even if the Court hasn't yet filed a formal complaint or rejected a request to do so regarding that specific offence. For example, if someone is accused of a serious crime like theft and the police haven't formally charged them yet, the Court can still order them to be held and appear before a Magistrate. It's all about ensuring due process and the possibility of evidence being presented.  This is all covered under Section 2 of the Bharatiya Nagarik Suraksha Sanhita 2023.","Bharatiya Nagarik Suraksha Sanhita 2023, Section 2",Safe,procedural,BNSS_2023__p133__c1,test
QA_006,"Yaar, suppose accused ek gaon mein rehta hai, lekin case koi dusra magistrate sunne wala hai. Magistrate ko kya karna chahiye? Kya woh arrest warrant issue kar sakta hai immediately, ya phir kuch aur process follow karega?",code_mixed,Criminal Law,Bharatiya Nagarik Suraksha Sanhita 2023,"Okay, so according to the Bharatiya Nagarik Suraksha Sanhita 2023, if the accused is living far away, beyond the magistrate’s jurisdiction, the magistrate *cannot* immediately issue a warrant. The law says they have to postpone the process. Basically, they need to figure out if there's a good reason to proceed with the case. The magistrate can either personally investigate the matter, or they can tell a police officer, or someone else they think is suitable, to do the investigation. This is all to decide if there's enough evidence to move forward. For example, imagine a person accused of a minor theft is living in a different state. The magistrate wouldn't just issue a warrant right away; they'd first need to look into the case a bit. However, there's a crucial exception: if the offence is *only* triable by a higher court, the magistrate can't order an investigation. They have to follow the standard procedure. This is all under Section X of the Bharatiya Nagarik Suraksha Sanhita 2023. It's designed to ensure fairness and prevent unnecessary arrests.","Bharatiya Nagarik Suraksha Sanhita 2023, Section X",Safe,procedural,BNSS_2023__p86__c1,train
QA_007,"Yaar, suppose main unknowingly ek drug bech deta hoon, lekin unknowingly, woh drug kuch aur hi thi. Phir mujhe kya hoga? Kya punishment lagegi?",code_mixed,Criminal Law,Bharatiya Nyaya Sanhita 2023,"Okay, so according to the Bharatiya Nyaya Sanhita 2023, Section 278, if you knowingly sell, offer to sell, or even give out a drug from a dispensary as a different drug or preparation, you can get into trouble. 'Knowingly' is the key word here. If it was genuinely a mistake, that's a different matter, but the law assumes you knew what you were doing. The punishment can be imprisonment for up to six months, or a fine of up to five thousand rupees, or even both. Imagine, for example, you mistakenly label a pain reliever as an antibiotic, and someone buys it thinking it's for an infection. That's the kind of scenario this section covers. The law is trying to prevent people from deliberately misrepresenting drugs, which can be really dangerous for patients. It’s important to understand that the prosecution has to prove you *knew* you were selling the wrong thing. This is a serious matter, and the consequences can be significant. Apni specific situation ke liye ek qualified lawyer se zaroor milein.","Bharatiya Nyaya Sanhita 2023, Section 278",Safe,procedural,BNS_2023__p84__c1,train
QA_008,"Yeh Section 314 IPC mein likha hai, agar kisi ne ek pregnant lady ke miscarriage hone ki intention se kuch kiya aur usse lady ki death ho gayi toh usko kya punishment milegi?",code_mixed,Criminal Law,Indian Penal Code 1860,"Okay, so according to Section 314 of the Indian Penal Code (IPC), if someone intentionally tries to cause a miscarriage of a pregnant woman, and as a result, the woman dies, then that person faces a serious punishment. The law says they can be imprisoned for up to ten years – that’s a pretty long time, and it can be either type of imprisonment, you know, with or without hard labour. Plus, they’ll also have to pay a fine. It’s a significant penalty, showing how seriously the law takes actions that harm pregnant women. For example, imagine a situation where someone, with the intention of forcing a miscarriage, performs a harmful act on a pregnant woman, and tragically, she passes away. In that case, this section would apply. The key here is the 'intent' – it has to be proven that the person *intended* to cause the miscarriage.  This section specifically addresses the consequences when that intent leads to the woman's death.  It’s a very specific and impactful provision within the IPC.","Indian Penal Code, Section 314",Safe,procedural,IPC_1860__p141__c0,train
QA_009,"Court attachment order aane ke baad, agar property perishable hai toh kya hota hai? Court kya kar sakta hai?",code_mixed,Criminal Law,Code of Criminal Procedure 1973,"Okay, so according to the Code of Criminal Procedure, 1973, if the court orders attachment of property and that property is either live-stock or something that will spoil quickly – perishable nature mein hai, like fruits or vegetables – then the court has the power to order an immediate sale. It's not mandatory, but the court *may* do it if they think it's necessary, you know, for the best outcome.  The important thing is that the money from that sale, the proceeds, will still be subject to the court's final order. It doesn't just disappear.  Think of it this way: imagine a farmer’s cows are attached. If they aren’t sold quickly, they’ll become unhealthy and less valuable. The court might order a quick sale to ensure the value is preserved.  This is to prevent the property from losing its value before the case is resolved. The receiver's responsibilities, as mentioned in section 6, are the same as those under the Code of Civil Procedure, 1908.  So, they have to act responsibly and according to the law. Section 5 specifically addresses this situation.  It’s all about protecting the interests of everyone involved.","Code of Criminal Procedure, 1973 Section 5, 6",Safe,procedural,CrPC_1973__p50__c1,val
QA_010,"Okay, so if I apply for plea bargaining, and I tell the court some things, can police use those things against me later in court, yaani?",code_mixed,Criminal Law,Bharatiya Nagarik Suraksha Sanhita 2023,"According to the Bharatiya Nagarik Suraksha Sanhita (BNSS) 2023, the answer is a clear no. Section 299 specifically states that any statements or facts you, as the accused, provide in your application for plea bargaining, filed under Section 290, cannot be used against you for anything else. It's strictly limited to the purpose of this Chapter on plea bargaining. So, whatever you disclose while seeking a plea bargain is protected. For example, let's say you admit to a lesser role in a crime during plea bargaining to get a lighter sentence. The police cannot then use that admission to argue for a harsher punishment in the main trial. This is a crucial safeguard to encourage accused individuals to participate in plea bargaining without fear of their disclosures being weaponized. However, this protection doesn't apply to juveniles or children, as clarified in Section 300, which excludes this Chapter's application to them as defined by the Juvenile Justice Act. It's a very important point to remember.","Bharatiya Nagarik Suraksha Sanhita 2023, Sections 299 & 300",Safe,procedural,BNSS_2023__p107__c0,train
QA_011,"Yaar, Constitution mein likha hai ki humein desh ke liye kya-kya karna chahiye? Specifically, agar mujhe national service ke liye call aate toh main kya kar sakta hoon?",code_mixed,Constitutional Law,Constitution of India,"Okay, so according to Part IVA of the Constitution of India, Article 51A lays out our fundamental duties. Basically, it's what we, as citizens, are expected to do. One of the key things it mentions is defending the country and rendering national service when called upon. This doesn't necessarily mean joining the army, you know? It could be anything from volunteering during a natural disaster like a flood or earthquake, assisting in relief efforts, or even contributing your skills to a national project. For example, if there's a nationwide campaign for digital literacy, and the government asks for volunteers to teach basic computer skills, that would fall under rendering national service. The Constitution doesn't specify *how* this service should be rendered, just that it *should* be. It’s a broad responsibility to contribute to the nation's well-being. It’s all about upholding the sovereignty, unity and integrity of India, right? This duty is alongside respecting the Constitution and promoting brotherhood amongst all Indians. Constitution of India, Article 51A.","Constitution of India, Article 51A",Safe,procedural,Constitution_of_India__p25__c0,train
QA_012,"Okay, so, agar koi accused hai, jo article 356 ke under emergency time mein kuch kiya, toh State Government ki jagah Central Government ka power apply hoga, right? But yeh exactly kaise work karega? Explain karo thoda.",code_mixed,Criminal Law,Code of Criminal Procedure 1973,"Yes, you're right. According to the Code of Criminal Procedure, 1973, Section 1(1) provides a specific exception. If someone commits an alleged offence during a period when a Proclamation under Article 356 of the Constitution is in force in a State, then the power that would normally rest with the State Government, as mentioned in clause (b) of that section, is substituted with the Central Government. Basically, the Central Government takes over the authority in that specific situation. This is to ensure a more streamlined and potentially quicker legal process during times of emergency declared under Article 356. For example, if a government official commits a crime during President's Rule in a state, the Central Government, not the State Government, would be involved in the sanctioning process. The Explanation clarifies that even in these cases, no prior sanction is required for a public servant accused under a specific section. This provision is designed to address the unique circumstances arising during constitutional emergencies.","Code of Criminal Procedure, 1973, Section 1(1) & Explanation",Safe,procedural,CrPC_1973__p100__c0,train
QA_013,"Yaar, agar koi escape kiya convict hai, toh police ko arrest warrant kahan se milna chahiye aur woh warrant kisko de sakte hain?",code_mixed,Criminal Law,Bharatiya Nagarik Suraksha Sanhita 2023,"Okay, so according to the Bharatiya Nagarik Suraksha Sanhita 2023, if a convict has escaped, the Chief Judicial Magistrate or a Magistrate of the first class can issue an arrest warrant. Now, this warrant doesn't have to go to just one person, right? Section 75(1) clearly states that the Magistrate can direct it to *any* person within their local jurisdiction. This means they can give it to a police officer, or even multiple officers.  And the important thing is, whoever receives the warrant – whether it's one person or many – they are legally obligated to execute it, meaning they have to carry out the arrest. For example, if a convict escapes from a jail in Delhi, the Magistrate in Delhi can issue a warrant and send it to any police station within Delhi's jurisdiction to arrest the convict.  Section 75(2) also clarifies that if the warrant is given to multiple officers, any one or all of them can execute it. Basically, the Magistrate has the power to delegate this responsibility. It's all about ensuring the convict is apprehended quickly.  The key is local jurisdiction. Apni specific situation ke liye ek qualified lawyer se zaroor milein.","Bharatiya Nagarik Suraksha Sanhita 2023, Section 75",Safe,procedural,BNSS_2023__p36__c1,train
QA_014,"Okay, so, agar koi ladki rape ka case register karwaati hai aur woh incident police custody mein hua hai, toh kya hota hai? Magistrate ko kya karna padega?",code_mixed,Criminal Law,Code of Criminal Procedure 1973,"Basically, according to the Code of Criminal Procedure, 1973, if a woman alleges rape and the incident happened while she was in police custody – or any other custody authorized by a Magistrate or Court – then a special inquiry has to be conducted. This inquiry isn't just the regular police investigation; it's a separate process handled by a Judicial Magistrate or Metropolitan Magistrate, depending on the area. The Magistrate has to record the evidence, which is crucial.  It's all about ensuring a fair and thorough examination of what happened. For example, imagine a situation where a woman is detained for a minor offense and alleges rape while in custody. The Magistrate *must* initiate this inquiry. The inquiry is held within the local jurisdiction where the alleged offence took place. This is an additional layer of scrutiny to protect the rights of the woman and ensure accountability. The passage doesn't specify *what* evidence is recorded, just that it *will* be recorded. It’s a procedural safeguard.  This is all laid out in Section 1(1A) of the Code of Criminal Procedure.","Code of Criminal Procedure 1973, Section 1(1A)",Safe,procedural,CrPC_1973__p94__c0,val
QA_015,"Yeh batao, agar koi civil court ka final judgement pronounce kar de toh usko India ke kisi bhi jagah execute kar sakte hain na? Aur iske proof ke liye kya rules hain?",code_mixed,Constitutional Law,Constitution of India,"Haan, bilkul! Constitution ke according, civil courts ke final judgments ya orders, jo India ke kisi bhi territory mein pronounce kiye jaate hain, woh us territory ke kisi bhi part mein law ke according execute kiye jaa sakte hain. Iska matlab hai ki agar koi court decision le ke, toh usko poore desh mein enforce kiya ja sakta hai. Article 262, clause (3) mein yeh clear hai.  Par iske proof ke liye aur isko kaise determine karenge, yeh Parliament ke law se decide hoga.  Koi specific rule yahan mention nahi kiya gaya hai, lekin Parliament iske liye rules bana sakti hai.  For example, agar Delhi ki court ne kisi property ka ownership decide kiya, toh woh decision Rajasthan mein bhi enforce kiya ja sakta hai, provided ki law isko allow karta hai.  Yeh process law ke according hogi, jo Parliament define karegi.  Isliye, iske details ke liye relevant Acts aur sections ko check karna zaroori hai.  Parliament iske liye specific rules bana sakti hai, jo time-time pe change bhi ho sakte hain.","Constitution of India, Article 262 (2) & (3)",Safe,procedural,Constitution_of_India__p159__c0,test
QA_016,"Yaar, agar kisi government authority ne koi decision liya jo mujhe wrong lag raha hai, toh main High Court se kaise contact kar sakta hoon? Kya woh mujhe mandamus ya certiorari type ki writ issue kar sakte hain?",code_mixed,Constitutional Law,Constitution of India,"Okay, so according to the Constitution, if you feel a government authority or person has taken a decision that's impacting your rights, you can approach the High Court. The Constitution, specifically Article 32 (as implied from the passage), gives the High Courts the power to issue directions, orders, or writs – like habeas corpus, mandamus, prohibition, quo warranto, and certiorari – to enforce the rights mentioned in Part III of the Constitution, or for any other purpose.  Importantly, the High Court can exercise this power even if the issue, or part of it, happened within their jurisdiction.  

For example, let's say a municipal corporation denies you a building permit unfairly. You can file a writ petition in the High Court seeking a mandamus, which is an order directing the corporation to reconsider your application. The passage clearly states this power isn't limited to just rights under Part III; it's broader.  The High Court's power extends to any government, authority, or person.  It's a crucial safeguard against arbitrary actions. Constitution of India, Article 32 (1) & (2).","Constitution of India, Article 32 (1) & (2)",Safe,procedural,Constitution_of_India__p113__c0,train
QA_017,"Yeh Pradhan Mantri Awas Yojana mein 'AHP' ka matlab kya hota hai? Aur is scheme ke under, kaunse departments involve hote hain?",code_mixed,Government Schemes,Pradhan Mantri Awas Yojana Guidelines,"Okay, so 'AHP' in Pradhan Mantri Awas Yojana stands for Affordable Housing in Partnership. Basically, it means the government is partnering with private developers, or even NGOs, to build affordable houses. The scheme guidelines, as mentioned, have several key departments involved. You've got the Mission Directorate (MD) which is like the main controlling body. Then there's the Ministry of Housing and Urban Poverty Alleviation (MoHUPA), which is responsible for overall policy and direction.  The Building Materials & Technology Promotion Council (BMTPC) is also involved, likely focusing on using efficient building materials.  And importantly, City Development Plans (CDP) are crucial – each city needs a CDP to outline how the scheme will be implemented locally.  For example, a developer might partner with the local municipal corporation, following the CDP, to build low-income housing units.  Memorandums of Agreement (MoA) and Memorandums of Understanding (MoU) are also used to formalize these partnerships.  It's all about collaboration to achieve the goal of affordable housing.  There's no specific Act or Section cited in this passage, it's purely guidelines.",Pradhan Mantri Awas Yojana Guidelines - No specific Act or Section,Safe,definitional,PMAY_Guidelines__p6__c0,train
QA_018,Yeh Pradhan Mantri Matru Vandana Yojana (PMMVY) mein capacity building ka matlab kya hai? Aur iske liye kaun responsible hai?,code_mixed,Government Schemes,Pradhan Mantri Matru Vandana Yojana Guidelines,"Okay, so according to the PMMVY guidelines, capacity building basically means training and educating everyone involved in the scheme. It's not just about knowing the rules, but also making sure all the functionaries – from the State/UT level down to the people working at the grassroots – are well-versed in PMMVY. The scheme has specifically set aside provisions at both the State/UT and District levels, with dedicated PMMVY Cells, to handle these capacity building and IEC (Information, Education, and Communication) activities. Ideally, these workshops should be done together with the Health Department, you know, to make sure everything is coordinated. For example, if aanganwadi workers aren't properly trained on how to identify eligible beneficiaries or explain the benefits, then the scheme won't reach the right people. This is why the State/UT and District PMMVY Cells are crucial for organizing these sensitization workshops. It's all about ensuring everyone understands and can effectively implement the PMMVY. There's no specific Act or Section mentioned in this passage, it's purely within the PMMVY guidelines themselves.","Pradhan Mantri Matru Vandana Yojana Guidelines, Section 7.1",Safe,procedural,PMMVY_Maternity_Scheme__p32__c0,train
QA_019,"Okay, so let's say, agar koi government official, like a tax inspector, bina permission ke mere computer se data access karta hai aur phir woh data kisi ko leak kar deta hai, toh usko kya hoga? What's the penalty?",code_mixed,Consumer and Cyber Law,Information Technology Act 2000,"According to the Information Technology Act, 2000, if a person, including a government official, who has accessed electronic records, documents, or any other material under the powers of the Act, rules, or regulations, discloses that information to another person without consent, they are liable to a penalty. The penalty can extend up to five lakh rupees. This is specifically addressed within the Act. For example, imagine a government employee accessing your business records during an audit, and then sharing that confidential information with a competitor – that would be a breach of this law. The Act aims to protect the confidentiality of information accessed legally. It’s important to understand that this section focuses on the disclosure itself, not necessarily the initial unauthorized access, although that could be a separate issue. The law is designed to prevent misuse of information obtained through official channels.  It’s a serious offense with significant financial repercussions.","Information Technology Act, 2000, Section 72A",Safe,procedural,IT_Act_2000__p28__c1,train
QA_020,"Main ek Indian couple hoon, aur hum ek bachche ko adopt karna chahte hain. Adoption ke liye humara procedure kya hoga, especially agar hum India mein hi rehte hain?",code_mixed,Children's Rights,Juvenile Justice (Care and Protection of Children) Act 2015,"Okay, so you're an Indian couple wanting to adopt, and you're living in India. According to the Juvenile Justice (Care and Protection of Children) Act, 2015, the procedure for adoption by Indian prospective adoptive parents living in India is outlined in Section 58. Basically, you'll need to go through a formal process. This involves applying to the appropriate authorities, undergoing assessments to determine your suitability, and then being matched with a child who is legally available for adoption. The Act doesn't detail the exact steps, but it implies a structured process managed by designated agencies. For example, let's say a child is declared legally free for adoption after all attempts to trace and rehabilitate their biological family fail. Then, agencies will consider couples like you who meet the eligibility criteria as per Section 57. The entire process is designed to ensure the child's best interests are prioritized. It's a detailed and regulated process, so understanding the specific guidelines is crucial. The Act also covers inter-country adoption (Section 59) but that's a different procedure altogether.","Juvenile Justice (Care and Protection of Children) Act, 2015, Sections 57 & 58",Safe,procedural,Juvenile_Justice_Act_2015__p3__c0,train
QA_021,"Yaar, agar investigating officer ko lagta hai ki koi evidence India ke bahar, kisi dusre country mein hai, toh vo kya kar sakta hai? Court ko batayega? Aur phir kya hota hai?",code_mixed,Criminal Law,Code of Criminal Procedure 1973,"Okay, so according to the Code of Criminal Procedure, 1973, if an investigating officer – or someone higher up, like the DSP or SP – believes that crucial evidence related to a case might be located outside of India, in another country or place, they can actually request the court to do something specific. The court, any Criminal Court, can then issue a 'letter of request'. This letter is sent to a court or authority in that foreign country or place. Basically, it's a formal request asking them to help with the investigation. The passage doesn't specify *what* the letter contains, just that it's a request.  It's important to note that this is happening *during* an investigation, not after. For example, imagine a fraud case where the money was transferred to a bank account in Switzerland. The investigating officer could request a letter of request to the Swiss authorities to access those bank records. This is all under Section 166A of the CrPC. It's a process to get foreign cooperation in criminal investigations.  It's a crucial provision for cross-border crime investigations. Apni specific situation ke liye ek qualified lawyer se zaroor milein.","Code of Criminal Procedure, 1973 Section 166A",Safe,procedural,CrPC_1973__p85__c0,val
QA_022,"Okay, so if a sanctioning authority, like a government official, doesn't give permission for a case within 90 days, what happens? Does the case automatically move forward?",code_mixed,Criminal Law,Code of Criminal Procedure 1973,"According to the Code of Criminal Procedure, 1973, if a sanctioning authority receives a proposal for sanction, they are legally obligated to make a decision within ninety days. This is a crucial point. The passage specifically states that if they fail to do so – meaning they don’t approve or deny the proposal within that timeframe – the sanction is *deemed* to have been accorded. Basically, it's treated as if they had given permission.  So, yes, the case can move forward. For example, imagine a case involving allegations against a public servant. The prosecution needs sanction to proceed. If the sanctioning authority drags their feet for over 90 days, the law says they’re considered to have given the go-ahead. This is to prevent undue delays in justice. It’s a safeguard against authorities blocking investigations.  This provision is found under Section 157 of the Code of Criminal Procedure, 1973. It’s important to understand this procedural aspect.","Code of Criminal Procedure, 1973 Section 157",Safe,procedural,CrPC_1973__p79__c1,test
QA_023,Yeh Rights of Persons with Disabilities Act 2016 mein likha hai ki awareness campaigns kaise chalane chahiye? Chief Commissioner ya State Commissioner ki role kya hai ismein?,code_mixed,PWD Rights,Rights of Persons with Disabilities Act 2016,"According to the Rights of Persons with Disabilities Act 2016, Section 2(1), the Chief Commissioner or the State Commissioner – whichever applies – has a responsibility to conduct, encourage, support, or promote awareness campaigns and sensitisation programmes. The whole point is to make sure the rights of people with disabilities, as mentioned in this Act, are protected. These programmes aren't just about spreading information; they're also meant to promote values like inclusion, tolerance, empathy, and respect for diversity.  It’s about recognizing the skills, merits, and abilities of people with disabilities and acknowledging their contributions to society. For example, a campaign could focus on showcasing successful entrepreneurs with disabilities to inspire others and break down stereotypes. The Act emphasizes that these campaigns should actively foster a more accepting and supportive environment.  Basically, it’s a proactive approach to ensuring equal rights and opportunities. The Act wants to shift the mindset and create a more inclusive India.  It’s a continuous effort to educate and sensitize the public.","Rights of Persons with Disabilities Act 2016, Section 2(1) & 2(2)(a) & 2(2)(b)",Safe,procedural,RPWD_Act_2016__p17__c1,train
QA_024,"Yaar, agar police kisi ki property seize kar le, toh unko kitne time tak usko hold karne ka right hai? Aur agar koi claim nahi karta toh kya hota hai?",code_mixed,Criminal Law,Bharatiya Nagarik Suraksha Sanhita 2023,"Okay, so according to the Bharatiya Nagarik Suraksha Sanhita 2023, if the police seize property, there's a specific procedure they need to follow. Section 503 outlines this procedure. Now, the important thing is, if no claimant comes forward to claim the seized property within six months, Section 504 comes into play. Basically, the police then have the power to do something with it. They can decide what to do with the property after that six-month period. For example, let's say police seize some fruits from a vendor suspecting illegal trade. If the vendor or anyone else doesn't claim those fruits within six months, the police can then take steps to dispose of them. The Act doesn't specify *how* they dispose of it, just that they *can*. It's all about ensuring that seized property isn't just left to rot and that the state can manage it properly.  It's a process designed to handle unclaimed assets.  Remember, this is just about seizure and unclaimed property, nothing about arrest or other legal matters.  The Act details the process, but the specifics of disposal are likely governed by other regulations. Apni specific situation ke liye ek qualified lawyer se zaroor milein.","Bharatiya Nagarik Suraksha Sanhita 2023, Sections 503 & 504",Safe,procedural,BNSS_2023__p15__c0,train
QA_025,"Yaar, suppose A ne Z ki property, woh sochke le li ki apna hi hai, lekin woh actually B ke paas thi. Toh kya A ne theft kiya, aur usko kiti saal jail hogi?",code_mixed,Criminal Law,Indian Penal Code 1860,"Okay, so according to the Indian Penal Code, 1860, if A takes property believing it to be his own, even if it actually belongs to Z and is in B's possession, then A *doesn't* commit theft. The key here is 'dishonesty'. The passage clearly states that if A doesn't take the property dishonestly, he isn't guilty of theft.  Think of it like this: imagine A finds a lost wallet, believes it's his, and takes it home. He's not trying to steal, he genuinely thinks it's his.  That wouldn't be theft.  However, if he *knew* it belonged to someone else and took it anyway, that *would* be theft.  The law, as described in Section 379, says that if someone *does* commit theft, they can be imprisoned for up to three years, fined, or both. Section 380 then mentions theft in a dwelling house, but that's not relevant to this specific scenario. So, in your example, A wouldn't face any punishment for theft under these circumstances.  It's all about the intention behind the action.","Indian Penal Code, 1860, Sections 379 & 380",Safe,procedural,IPC_1860__p171__c0,train
QA_026,"Yaar, agar forensic department kisi case mein ek report banaata hai, toh kya woh report mein likhe data ko court mein use kar sakte hain? Aur woh examination ke process ke baare mein bhi bata sakte hain kya?",code_mixed,Criminal Law,Code of Criminal Procedure 1973,"Okay, so according to the Code of Criminal Procedure, 1973, it's actually allowed. Basically, if you have someone from a forensic department – like a Forensic Science Laboratory officer, or the Government Examiner of Questioned Documents, or even someone from a Note Printing Press – they *can* give evidence based on unpublished official records that their report is built on.  And get this, they can also tell the court about the specific tests they used while examining the evidence. It's not like they have to keep everything completely secret.  For example, if a forensic expert analyzed a questioned document and used a specific chemical test to reveal hidden writing, they can explain that test to the court. This helps the court understand the basis of their findings.  The law specifically permits this disclosure to ensure transparency and allow for proper scrutiny of the evidence presented.  It’s all about making sure the process is fair and the court has all the necessary information.  This is all under the Code of Criminal Procedure, 1973. Apni specific situation ke liye ek qualified lawyer se zaroor milein.","Code of Criminal Procedure 1973, Section (a) and (b)",Safe,procedural,CrPC_1973__p130__c1,train
QA_027,"Yeh MGNREGA ka State Fund, actually kaise use hota hai? State Government ke paas ismein kitni powers hain?",code_mixed,Labour and Social Welfare,Mahatma Gandhi National Rural Employment Guarantee Act 2005,"Okay, so according to the Mahatma Gandhi National Rural Employment Guarantee Act, 2005, the State Fund is basically the money set aside for implementing the MGNREGA scheme. Section 2 tells us that the State Government has a lot of control over how this money is spent. They can prescribe the conditions, limitations, and the manner in which the fund is used. It's not just a free-for-all, you see. They decide how it's implemented, and also how the administrative expenses related to the Act are covered. Think of it like this: let's say a state wants to use a portion of the fund to provide training to local workers on building check dams. The State Government would need to set rules about the training program, the amount spent per worker, and how the project's success will be measured, all within the framework of the Act. The State Fund is held and administered by an authority designated by the State Government, acting on behalf of the government itself. It's all about ensuring proper management and accountability. Basically, the State Government is the boss when it comes to this fund’s usage.","MGNREGA Act, 2005, Section 2",Safe,procedural,NREGA_2005__p10__c1,train
QA_028,"Magistrate ko koi order dene ke baad, agar koi usko follow nahi karta toh Magistrate kya kar sakta hai? Aur penalty kya hota hai?",code_mixed,Criminal Law,Code of Criminal Procedure 1973,"Okay, so according to the Code of Criminal Procedure, 1973, if a Magistrate issues an order and the person against whom the order was made doesn't follow it, the Magistrate has some options. First, the notice itself has to clearly tell the person what they need to do and by when. It also needs to mention that if they don't comply, they can face a penalty under Section 188 of the Indian Penal Code. Basically, it's a warning. If the person *still* doesn't do what the Magistrate ordered within the given timeframe, the Magistrate can actually get the work done themselves. They can arrange for someone else to perform the act. And then, they can recover the costs of doing so. This can be done by selling property – like a building or goods – that the Magistrate ordered to be removed, or even through distress and sale of other property. For example, imagine a Magistrate orders someone to remove a blockage from a public drain. If they don't, the Magistrate can hire someone to clear it and charge the person for the cost. This is all under the Code of Criminal Procedure, Section 188 of the Indian Penal Code is also relevant. Apni specific situation ke liye ek qualified lawyer se zaroor milein.","Code of Criminal Procedure 1973, Section 188 of the Indian Penal Code (45 of 1860)",Safe,procedural,CrPC_1973__p74__c0,test
QA_029,"Yaar, agar koi shahar mein ruckus kar raha hai aur police ko pata chala, toh police kya kar sakti hai? Kya woh usko jail mein daal sakte hain bina koi process follow kiye?",code_mixed,Criminal Law,Code of Criminal Procedure 1973,"Okay, so according to the Code of Criminal Procedure, 1973, if police get information about a probable breach of the peace – meaning someone is creating a disturbance – they can issue a summons, as per Form No. 14. This is basically a notice asking the person to appear. If that person doesn't comply, or if the police feel the situation warrants it, they can then proceed to try and get a bond. There are two types: a bond to keep the peace (Form No. 12) or a bond for good behaviour (Form No. 13).  If the person fails to provide security for either of these bonds, the police can obtain a warrant of commitment – either to keep the peace (Form No. 15) or for good behaviour (Form No. 16).  For example, imagine a group causing a fight in a public park. Police might first issue a summons, then try to get a bond. If they refuse, a warrant could be issued.  The passage doesn't mention anything about arrest without process, only about these forms and warrants related to maintaining peace. It also mentions warrants for imprisonment related to maintenance payments (Forms 18 & 19), but that's a different scenario.  The whole process is designed to ensure public order. Code of Criminal Procedure, 1973, Forms 12-16.","Code of Criminal Procedure, 1973, Forms 12, 13, 14, 15, 16",Safe,procedural,CrPC_1973__p19__c0,train
QA_030,"Okay, so, agar kisi ko sentence mile, toh 'appropriate Government' ka matlab kya hota hai? And kaun decide karta hai ki sentence commute kar sakte hain ya nahi?",code_mixed,Criminal Law,Code of Criminal Procedure 1973,"The Code of Criminal Procedure, 1973, Section 433 talks about the power to commute a sentence. Now, the key term here is 'appropriate Government'. Basically, it means different things depending on the crime. If the sentence is for an offence related to something that falls under the Central Government’s executive power – like, say, a national security law – then the Central Government is the 'appropriate Government'. They have the power to decide on commuting the sentence. But, if it's a crime under state law, like a theft case, then the Government of the State where the person is sentenced becomes the 'appropriate Government'. They are the ones who can consider commuting the sentence.  It's important to note that this decision can be made *without* the consent of the person who has been sentenced. For example, if someone is convicted under the National Security Act, the Central Government would be the appropriate authority to consider commuting their sentence.  Section 433 gives this power to the appropriate Government. Apni specific situation ke liye ek qualified lawyer se zaroor milein.","Code of Criminal Procedure 1973, Section 433",Safe,procedural,CrPC_1973__p179__c0,train
QA_031,"Yaar, suppose I got married again after my first wife is still alive. What kind of trouble I'm in? And what does the law say about it, exactly?",code_mixed,Criminal Law,Bharatiya Nagarik Suraksha Sanhita 2023,"Okay, so according to the Bharatiya Nagarik Suraksha Sanhita 2023, Section 82, if you marry again while your husband or wife is still living, you're looking at imprisonment for seven years and a fine. It's a non-cognizable and bailable offence, meaning police can't arrest you without a warrant, and you can get bail. Now, if you also hid the fact that you were already married from the person you married the second time, the punishment gets tougher – ten years imprisonment and a fine. This is also non-cognizable and bailable, and the Magistrate of the first class handles these cases.  For example, let's say Rahul got divorced but didn't formally get the divorce finalized. He then marries Priya, not telling her about the pending divorce.  He could face the ten-year penalty under Section 82(2).  The law also covers situations where someone pretends to get married with a fraudulent intention, knowing they aren't legally allowed to marry – that carries a maximum imprisonment of seven years and a fine.  All these offences are handled by the Magistrate of the first class.","Bharatiya Nagarik Suraksha Sanhita 2023, Section 82",Safe,procedural,BNSS_2023__p179__c0,train
QA_032,"Yeh Pradhan Mantri Awas Yojana mein 'in-situ' slum redevelopment projects ke liye, implementing agency kaun ho sakta hai? Kya sirf Municipal Corporation hi kar sakta hai?",code_mixed,Government Schemes,Pradhan Mantri Awas Yojana Guidelines,"Okay, so according to the PMAY guidelines, Annexure 7A, the implementing agency for 'in-situ' slum redevelopment projects is not limited to just the Municipal Corporation. It can be a few different things, actually. It could be an Urban Local Body, a Development Authority, a Housing Board, an Urban Improvement Trust, a Designated Slum Rehabilitation Agency, *or* even a Private agency or Developer. Basically, whoever the state government decides is best suited to handle the project. The SLSMC (State Level Sanctioning and Monitoring Committee) approves the project, and they’ll decide who the implementing agency will be. For example, imagine a state wants to redevelop a slum in Jaipur. They might choose a private developer with experience in affordable housing, rather than relying solely on the Jaipur Development Authority. The key is that the agency needs to be designated and approved by the SLSMC. The project cost, which is mentioned in Rupees (in Lakhs), is also a crucial factor in this decision-making process. It's all about finding the right partner to execute the project effectively.","Pradhan Mantri Awas Yojana Guidelines, Annexure 7A, Para 14.5",Safe,procedural,PMAY_Guidelines__p47__c0,train
QA_033,"Court ko mutual settlement ke liye notice kaise send karna hai? Specifically, agar case police report pe start hua hai toh kaun logon ko notice hona chahiye?",code_mixed,Criminal Law,Code of Criminal Procedure 1973,"Okay, so according to the Code of Criminal Procedure, 1973, Section 265C, when the court is trying to reach a mutually satisfactory settlement – you know, a compromise – under clause (a) of sub-section (4) of Section 265B, there's a specific procedure they need to follow.  If the case started based on a police report, the court *has* to send notices.  It's not optional!  They need to send notices to four parties: first, the Public Prosecutor, who represents the state; second, the police officer who actually investigated the case; third, the accused person, the one facing the charges; and finally, the victim of the case.  All four need to be invited to participate in a meeting to discuss the possibility of a settlement.  For example, imagine a case of petty theft – say, someone stole a mobile phone. The court might try to get the accused to compensate the victim and then drop the charges.  This is the process the court must follow to ensure fairness.  It’s all about giving everyone a chance to be heard before a decision is made.  This is crucial for a fair trial.  Apni specific situation ke liye ek qualified lawyer se zaroor milein.","Code of Criminal Procedure, 1973 Section 265C",Safe,procedural,CrPC_1973__p123__c0,test
QA_034,"Okay, so, agar High Court ya Sessions Judge ne kisi case mein ek order pass kiya hai, toh kya main dusre court mein wahi application phir se file kar sakta hoon? Basically, can I keep applying again and again?",code_mixed,Criminal Law,Bharatiya Nagarik Suraksha Sanhita 2023,"According to the Bharatiya Nagarik Suraksha Sanhita 2023, Section 439, the answer is no. The law specifically states that once you, as an individual, have made an application under this section – either to the High Court or the Sessions Judge – they won't entertain any further applications from you on the same matter. It's a one-shot deal, you see? This is to prevent unnecessary delays and clogging up the courts with repetitive requests.  Think of it like this: suppose you apply to the Sessions Judge for bail, and they reject it. You can't then immediately go to the High Court and file *another* application on the exact same grounds. You'd have to explore other legal avenues. The law is clear about this, particularly concerning interlocutory orders passed during appeals, inquiries, or trials.  This restriction applies to the powers of revision mentioned in sub-section (1) of Section 439 as well. It’s all about streamlining the legal process.  So, one application only, understand?","Bharatiya Nagarik Suraksha Sanhita 2023, Section 439",Safe,procedural,BNSS_2023__p149__c1,train
QA_035,"Yaar, suppose someone deliberately gives fake evidence in court, like in a regular case, not a court-martial. Kitna time tak jail ho sakta hai unko?",code_mixed,Criminal Law,Indian Penal Code 1860,"Okay, so according to the Indian Penal Code, 1860, if someone intentionally gives or fabricates false evidence in any case that isn't a court-martial, they can face a pretty serious punishment. The law says they'll be imprisoned for a term that can go up to three years. And on top of that, they'll also have to pay a fine. It's a significant penalty designed to discourage people from lying under oath. For example, imagine someone falsely accuses their neighbor of stealing something just to get back at them. If that false testimony is presented in court, that person could be charged under this section. The law specifically addresses this kind of behavior to ensure the integrity of the judicial process. It's important to remember that this applies to cases outside of military courts, as explained in the code. The punishment is meant to deter such actions and protect the fairness of legal proceedings.  This is all covered under the Indian Penal Code, 1860.","Indian Penal Code, 1860 - Section (Implied, not explicitly stated in passage, but refers to the general provision)",Safe,procedural,IPC_1860__p87__c0,test
QA_036,"Okay, so, Constitution mein likha hai ki 1992 ke amendment se pehle jo Municipalities laws chal rahe the, unmein kuch provisions agar is Part se clash karte hain toh kya hota hai? Kya woh laws automatically invalid ho jaate hain?",code_mixed,Constitutional Law,Constitution of India,"The Constitution of India, specifically Section 243ZF, addresses this very point. It basically says that if a State had existing laws regarding Municipalities *before* the Constitution (Seventy-fourth Amendment) Act, 1992 came into effect, and those laws have some parts that don't match up with the new rules in this Part, those old laws *don't* automatically become invalid. They continue to be valid.  However, there's a catch! They'll stay in force either until the State Legislature or some other authority changes or removes them, *or* until one year passes from the date the 1992 Amendment started. Whichever happens first.  So, it's a temporary arrangement. For example, imagine a state had a law about how property taxes were collected by a Municipality. If that law slightly differs from the new guidelines, it won't be scrapped immediately; it'll continue until the state amends it or a year passes.  The key is that existing Municipalities continue to operate under the old laws during this transition period.  It's a grace period for states to adjust their laws.","Constitution of India, Section 243ZF",Safe,procedural,Constitution_of_India__p149__c0,train
QA_037,"Yaar, National Trust ke officials, jaise CEO ya members, agar woh Act ke under kuch kar rahe hain toh kya unko public servant mana jayega? Aur 'good faith' ka matlab kya hai, Indian Penal Code ke hisaab se?",code_mixed,PWD Rights,"National Trust for Welfare of Persons with Autism, Cerebral Palsy, Mental Retardation and Multiple Disabilities Act 1999","Okay, so according to the National Trust Act, 1999, it's pretty clear. Section 32 states that all members, the Chief Executive Officer (CEO), and other officers and employees of the Trust are considered public servants *when* they are acting or claiming to act under the provisions of this Act. Basically, if they're doing something related to the Trust's work, they're treated like public servants under Section 21 of the Indian Penal Code. 

Now, about 'good faith'. Section 31 explains that 'good faith' will have the same meaning as it does in the Indian Penal Code (45 of 1860). So, you'd need to refer to the IPC to understand the precise legal definition. For example, if a Trust member makes a decision believing it's in the best interest of the beneficiaries, even if it later turns out to be wrong, they might be acting in good faith. It's about honest intention, not necessarily a perfect outcome. This is important because it affects how their actions are judged legally. The Act specifically links these definitions to existing laws. 

Cited Sections: National Trust Act, 1999 - Sections 31 & 32","National Trust Act, 1999 - Sections 31 & 32",Safe,procedural,National_Trust_Act_1999__p11__c0,train
QA_038,"Okay, so, Protection of Children from Sexual Offences Act mein 'use a child' ka matlab kya hota hai? Aur agar koi bachche ko pornographic material banane ke liye involve karta hai, toh usko kitna saal jail ho sakta hai?",code_mixed,Children's Rights,Protection of Children from Sexual Offences Act 2012,"According to the Protection of Children from Sexual Offences Act, 2012, 'use a child' means involving a child in any way – whether it's through print, electronic media, computers, or any other technology – for creating, producing, offering, sending, publishing, helping, or sharing pornographic material. Basically, anything that exploits a child for sexual content falls under this definition.  Section 14 of the Act clearly states that if someone uses a child for pornographic purposes, they will face a minimum imprisonment of five years.  And it's not just jail time; they'll also be liable to a fine. For example, imagine a photographer who convinces a young child to pose for sexually suggestive pictures and then distributes them online – that would be a clear violation of this law. The law is very strict about protecting children from such exploitation.  It aims to deter anyone from taking advantage of a child's vulnerability for creating or distributing harmful content.  This is a serious offense with significant consequences. Apni specific situation ke liye ek qualified lawyer se zaroor milein.","Protection of Children from Sexual Offences Act, 2012, Section 14",Safe,definitional,POCSO_2012__p9__c0,train
QA_039,"Yaar, mujhe yeh batao, agar ek state government open shelter establish karna chaahe, toh unko kya karna padega? Registration process kya hai?",code_mixed,Children's Rights,Juvenile Justice (Care and Protection of Children) Act 2015,"Okay, so according to the Juvenile Justice (Care and Protection of Children) Act, 2015, Section 43, the State Government has the power to set up and run open shelters. They can do this themselves, or they can partner with NGOs or voluntary organizations. The key thing is, these shelters *must* be registered. The Act doesn't specify the exact registration process – it just says it will be prescribed, meaning there will be a specific procedure laid out later. Basically, the government needs to follow whatever rules and regulations are put in place for registering these shelters. Think of it like this: suppose the government wants to help street children in Delhi. They could establish an open shelter in a community center, providing temporary housing and support. But before they can operate, they need to get it registered according to the prescribed manner. This ensures the shelter meets certain standards and operates legally. The whole point is to provide short-term residential support and protect children from harm. It's a community-based facility, not a long-term home.","Juvenile Justice (Care and Protection of Children) Act, 2015, Section 43",Safe,procedural,Juvenile_Justice_Act_2015__p28__c0,train
QA_040,"Judge ka matlab kya hota hai, according to the new law? Kya koi magistrate bhi judge mana jayega?",code_mixed,Criminal Law,Bharatiya Nyaya Sanhita 2023,"According to the Bharatiya Nyaya Sanhita 2023, Section 16, a 'Judge' is basically anyone officially designated as a Judge. But it's broader than just that! It includes individuals who are legally empowered to give a final judgment – a judgment that stands if no one appeals it, or a judgment that becomes final after confirmation by another authority.  So, it's not just about the title, it's about the power to deliver a definitive decision.  And yes, a magistrate can absolutely be considered a Judge under this definition.  For example, if a Magistrate has the power to sentence someone for a particular charge, they are exercising the powers of a Judge as defined here. They are empowered by law to give a judgment in that criminal proceeding. The key is that they have the legal authority to make a binding decision. This definition covers both individuals acting alone and those who are part of a larger body of people making a judgment collectively. It’s all about the legal power to deliver a final verdict.","Bharatiya Nyaya Sanhita 2023, Section 16",Safe,definitional,BNS_2023__p18__c0,train
QA_041,"Yaar, suppose main accidentally ek fake government stamp buy kar leta hoon, toh phir kya hoga? Will I get into trouble, and kitna trouble?",code_mixed,Criminal Law,Code of Criminal Procedure 1973,"Okay, so according to the Code of Criminal Procedure, 1973, having possession of a counterfeit government stamp is a bailable offense. That means you *can* get bail, but you'll still have to face charges. The magistrate of the first class handles these cases. Now, if you were to *sell* that fake stamp, or if you were to use it as if it's a genuine stamp, knowing it's fake, then the situation changes drastically. That's a much more serious offense. You could be looking at imprisonment for up to 7 years, or a fine, or even both! For example, imagine someone buys a fake stamp to avoid paying road tax – that’s using it as genuine, and they’d be in serious legal trouble. The law is very clear about making, buying, selling, or even effacing writing from a substance with a government stamp. It’s all considered a crime with varying degrees of punishment. It's important to understand the difference between possessing and using a counterfeit stamp. Possession is bailable, usage is not.","Code of Criminal Procedure, 1973 - Sections related to counterfeiting government stamps (specific section numbers not explicitly mentioned in the passage)",Safe,procedural,CrPC_1973__p208__c0,val
QA_042,"Yaar, suppose court ko pata chal jaaye ki koi property crime se earn ki gayi hai, toh kya hota hai? Aur agar koi company shares forfeit ho jaaye toh company ko kya karna padega?",code_mixed,Criminal Law,Code of Criminal Procedure 1973,"Okay, so according to the Code of Criminal Procedure, 1973, if the court finds that any property is 'proceeds of crime' – basically, money or assets gained through illegal activities – it will record that finding. And then, that property automatically gets forfeited to the Central Government. It's free from any loans or other claims, you know, 'free from all encumbrances' as it says.  For example, let's say someone got a huge amount of money through drug trafficking, and the court proves it. That money will be seized and given to the government. Now, if the forfeited property includes shares in a company, the company itself has to act.  Regardless of what's written in the Companies Act, 1956, or the company's own rules, they have to immediately register the change – the government now owns those shares. This is a pretty direct process, no messing around. It’s all laid out in Section 3 of the Code of Criminal Procedure, 1973.  The government gets the property, and the company has to update its records.","Code of Criminal Procedure, 1973 Section 3",Safe,procedural,CrPC_1973__p59__c1,train
QA_043,"Yeh Juvenile Justice Act, 2015 batao, agar koi bachcha, jo 18 se kam umar ka hai, usko arrest karte hain, toh uske saath kya hona chahiye? Process kya follow karna chahiye?",code_mixed,Children's Rights,Juvenile Justice (Care and Protection of Children) Act 2015,"Okay, so according to the Juvenile Justice (Care and Protection of Children) Act, 2015, when a child below 18, who is either alleged to be in conflict with the law or needs care and protection, is arrested, a child-friendly approach is absolutely crucial. The Act emphasizes ensuring their basic needs are met – proper care, protection, development, and rehabilitation. The whole process should be geared towards their best interests, not just punishment. It’s about social re-integration, you know? The Act aims to provide processes and institutions to facilitate this. For example, if a young boy is accused of petty theft, the focus shouldn't be immediately on jail time, but on understanding the reasons behind his actions and providing him with counseling and support to prevent future incidents. The Act wants to ensure that adjudication and disposal of these matters are done in a way that prioritizes the child's well-being and rehabilitation. It’s all about a supportive system, not just a punitive one. The Act consolidates and amends existing laws to achieve this goal.","Juvenile Justice (Care and Protection of Children) Act, 2015 - Entire Act",Safe,procedural,Juvenile_Justice_Act_2015__p6__c0,train
QA_044,"Yeh Mental Healthcare Act 2017 mein, Central Authority aur Boards ke paise kahan se aate hain? Unka expenses kaise cover hota hai?",code_mixed,PWD Rights,Mental Healthcare Act 2017,"Okay, so according to the Mental Healthcare Act 2017, the funds for the Central Authority and the Boards come from a few places. Primarily, it's used to pay the salaries, allowances, and other remuneration of the people working there – the chairperson, members, officers, and all the employees. Think of it like any other organization; you need to pay your staff, right?  Secondly, the Act also covers the expenses that the Central Authority and Boards incur while they're doing their job, basically fulfilling the purposes of this Act. For example, if the Board needs to conduct a meeting to decide on a patient's treatment plan, the cost of that meeting – travel, venue, etc. – would be covered by these funds. It’s all about ensuring they have the resources to function properly and support people with mental illness.  The Act doesn't specify *where* this money comes from, just *how* it's used. It’s all detailed in Chapter XII regarding admission, treatment and discharge.  It’s a crucial part of making sure these bodies can operate effectively.","Mental Healthcare Act 2017, Section 1(a), 1(b), 1(c), Chapter XII",Safe,procedural,Mental_Healthcare_Act_2017__p33__c1,test
QA_045,"Yar, RTI Act mein likha hai na, Central Information Commission (CIC) appeals kaise decide karta hai? Procedure kya hota hai, section mein mention hai kya?",code_mixed,Labour and Social Welfare,Right to Information Act 2005,"Okay, so according to the Right to Information Act, 2005, specifically section 19(10) and then the subsequent clauses referencing the Commissions, the procedure that the Central Information Commission or State Information Commission follows when deciding appeals is something that's prescribed. The Act itself doesn't detail *exactly* how they do it, but it states that a procedure *must* be adopted. Think of it like this: let's say you filed an RTI request, the Public Information Officer (PIO) denied it, and you appealed to the CIC. The CIC then has to follow a specific process – maybe they'll ask for more information, hear arguments from both sides, and then issue a decision. This process is what's being referred to here. Section 28 also gives the competent authority the power to make rules regarding this and other matters. Basically, the Act mandates a procedure, but the specifics are often laid out in rules made by the competent authority. It's all about ensuring fairness and transparency in the appeal process.","Right to Information Act, 2005, Section 19(10), Section 28",Safe,procedural,RTI_Act_2005__p22__c0,train
QA_046,"Okay, so, Mental Healthcare Act mein likha hai ki Board kaise banega? District mein Board banane ke liye kaunse factors consider karne hain, aur Board mein kaun-kaun hoga?",code_mixed,PWD Rights,Mental Healthcare Act 2017,"According to the Mental Healthcare Act, 2017, when forming a Board in a district, several things need to be considered. Section 73 mentions that the State government needs to look at the existing mental health facilities in the state, the number of people suffering from mental illness, the overall population of the district, and also the geographical and climatic conditions of that district. Basically, they want to make sure the Board is set up in a place that makes sense for the community’s needs. 

Then, Section 74 tells us about the Board's composition. The chairperson *must* be a District Judge – either currently in the position, qualified to be one, or a retired District Judge. Alongside the District Judge, the Board will have other members, though the passage doesn't specify who else. For example, if a district has a large rural population and challenging terrain, the Board might need members with experience in rural healthcare delivery. It's all about ensuring the Board is equipped to handle the specific challenges of that district.  The Act emphasizes a judicial presence to ensure fairness and due process. Apni specific situation ke liye ek qualified lawyer se zaroor milein.","Mental Healthcare Act 2017, Sections 73 & 74",Safe,procedural,Mental_Healthcare_Act_2017__p30__c1,train
QA_047,"Okay, so, State Government ki responsibility kya hai food security ke liye? Specifically, woh kaise ensure karein ki beneficiaries ko food mile?",code_mixed,Labour and Social Welfare,National Food Security Act 2013,"According to the National Food Security Act, 2013, Section 24, the State Government has a very important role. Basically, they are responsible for implementing and monitoring all the schemes, both those given by the Central Government and their own schemes, which are designed to ensure food security. They have to follow the guidelines that the Central Government issues for each scheme. It's not just about setting up the system; they also need to keep an eye on things to make sure it's actually working and reaching the right people – the targeted beneficiaries. 

Think of it like this: let's say the Central Government has a scheme for providing subsidized wheat. The State Government’s job is to make sure that scheme is properly run in their state, the fair price shops are stocked, and the eligible families are getting the wheat they’re entitled to. They need to monitor the distribution, check for any leakages, and ensure everything is running smoothly. It’s a continuous process of implementation and monitoring. The Act puts this responsibility squarely on the State Government’s shoulders. 

This is all under the Targeted Public Distribution System (TPDS).","National Food Security Act 2013, Section 24",Safe,procedural,National_Food_Security_Act_2013__p12__c0,train
QA_048,"Yaar, suppose main accidental se koi poisonous cheez, like rat poison, open chod dunga aur isse kisi ko hurt lag jaaye, toh mujhe kitna punishment hoga? IPC ke according, kya hoga?",code_mixed,Criminal Law,Indian Penal Code 1860,"Okay, so according to the Indian Penal Code, Section 284, if you do something with a poisonous substance in a really rash or negligent way that puts someone's life in danger, or causes them hurt or injury, you can get into trouble. It doesn't matter if you *meant* to hurt someone, the key is the carelessness.  Similarly, if you have a poisonous substance in your possession and you don't take proper precautions to prevent danger – like keeping rat poison locked up properly – and someone gets hurt because of it, you can also be held responsible. The punishment, according to this section, is imprisonment, which can be either simple or rigorous. The exact length of the imprisonment isn't specified, it's left to the court's discretion based on the severity of the situation. For example, if a child accidentally ingests rat poison because it was left out in the open, and gets seriously ill, you could face charges under Section 284 of the IPC.  It's a serious matter, so don't take it lightly.  Remember, this is just based on this specific section.","Indian Penal Code, Section 284",Safe,procedural,IPC_1860__p125__c0,test
QA_049,"Police ne koi property seize kar li, aur court mein produce nahi kiya, toh Magistrate kya kar sakta hai? What happens then?",code_mixed,Criminal Law,Bharatiya Nagarik Suraksha Sanhita 2023,"Okay, so according to the Bharatiya Nagarik Suraksha Sanhita 2023, Section 503, if a police officer seizes property and it's reported to a Magistrate, but that property isn't presented during a criminal inquiry or trial, the Magistrate has the power to decide what to do with it. Basically, they can make an order. This order could involve delivering the property back to the rightful owner – the person who was entitled to possess it in the first place. If they can't figure out who that is, then the Magistrate will decide how to keep the property safe and ensure it's available if needed later.  It's all about ensuring the property isn't just left lying around and that justice is served. For example, let's say police seize a vehicle during an investigation, but it's not directly evidence in the case. The Magistrate might order its return to the owner after verifying ownership. The key is that the Magistrate has discretion to decide the best course of action regarding the property’s disposal or custody.  This ensures fairness and prevents unnecessary holding of property.","Bharatiya Nagarik Suraksha Sanhita 2023, Section 503",Safe,procedural,BNSS_2023__p166__c1,val
QA_050,"Court ko koi bhi arrest na kare, phir bhi agar koi court mein haazir ho, toh kya court usko rok sakta hai? Aur agar rokta hai toh kya hota hai?",code_mixed,Criminal Law,Bharatiya Nagarik Suraksha Sanhita 2023,"Okay, so according to the Bharatiya Nagarik Suraksha Sanhita 2023, even if you're not under arrest or have a summons, the court *can* detain you if you're present during an inquiry or trial and it seems like you might be involved in the offence being discussed. Basically, they can hold you there for questioning or further investigation.  This is under Section 3.  Now, if the court decides to proceed against you based on this, things get interesting. The proceedings against you will start all over again, and all the witnesses will be questioned again. Think of it like this: let's say a robbery case is going on, and a person who was just observing the scene is present in court. If the court suspects their involvement, they can detain them and restart the proceedings.  Clause (a) ensures a fresh start, but clause (b) allows the case to move forward as if you were an accused person, subject to re-examining witnesses. It's a pretty significant power the court has.  It's all about ensuring a thorough investigation.  Bharatiya Nagarik Suraksha Sanhita 2023, Section 3.","Bharatiya Nagarik Suraksha Sanhita 2023, Section 3",Safe,procedural,BNSS_2023__p122__c1,val
QA_051,"Court ne mujhe guilty declare kar diya, lekin kya woh mujhe jail bhi nahi bheje aur probation pe release kar sakta hai?",code_mixed,Criminal Law,Code of Criminal Procedure 1973,"Okay, so according to the Code of Criminal Procedure, 1973, after a court declares you guilty, they first need to follow the procedure laid out for imposing punishment, as per the Offenders Act, 1958 or any other relevant law at the time. But, and this is important, after hearing both sides – you and the prosecution – the court *can* consider if section 360 or the Probation of Offenders Act, 1958 applies to your case. Basically, if the court thinks you're a good candidate for rehabilitation instead of strict punishment, they can release you on probation.  It's not automatic, though.  For example, if you're a first-time offender, a young person, and the crime wasn't too serious, the court might be more inclined to offer probation. They can also provide benefits under any other law that applies. The decision is entirely at the court’s discretion, based on the specific facts of the case and the applicable laws. They have to hear both sides properly before making this decision.  This is a crucial safeguard in the legal system.  Remember, this is just based on this specific passage. Apni specific situation ke liye ek qualified lawyer se zaroor milein.","Code of Criminal Procedure, 1973, Sections 360 & Probation of Offenders Act, 1958",Safe,procedural,CrPC_1973__p123__c1,val
QA_052,"Court ko agar kisi prisoner ko witness ke तौर पर court mein lana hai, toh process kya hai? Aur agar Magistrate second class hai, toh kya special precaution lena padta hai?",code_mixed,Criminal Law,Code of Criminal Procedure 1973,"Okay, so according to the Code of Criminal Procedure, 1973, if the court needs to examine a prisoner as a witness, they can order the officer in charge of the prison to bring that person before the court. This is for either answering a charge or just to give evidence, you know? Basically, the court has the power to request this. Now, here's the important part – if the Magistrate is of the second class, the order *cannot* be sent to the prison or acted upon unless it's countersigned by the Chief Judicial Magistrate. This is a safeguard, a check and balance, to ensure proper procedure is followed. Think of it like this: let's say a Magistrate of the second class needs a prisoner from a local jail to testify in a petty theft case. They can't just directly tell the jailer to bring him. They *must* get the Chief Judicial Magistrate to approve the order first. This is to prevent any potential misuse of power. The whole point is to maintain accountability and ensure fairness in the process. It’s all about following the correct hierarchy.  This is all under Section 317 of the CrPC. Apni specific situation ke liye ek qualified lawyer se zaroor milein.","Code of Criminal Procedure, 1973 Section 317",Safe,procedural,CrPC_1973__p124__c1,train
QA_053,"Yaar, mujhe yeh samajh nahi aa raha hai ki adoption ke liye jo bacche legally free declare ho gaye hain, unka data Specialised Adoption Agency ko kaise bhejna hai? Process kya hai?",code_mixed,Children's Rights,Juvenile Justice (Care and Protection of Children) Act 2015,"Okay, so according to the Juvenile Justice (Care and Protection of Children) Act, 2015, institutions have a specific procedure to follow when a child is declared legally free for adoption. The Act, specifically under sub-section (2) of section 66, outlines that these institutions *must* furnish details of these children to the Specialised Adoption Agency. Basically, it's a mandatory reporting requirement. The Act doesn't go into *how* they should furnish the details – whether it's through a specific form, online portal, or physical documents – but it clearly states *that* they need to do it. Think of it like this: if an orphanage declares a child eligible for adoption, they are legally obligated to inform the Specialised Adoption Agency about that child. This ensures the child gets placed with a suitable adoptive family. The Act also mentions the Authority’s functions under clause (e) of section 68, which could potentially relate to oversight of this process, but the passage doesn't elaborate. It's all about ensuring transparency and proper adoption procedures.","Juvenile Justice (Care and Protection of Children) Act, 2015, Section 66(2), Section 68(e)",Safe,procedural,Juvenile_Justice_Act_2015__p47__c1,val
QA_054,"Yaar, agar do log zameen ke ek piece pe fight kar rahe hain, aur magistrate ko pata chala ki yeh fight shanti ko disturb kar sakti hai, toh magistrate kya karta hai? Kya usko kuch process follow karna padta hai?",code_mixed,Criminal Law,Code of Criminal Procedure 1973,"Okay, so according to the Code of Criminal Procedure, 1973, Section 145, when a magistrate finds out that there's a dispute over land – like, two parties are fighting over a piece of property – and that dispute could potentially lead to a breach of peace, the magistrate has a specific role. Basically, the magistrate needs to record the grounds on which they believe this dispute is likely to cause trouble. Then, they have to clearly identify the parties involved, describing them by name and where they live.  They also need to state concisely what the dispute is *about* – what exactly are they fighting over?  After that, the crucial thing is that the magistrate must ask *all* the parties involved to submit a written statement explaining their claims.  This is so everyone gets a chance to present their side of the story. For example, if Ram and Shyam are fighting over a plot of land in Delhi, the magistrate will ask both of them to write down why they believe they are entitled to the land.  The magistrate then uses this information to decide who gets to retain possession.","Code of Criminal Procedure 1973, Section 145",Safe,procedural,CrPC_1973__p243__c0,test
QA_055,"Yeh batao, agar ek aadmi apni biwi ki izzat ke bina, usse sexual relation kar leta, toh kya uske against koi case ho sakta hai? Aur agar biwi ne consent diya, phir bhi case ho sakta hai kya? Consent ki definition kya hai is section mein?",code_mixed,Criminal Law,Bharatiya Nyaya Sanhita 2023,"Okay, so according to the Bharatiya Nyaya Sanhita 2023, Section X, a man can be held accountable for sexual relations without the wife's consent. However, the definition of consent is quite nuanced. It states that consent is not valid if the woman was unable to understand the nature and consequences of the act *at the time* she gave consent. This could be because she was suffering from unsoundness of mind, intoxicated, or had a stupefying substance administered to her.  For example, imagine a situation where a woman is heavily drugged and then forced into sexual activity; even if she verbally says 'yes' while under the influence, that consent wouldn't be considered valid under this law.  Furthermore, consent is also not valid if the woman is under eighteen years of age, regardless of whether she verbally agrees or not.  Finally, if a woman is unable to communicate consent at all, then any sexual act is considered unlawful. The law also clarifies that 'vagina' includes labia majora for the purposes of this section.  It's a complex area, and the specifics matter a lot.","Bharatiya Nyaya Sanhita 2023, Section X",Safe,procedural,BNS_2023__p36__c1,test
QA_056,"Yaar, mujhe ek school ke liye recognition certificate chahiye. Right to Education Act mein, application kaise karna hai? Aur certificate milne ke liye kya conditions hain, woh bhi batao please?",code_mixed,Children's Rights,Right to Education Act 2009,"Okay, so according to the Right to Education Act, 2009, specifically section 18, sub-section (1), it outlines the authority, the form, and the manner of applying for a certificate of recognition. Basically, you need to figure out *who* you need to apply to, *what* form to use, and *how* to submit it. Section 18, sub-section (2) then details the form, period, manner, and conditions for *issuing* that certificate.  So, it's not just about applying, but also meeting certain requirements. For example, let's say a new private school wants recognition. They need to submit the prescribed form, demonstrating they meet infrastructure standards, have qualified teachers, and follow the curriculum guidelines. The Act doesn't specify *what* those guidelines are, just that they exist and need to be met.  Section 18 also mentions a hearing opportunity if needed, and section 21 talks about the School Management Committee's functions, including preparing a School Development Plan.  It's all about the process and responsibilities involved in getting and maintaining recognition.","Right to Education Act, 2009, Sections 18(1), 18(2), 18(3), 21",Safe,procedural,RTE_Act_2009__p15__c0,train
QA_057,"Okay, so, agar State Government ko Children's Home establish karna hai, toh kya rules follow karne padenge? And can they just do it themselves, ya NGOs bhi help kar sakte hain?",code_mixed,Children's Rights,Juvenile Justice (Care and Protection of Children) Act 2015,"According to the Juvenile Justice (Care and Protection of Children) Act, 2015, the State Government has the power to establish and maintain Children’s Homes. Section 50(1) clearly states this. They can do this either directly, or by partnering with voluntary or non-governmental organizations (NGOs). The Act doesn't specify a rigid process, but it does mention that these Children’s Homes need to be registered.  The State Government can also, through rules, define what kind of places can be designated as 'places of safety' and what facilities and services should be provided there, as per Section 49(3). For example, if a district has a high number of children needing care, the State Government might collaborate with an NGO specializing in child welfare to run a Children’s Home, ensuring proper care, treatment, education, and training for those children. The key is that the Home must be registered and adhere to the rules prescribed by the State Government. It’s all about providing a safe and supportive environment for children in need.","Juvenile Justice (Care and Protection of Children) Act, 2015, Sections 49(3) and 50(1)",Safe,procedural,Juvenile_Justice_Act_2015__p30__c0,train
QA_058,"Yaar, suppose main ek business karta hoon aur mere account books mein ek entry hai ki ek dost ne mujhe 1000 rupees de diye. Agar court ko is matter mein investigate karna hai, toh kya woh account book ki entry relevant prove ho sakti hai? Aur kya sirf account book ki entry se mujhe liability ke liye jawabdar thera sakte hain?",code_mixed,Criminal Law,Indian Evidence Act 1872,"Okay, so according to the Indian Evidence Act, 1872, Section 34, entries in your account books – even if they're in electronic form – are indeed relevant. Basically, if the court needs to look into something related to your business, these entries can be used as evidence. Let's say you're involved in a dispute, and the court needs to understand financial transactions. Your account books showing payments or debts can be helpful. However, and this is a *big* however, the law clearly states that these entries *alone* are not enough to prove you're liable for anything. They are just one piece of the puzzle.  For example, if someone sues you for 1000 rupees and you show your account books showing they owe you that amount, the entries are relevant, but it doesn't automatically mean you win the case.  There needs to be more evidence. The court will consider other factors too. It's about providing context and supporting other evidence, not being the sole proof of guilt or liability.  It's a crucial distinction to understand.","Indian Evidence Act, 1872 Section 34",Safe,procedural,Indian_Evidence_Act_1872__p25__c0,train
QA_059,"Yaar, suppose someone enters a house, but they made a passage themselves, or someone else helped them. Does that change anything legally, according to the new law?",code_mixed,Criminal Law,Bharatiya Nyaya Sanhita 2023,"Okay, so according to the Bharatiya Nyaya Sanhita 2023, the way someone enters or leaves a house during a house-trespass is actually quite important. The passage they use matters. If the person entering or leaving created the passage themselves, or if an accomplice helped them create it, specifically *to* commit the house-trespass, that's a key factor. Similarly, if they use a passage that wasn't meant for people to use, except by them or their accomplice, or if they climbed over a wall or building to get in, that also falls under the definition.  It's not just about getting inside; it's *how* they got inside with the intention of committing the trespass. For example, imagine someone digging a tunnel under a fence to sneak into a neighbour's property to steal something – that’s exactly the kind of scenario this section covers. The law is looking at the method of entry and its connection to the trespass itself. This is all about how the entry was facilitated. 

This section focuses on the means of access used during the house-trespass. It's a procedural detail that can impact the legal proceedings. Bharatiya Nyaya Sanhita 2023, Section [Hypothetical Section Number - e.g., 379] covers this.","Bharatiya Nyaya Sanhita 2023, Section 379 (Hypothetical)",Safe,procedural,BNS_2023__p99__c1,test
QA_060,"Okay, so, agar koi mental health establishment, like a psychiatric hospital, woh standards maintain nahi kar rahi hai, toh kya hota hai? Authority kya kar sakti hai?",code_mixed,PWD Rights,Mental Healthcare Act 2017,"If a mental health establishment isn't following the minimum standards set by the Authority, according to the Mental Healthcare Act 2017, the Authority has a specific process to follow. They can issue a 'show cause notice' to the establishment. Basically, they'll send a formal notice asking why their registration shouldn't be cancelled. This is as per Section 3(3)(a) of the Act.  The notice gives the establishment a chance to explain themselves and present their side of the story.  For example, imagine a hospital isn't providing adequate medication or proper hygiene – that would be a failure to maintain minimum standards.  The Authority needs to be satisfied that this failure has occurred before issuing the notice.  It's not just about a minor issue; it has to be a significant breach of the standards.  The notice is a crucial step before any cancellation of registration can be considered.  The Act also covers situations where the management has been convicted of an offence or if the establishment violates the rights of patients, as mentioned in Section 3(3)(b) and (c).","Mental Healthcare Act 2017, Section 3(3)(a), 3(3)(b), 3(3)(c)",Safe,procedural,Mental_Healthcare_Act_2017__p29__c0,train
QA_061,"Yeh Warrant of Imprisonment on Forfeiture of Bond for Good Behaviour, actually kya hota hai? Agar kisi ne bond sign kiya aur phir bhi behave nahi kiya toh kya hoga?",code_mixed,Criminal Law,Bharatiya Nagarik Suraksha Sanhita 2023,"Okay, so this Warrant of Imprisonment, as mentioned in Form No. 58 of the Bharatiya Nagarik Suraksha Sanhita 2023, basically means someone who gave a bond for good behaviour – a promise to behave properly – has broken that promise. The bond was given on a specific date, like, let's say, January 15th, 2024.  The bond amount was rupees… let's say 10,000. Now, if that person doesn't behave as promised, this warrant is issued to the Superintendent of the Civil Jail.  It’s a legal document instructing the jail authorities to imprison the person.  Section 491 of the Act deals with this forfeiture of the bond.  For example, imagine someone is released on bail with a bond for good behaviour, promising not to contact the victim. If they violate that condition, the court can issue this warrant, leading to their imprisonment. The warrant specifies the person's name, description, and address, and the date the bond was originally given. It’s a serious consequence of breaking a promise made to the court.  It’s all about ensuring people stick to their commitments.","Bharatiya Nagarik Suraksha Sanhita 2023, Section 491",Safe,procedural,BNSS_2023__p279__c0,train
QA_062,"President ko impeachment ke liye accuse karna hai, toh ye process kaise hota hai? Kya koi bhi accuse kar sakta hai, ya kuch procedure follow karna padta hai?",code_mixed,Constitutional Law,Constitution of India,"Okay, so according to the Constitution, if you want to impeach the President for violating the Constitution, there's a specific process. It's not just anyone who can accuse them, you see. Article 61, specifically section (1) and (2), lays it out. The charge has to be preferred by either House of Parliament – that means either the Lok Sabha or the Rajya Sabha. But there's a catch!  It can't just be a random accusation.  Section (2)(a) says that a resolution proposing the charge needs to be moved after giving at least fourteen days' notice in writing. And get this – it needs to be signed by at least one-fourth of the total number of members of that House, indicating their intention to move the resolution.  For example, if Lok Sabha mein 543 members hain, toh at least 136 members ko sign karna padega.  It's a pretty high bar, designed to prevent frivolous accusations.  Basically, it requires significant parliamentary support.  This ensures a serious and considered approach to such a significant action.  It's a formal, structured process, not a spontaneous one.  Constitution of India, Article 61.","Constitution of India, Article 61",Safe,procedural,Constitution_of_India__p30__c0,test
QA_063,"Yeh Pradhan Mantri Awas Yojana (PMAY) ki baat hai, toh agar koi family, jisko ghar nahi hai, woh is scheme ke under ghar ke liye apply kar sakta hai kya? Aur is scheme ka main aim kya hai, basically?",code_mixed,Government Schemes,Pradhan Mantri Awas Yojana Guidelines,"So, according to the PMAY guidelines, the main aim, as envisioned by the Hon’ble Prime Minister, is 'Housing for All' by 2022, which would have been when India completed 75 years of Independence. The announcement was originally made by the Hon’ble President of India in a speech to Parliament. Basically, the scheme aims to ensure that by the time India turns 75, every family has a 'pucca' house – meaning a permanent, sturdy house – along with essential facilities like a water connection, a toilet, 24x7 electricity, and access to these services. Think of a family living in a jhuggi-jhopri (slum) in Delhi; they could potentially apply under this scheme to get a proper house with all the necessary amenities. The government launched this scheme to achieve this ambitious goal. The passage doesn't specify eligibility criteria or application procedures, just the overarching objective. It's a comprehensive scheme designed to address the housing shortage.  There's no specific Act or Section mentioned in this excerpt, it's a guideline document.",Pradhan Mantri Awas Yojana Guidelines - No specific Act or Section mentioned,Safe,informational,PMAY_Guidelines__p3__c0,test
QA_064,Magistrate ko kaunsa power hai agar usko lagta hai ki kisi investigation ke liye kisi ko signature ya handwriting sample dene ke liye order de sakta hai? Aur woh kaise karega?,code_mixed,Criminal Law,Code of Criminal Procedure 1973,"Okay, so according to the Code of Criminal Procedure, 1973, a Magistrate of the first class has a specific power. If the Magistrate feels, you know, *lagta hai* that it's necessary for an investigation or any legal proceeding, they can order *kisi bhi* person – even an accused person – to give a sample of their signature or handwriting. It's all about expediency, *yaar*.  The Magistrate doesn't just do this randomly; they have to be satisfied that it's actually needed for the case.  

Basically, the person ordered to give the sample has to show up at the time and place specified in the Magistrate’s order. They *must* provide the signature or handwriting. For example, let's say police are investigating a forged document and suspect someone's signature is fake. The Magistrate might order that person to give a handwriting sample to compare with the document.  It’s a procedural step to help with the investigation.  This power is specifically outlined in Section 311A of the Code of Criminal Procedure.  It’s important to understand this process if you’re ever involved in a legal matter. Apni specific situation ke liye ek qualified lawyer se zaroor milein.","Code of Criminal Procedure, 1973 Section 311A",Safe,procedural,CrPC_1973__p138__c0,train
QA_065,"Yaar, agar koi guardian kisi ward ke paise galat use kare toh ward usko court mein kar sakta hai? Guardians and Wards Act mein kuch hai is baare mein?",code_mixed,Children's Rights,Guardians and Wards Act 1890,"Absolutely! According to the Guardians and Wards Act 1890, even if the Act doesn't *specifically* mention a remedy, a ward, or their representative, can still take legal action against their guardian or the guardian's representative. Basically, the law doesn't want guardians to get away with mishandling a ward's assets. It's like saying a guardian acts as a trustee, and trustees have responsibilities. Section 37 specifically states that nothing in the previous sections should be interpreted as taking away a ward's right to seek redress. 

For example, imagine a guardian invests a ward's money in a risky business without proper consent and loses a significant amount. The ward can still sue the guardian, even if the Act doesn't have a specific clause about risky investments. The law protects the ward's interests. This right isn't limited to remedies explicitly mentioned in the Act; it's a broader protection. It ensures fairness and accountability for guardians. The Act also references Section 440 of the Code of Civil Procedure, which further governs suits against guardians. 
Apni specific situation ke liye ek qualified lawyer se zaroor milein.","Guardians and Wards Act 1890, Section 37; Code of Civil Procedure 1882, Section 440",Safe,procedural,Guardians_Wards_Act_1890__p13__c0,test
QA_066,"President saab koi Commission banata hai, toh uss Commission ke powers aur procedure define karne ki responsibility kiski hoti hai? Aur woh President saab kuch 'incidental' provisions bhi add kar sakte hain? Woh 'incidental' provisions ka matlab kya hai?",code_mixed,Constitutional Law,Constitution of India,"According to the Constitution, when the President establishes a Commission, the responsibility for defining its composition, powers, and procedure falls directly on the President. The order issued by the President will explicitly outline these aspects. The passage also mentions 'incidental or ancillary provisions.' Basically, these are extra provisions that the President deems necessary or desirable to ensure the Commission functions smoothly and effectively. It's not just about the main purpose; it's about anything related that might be needed. For example, if the Commission needs specific reporting formats or access to certain government data, the President can include that in the order. This allows for flexibility and ensures the Commission has everything it needs. This power is granted to the President under Article 340 of the Constitution. The President can also direct states regarding schemes for the welfare of Scheduled Tribes, as mentioned in the passage.  It’s a broad power allowing the President to create and empower these Commissions.","Constitution of India, Article 340",Safe,procedural,Constitution_of_India__p210__c0,train
QA_067,"Yeh 'Summons to an Accused Person' ka form, jo court issue karta hai, matlab kya hota hai? Agar mujhe court se summons mile toh mujhe kya karna chahiye?",code_mixed,Criminal Law,Code of Criminal Procedure 1973,"Okay, so this 'Summons to an Accused Person' – Form No. 1, as mentioned in the Code of Criminal Procedure, 1973 – basically it's a formal notice. It means the court needs you, the accused, to appear before them. The summons will clearly state the offence you're being charged with, like, let's say, a minor theft case. It will also tell you the date, time, and place – the Magistrate’s court – where you need to be present. You can go yourself, or you can send a 'pleader,' which is a lawyer, in your place.  The passage doesn't specify what happens if you don't appear, but it says 'Herein fail not,' which implies there will be consequences.  It's a very important legal document, and ignoring it isn't a good idea. The court will put their seal and signature on it.  This is all under the Code of Criminal Procedure, 1973, and specifically references Section 476 and 61.  It's different from a warrant, which is mentioned as Form No. 2, and involves arrest. This is just a notice to appear. Apni specific situation ke liye ek qualified lawyer se zaroor milein.","Code of Criminal Procedure, 1973, Sections 476, 61",Safe,procedural,CrPC_1973__p231__c0,train
QA_068,"Yaar, agar koi ladki ko utne sharminda karne ki koshish kare ki uski kapde utar de, toh usko kitna saal jail ho sakta hai? And is it something police can arrest him for immediately?",code_mixed,Criminal Law,Code of Criminal Procedure 1973,"Okay, so according to the Code of Criminal Procedure, 1973, Section 354B deals with this. If someone assaults a woman or uses criminal force with the intention to disrobe her, the punishment is pretty serious. The law says they can be imprisoned for at least 3 years, but it can extend all the way up to 7 years. Plus, there's also a fine involved.  It's a 'cognizable non-bailable' offense, which means the police *can* arrest the person without a warrant, and they won't be released on bail easily.  For example, imagine a guy at a public place tries to pull a woman's clothes off to embarrass her – that falls under this section. The severity of the punishment reflects how seriously the law takes these kinds of actions.  The fine amount isn't specified in this passage, but imprisonment is definitely a possibility.  It's important to remember that this is just based on the information provided in the Code of Criminal Procedure, 1973, Section 354B.","Code of Criminal Procedure, 1973, Section 354B",Safe,procedural,CrPC_1973__p212__c1,train
QA_069,"Magistrate saab, agar koi mujhe show cause notice de ke bond execute karne ko, toh kya woh mere personal attendance ke bina bhi case sun sakta hai? Ya phir mujhe zaroori hai court mein jaana?",code_mixed,Criminal Law,Code of Criminal Procedure 1973,"According to the Code of Criminal Procedure, 1973, the Magistrate actually has the power to dispense with your personal attendance. Section 115 specifically states that if the Magistrate sees 'sufficient cause,' they can allow you to appear through a pleader instead of being physically present in court. This is a pretty useful provision, especially if you're busy or it's difficult to travel. For example, let's say you're a businessman in Mumbai and you get a show cause notice related to a disturbance in Delhi. The Magistrate might allow you to be represented by your lawyer in Delhi, saving you the trouble of travelling. The Magistrate's decision to waive your personal attendance is based on their discretion and what they deem 'sufficient cause'. They'll consider the circumstances of the case.  It's important to understand that you *can* be represented by a pleader, but the Magistrate still has the final say.  This provision aims to make the process more convenient and accessible.  Remember, this is specifically regarding show cause notices for bonds for keeping the peace or good behaviour.","Code of Criminal Procedure, 1973 Section 115",Safe,procedural,CrPC_1973__p62__c1,train
QA_070,Boss ne Maternity Benefit Act ka violation kiya toh usko kya punishment mil sakti hai? Kya woh sirf fine payega ya aur bhi kuch hoga?,code_mixed,Women's Rights,Maternity Benefit Act 1961,"Okay, so according to the Maternity Benefit Act, 1961, if your boss, the employer, breaks the rules of the Act, they can face a penalty. Section 21 specifically talks about this. It doesn't detail *exactly* what the penalty is, but it does state that there *is* a penalty for contravention. The Act doesn't specify the amount of the fine, it's left to be determined based on the severity of the violation.  For example, if a company fails to provide mandated maternity leave, or tries to pressure a woman to return to work before her allowed period, that would be a violation.  Section 23 mentions that offences under this Act can be taken cognizance of, meaning a court can hear the case.  The Central Government also has the power to give directions, as per Section 25, which could influence how these violations are handled.  The Act itself doesn't outline the specific penalties, but it establishes the framework for holding employers accountable.  It's important to remember this is just a general overview.","Maternity Benefit Act, 1961, Sections 21, 23, 25",Safe,procedural,Maternity_Benefit_Act_1961__p2__c0,train
QA_071,"Yaar, suppose someone deliberately makes their product look exactly like a famous brand's, so people get confused. According to law, kya they are automatically considered guilty of trying to cheat, or they have to prove they didn't mean to deceive anyone?",code_mixed,Criminal Law,Bharatiya Nyaya Sanhita 2023,"According to the Bharatiya Nyaya Sanhita 2023, if someone makes one thing look like another, and that resemblance is enough to trick someone, the law *presumes* they intended to deceive or knew deception was likely. Basically, the burden of proof shifts. Until they prove otherwise, the court will assume they were trying to pull a fast one. This is explained in the definition of 'Explanation 2'. It doesn't say they *are* guilty, but it makes it much harder for them to defend themselves. For example, imagine a small shopkeeper selling 'Apples' that look almost identical to 'Apple' phones – the resemblance is so strong that customers might get confused. The law would initially assume the shopkeeper intended to deceive. They would then have to prove they didn't. The passage also defines 'Court' as a Judge or a body of Judges empowered by law to act judicially. This presumption is a crucial element in cases involving deceptive practices. It’s a legal shortcut to ensure fairness and protect consumers.","Bharatiya Nyaya Sanhita 2023, Explanation 2",Safe,procedural,BNS_2023__p17__c0,train
QA_072,"Yaar, agar koi business ya occupation aise chal raha hai jo logon ke health ke liye harmful hai, toh police kya kar sakti hai? Kya woh business band karwa sakte hain?",code_mixed,Criminal Law,Bharatiya Nagarik Suraksha Sanhita 2023,"Okay, so according to the Bharatiya Nagarik Suraksha Sanhita 2023, if a particular trade, occupation, or even the keeping of certain goods is causing harm to the health or physical comfort of the community, the police have powers. The law specifically mentions that such a situation allows for the prohibition of the trade or occupation, or regulation of it. They can also order the removal or regulation of the goods or merchandise being kept. Basically, if something is genuinely impacting public health negatively, the authorities can step in. For example, imagine a factory releasing toxic fumes that are making people sick in the nearby area. The police, acting under this provision, could order the factory to either stop the harmful practices, regulate them, or even shut down temporarily until they comply. This is all about protecting the community's well-being. It’s not just about stopping something; it’s about ensuring people’s health isn’t compromised. The law also covers situations involving potential explosions or fires, but this question specifically relates to health impacts. Bharatiya Nagarik Suraksha Sanhita 2023, Section (b).","Bharatiya Nagarik Suraksha Sanhita 2023, Section (b)",Safe,procedural,BNSS_2023__p61__c0,val
QA_073,"Judge saab, agar accused, yani accused ne previous conviction ko admit nahi kiya toh phir judge kya karega? Kya evidence dena padega?",code_mixed,Criminal Law,Bharatiya Nagarik Suraksha Sanhita 2023,"Okay, so according to the Bharatiya Nagarik Suraksha Sanhita 2023, if an accused person is charged with a previous conviction under section 234(7), and they deny having been previously convicted as stated in the charge, then the judge has a specific procedure to follow. Basically, after the judge convicts the accused under either section 252 or section 258, they *must* take evidence regarding that alleged previous conviction. It's not optional, it's a requirement. 

Think of it like this: let's say someone is charged with theft, and the prosecution also claims they were previously convicted of fraud. If the accused says, 'No, I wasn't convicted of fraud!', the judge can't just assume it's true. They need to hear evidence – documents, witness testimonies – to prove that previous conviction. This ensures fairness and protects the accused's rights. The judge can't just proceed with sentencing without this evidence. It’s all about ensuring due process. This is clearly outlined in section 259 of the Bharatiya Nagarik Suraksha Sanhita 2023. 

Apni specific situation ke liye ek qualified lawyer se zaroor milein.","Bharatiya Nagarik Suraksha Sanhita 2023, Sections 234(7), 252, 258, 259",Safe,procedural,BNSS_2023__p97__c1,train
QA_074,"Court ko kisi case ke decision ke liye kisi ko summon karne ka power kab tak hota hai? Aur agar court ne kisi ko summon kiya, toh usko free me documents milenge ya nahi?",code_mixed,Criminal Law,Code of Criminal Procedure 1973,"Okay, so according to the Code of Criminal Procedure, 1973, any court – be it during an inquiry, trial, or any other proceeding under this Code – has the power to summon anyone as a witness. It's not just limited to a specific stage; they can do it at *any* stage.  Plus, they can even examine people who are already present, even if they weren't formally summoned.  And, if the court feels that someone's testimony is absolutely essential for a fair decision, they can even recall and re-examine someone who’s already given evidence.  Now, the important part about the documents – the passage clearly states that any documents or information needed for the witness, the court *must* furnish them free of cost.  For example, let's say a court needs a specific report from a doctor to understand a medical condition in a case. The court has to provide that report to the witness without charging them anything. This ensures the witness can present their evidence properly.  It’s all about ensuring a just and fair trial.  The court’s power is quite broad in this regard.","Code of Criminal Procedure 1973, Section 311",Safe,procedural,CrPC_1973__p137__c1,train
QA_075,"Police ne mujhe arrest kar diya, lekin unhone arrest karne ka reason bhi bataya? Mujhe legal help lene ka right hai ya nahi?",code_mixed,Constitutional Law,Constitution of India,"Okay, so according to the Constitution of India, if police arrest you, they *absolutely* have to tell you the reason for the arrest as soon as possible. It's a fundamental right! Article 22(1) clearly states this. You also have the right to consult with a lawyer of your choice, and they can’t deny you that. This is super important.  Think of it like this: imagine police arrest someone for allegedly stealing a mango, but they don’t tell them why. That’s a violation of their rights.  The law ensures you're not kept in the dark and can defend yourself.  The Constitution says you need to be informed of the grounds of arrest and have access to legal representation.  This is to protect citizens from arbitrary detention.  The police have to follow this procedure.  They can't just hold you without explaining why and preventing you from getting a lawyer.  It’s a crucial safeguard within our legal system.  Remember, this is based solely on Article 22(1) of the Constitution.","Constitution of India, Article 22(1)",Safe,procedural,Constitution_of_India__p11__c0,train
QA_076,Child Marriage Prohibition Officer ko court mein jaane ka right hai? Aur agar woh kuch action lete hain toh unke against koi case file kar sakte hain kya?,code_mixed,Women's Rights,Prohibition of Child Marriage Act 2006,"According to the Prohibition of Child Marriage Act, 2006, the Child Marriage Prohibition Officer (CMPO) definitely has the power to approach the court. Section 5 specifically states that they can move the court for orders under sections 4, 5, and 13, and also along with the child under section 3. Basically, they are empowered to take legal action. Now, the important thing is Section 18. This section provides protection to the CMPO. It says that no lawsuit, prosecution, or any other legal proceedings can be initiated against them for anything they do while acting in good faith.  So, if a CMPO is genuinely trying to prevent a child marriage and takes action accordingly, they are shielded from legal repercussions. For example, if a CMPO stops a marriage and reports it to the court, even if someone feels aggrieved, they can't directly sue the CMPO for that action.  They are considered public servants under Section 17, as per section 21 of the Indian Penal Code. This protection is crucial for them to perform their duties effectively.","Prohibition of Child Marriage Act, 2006 - Sections 3, 4, 5, 13, 17, 18, and Indian Penal Code (45 of 1860) - Section 21",Safe,procedural,Child_Marriage_Prohibition_Act_2006__p9__c0,train
QA_077,"Yaar, National Food Security Act mein 'meal' ka matlab kya hota hai? Basically, agar main ek dhabe se take-away food le raha hoon, toh woh bhi 'meal' hi mana jayega, right?",code_mixed,Labour and Social Welfare,National Food Security Act 2013,"According to the National Food Security Act, 2013, 'meal' is defined quite broadly. It includes not just hot cooked food or pre-cooked food that's heated before serving, but also a 'take home ration'. So, yes, if you're getting take-away food from a dhaba, technically, that *can* be considered a 'meal' under this Act. The Central Government gets to prescribe exactly what constitutes a 'meal' through further rules, so the definition might get more specific later on.  The Act focuses on ensuring food security, and this definition is part of that.  For example, if a government scheme is distributing take-away rations to vulnerable populations, this definition ensures that those rations are covered under the Act's provisions. It’s important to remember this is just one definition within the larger Act, and it doesn't cover everything related to food security. The Act also defines 'minimum support price' which is the price at which the government buys foodgrains from farmers.  This is all about ensuring a stable food supply.","National Food Security Act 2013, Section 9 & 10",Safe,definitional,National_Food_Security_Act_2013__p5__c0,train
QA_078,"Yaar, suppose agar ek bench mein do members hain aur unmein koi matter mein disagreement ho jaaye, toh kya hota hai? Chairperson ki role kya hogi, basically?",code_mixed,Consumer and Cyber Law,Information Technology Act 2000,"Okay, so according to the Information Technology Act, 2000, if you have a bench with just two members and they disagree on something, they have to specifically note down the points of disagreement. Then, they refer those specific points to the Chairperson of the Appellate Tribunal. The Chairperson then steps in and hears those points himself. It's a pretty straightforward process, designed to resolve disagreements within the bench.  Interestingly, sections 52C and 52D, which dealt with the distribution of business and the power of the Chairperson to transfer cases, have actually been omitted by section 169 of the Act, effective May 26, 2017. So, while the disagreement resolution process still exists, those specific sections are no longer in effect. For example, imagine a case about a cyber appeal where the two members of the bench have different interpretations of the evidence. They would then refer that specific interpretation difference to the Chairperson. This ensures a final decision is reached.  The Act 7 of 2017 made the substitution for “Cyber Appellate Tribunal”.","Information Technology Act, 2000, Sections 52C, 52D, 169",Safe,procedural,IT_Act_2000__p21__c1,train
QA_079,"Yaar, agar kisi ko groundless arrest kar diya jaaye, toh court usko compensation de sakta hai kya? Process kya hai, bhai?",code_mixed,Criminal Law,Code of Criminal Procedure 1973,"Absolutely! According to the Code of Criminal Procedure, 1973, Section 358 specifically addresses this. If someone is arrested without any valid reason – meaning, groundlessly – the court has the power to order the arresting authority to pay compensation to the person who was wrongly arrested. This is to acknowledge the inconvenience, distress, and potential loss of livelihood caused by such an unwarranted action. The court will consider factors like the duration of the arrest, the mental and physical suffering endured, and any financial losses incurred. For example, imagine a person is picked up for questioning in a minor theft case, but later found innocent. The court, under Section 358, could order the police to compensate them for the time spent in custody and the emotional trauma. It's important to remember that this compensation is separate from any other legal proceedings. The court has discretion in determining the amount of compensation.  This section ensures some redressal for those who suffer due to wrongful arrest.  It’s a crucial safeguard against arbitrary police action.","Code of Criminal Procedure, 1973 Section 358",Safe,procedural,CrPC_1973__p14__c0,train
QA_080,"Yaar, agar koi, matlab A, ek bachche ko, jo 18 se kam umar ka hai, suicide karne ke liye ullu ka patha kare, toh usko kya punishment milegi? Kya usko murder ke charge mein jail bhi ho sakta hai?",code_mixed,Criminal Law,Indian Penal Code 1860,"Okay, so according to the Indian Penal Code, 1860, if someone, let's say A, encourages or instigates a minor, someone under eighteen, to commit suicide, then it's considered abetment of murder. The key thing here is that because the person (Z) is so young, they are deemed incapable of giving consent to their own death.  So, A's actions are treated as if they directly caused the death.  Section 301 also talks about culpable homicide where death is caused by an action intended or likely to cause death, but the passage specifically highlights the situation with a minor. For example, imagine A keeps bullying Z, constantly telling them their life is worthless, and eventually Z takes their own life. A could be charged with murder. It's not just a simple case of encouraging someone; the vulnerability of the minor is a crucial factor. The law recognizes that a young person lacks the maturity to fully understand the consequences of such an action. This is a serious offense with significant legal repercussions. Apni specific situation ke liye ek qualified lawyer se zaroor milein.","Indian Penal Code, 1860, Sections 301",Safe,procedural,IPC_1860__p136__c0,train
QA_081,"Okay, so police station se report magistrate ko gaya, phir agar police ko aur proof mil jaaye – like, kuch new documents ya witnesses – toh kya hota hai? Unko dobara report bhejna padega, right? Process kya hai?",code_mixed,Criminal Law,Bharatiya Nagarik Suraksha Sanhita 2023,"Haan, bilkul. According to the Bharatiya Nagarik Suraksha Sanhita 2023, if the police station officer gets additional evidence – whether it's oral testimony or documentary proof – after the initial report under sub-section (3) has been sent to the Magistrate, they *do* need to forward a further report. This report needs to be in a format prescribed by the State Government through rules. Basically, it's about keeping the Magistrate updated on any new information that comes to light during the investigation. The provisions of sub-sections (3) to (8) – which deal with the initial report – will apply as much as possible to these subsequent reports as well. For example, let's say initially police thought it was a minor theft, but then they find CCTV footage proving it was a planned robbery. They’d need to send a new report with this footage. It ensures the Magistrate has a complete picture. This is to maintain transparency and fairness throughout the legal process. The aim is to ensure the Magistrate is always informed of the evolving evidence.","Bharatiya Nagarik Suraksha Sanhita 2023, Sub-sections (3) to (8)",Safe,procedural,BNSS_2023__p77__c1,test
QA_082,"Okay, so if a riot happens on someone's land, like a protest gone wrong, kya the owner or the person who's managing the land can get into trouble, right? What's the legal liability for them according to the new law?",code_mixed,Criminal Law,Bharatiya Nyaya Sanhita 2023,"According to the Bharatiya Nyaya Sanhita 2023, Section 193 specifically addresses the liability of the owner or occupier of land where an unlawful assembly or riot occurs. Basically, if an unlawful assembly or a riot takes place on their property, the owner, occupier, or anyone managing the land can be held responsible. The punishment can be imprisonment for up to one year, a fine, or both, if the rioting actually happened. If it was just an unlawful assembly and not a full-blown riot, the punishment is imprisonment for up to six months, a fine, or both. For example, imagine a group protesting illegally blocks a road on private land without the owner's permission. If the protest escalates into a riot, the land owner could potentially face legal consequences under this section. It's important to note that the law focuses on the land where the event takes place, not necessarily the actions of the protesters themselves. This section aims to hold landowners accountable for allowing their property to be used for unlawful activities. Apni specific situation ke liye ek qualified lawyer se zaroor milein.","Bharatiya Nyaya Sanhita 2023, Section 193",Safe,procedural,BNS_2023__p67__c1,train
QA_083,"Suppose, Internal Committee ne settlement offer kiya, aur main agree bhi kar gayi, lekin phir ussi respondent ne settlement ke conditions follow nahi kiye. Phir mujhe kya karna chahiye? Kya Internal Committee ko batana zaroori hai?",code_mixed,Women's Rights,Sexual Harassment of Women at Workplace Act 2013,"Okay, so according to the Sexual Harassment of Women at Workplace Act, 2013, if you, as the aggrieved woman, inform the Internal Committee (or Local Committee, depending on your situation) that the respondent hasn't followed the terms of the settlement you agreed upon under Section 10(2), then the Committee *has* to take action. They either need to start an inquiry into your complaint, or if it's applicable, forward the complaint directly to the police. It's crucial to inform them. 

For example, let's say you agreed to a settlement where the respondent promised to transfer you to a different department, but they didn't do it. You need to tell the Internal Committee about this non-compliance. They are then obligated to investigate or escalate the matter. The Act specifically provides for this scenario to ensure the settlement is actually honored. This is to protect your rights and ensure the respondent is held accountable. It’s a safeguard against them simply agreeing to a settlement without any intention of fulfilling it.  Remember, this is specifically about non-compliance *after* a settlement has been reached. 

Apni specific situation ke liye ek qualified lawyer se zaroor milein.","Sexual Harassment of Women at Workplace Act, 2013, Section 10(2)",Safe,procedural,POSH_Act_2013__p9__c0,train
QA_084,"Yaar, agar main public mein gaana bajaata hoon aur paise maangta hoon, toh kya yeh illegal hai according to the new law?",code_mixed,Criminal Law,Bharatiya Nyaya Sanhita 2023,"Okay, so according to the Bharatiya Nyaya Sanhita 2023, Section 140, soliciting alms in a public place *can* be illegal. It doesn't matter if you're singing, dancing, or doing anything else – if you're basically asking for money in public, it falls under this section. The law specifically mentions things like singing, dancing, fortune telling, tricks, or even selling articles as ways people might solicit alms.  It also covers going onto private property to ask for money.  And it's not just about humans; showing a wound or disease, even of an animal, to get alms is also prohibited.  For example, imagine someone sitting on a busy street, showing a fake injury and begging for money – that would be a clear violation. The key thing is the *intention* to obtain or extort alms.  The law is trying to prevent exploitation and potentially harmful situations.  It's a bit broad, so interpretation will be important.  Bharatiya Nyaya Sanhita 2023, Section 140.","Bharatiya Nyaya Sanhita 2023, Section 140",Safe,procedural,BNS_2023__p58__c0,train
QA_085,"Yaar, suppose I know someone did something wrong, but I help them hide it so they don't get punished properly. What kind of trouble can I get into, legally speaking?",code_mixed,Criminal Law,Bharatiya Nyaya Sanhita 2023,"Okay, so according to the Bharatiya Nyaya Sanhita 2023, if you knowingly help someone avoid legal punishment or get a lighter sentence than they deserve, or if you help property escape a legal forfeiture or charge, you could be in serious trouble. The law specifically says that if you do this with the intention of saving someone or something, or if you believe it's likely to happen, you can face imprisonment for up to two years, or a fine, or even both. It's not just about actively covering up the crime; even knowing you're likely to help someone escape consequences can land you in legal hot water. For example, imagine someone commits fraud, and you, knowing they did it, destroy crucial documents that would prove their guilt to the authorities. That would fall under this section. This applies even if you're not directly involved in the original crime, but you're actively obstructing justice. The law aims to prevent people from shielding wrongdoers from accountability. It's a serious offense, so be very careful.","Bharatiya Nyaya Sanhita 2023, Section 256",Safe,procedural,BNS_2023__p81__c0,train
QA_086,"Yaar, Internal Committee ko annual report banane ke liye kitni time limit hai? Aur woh report kis format mein hona chahiye?",code_mixed,Women's Rights,Sexual Harassment of Women at Workplace Act 2013,"Okay, so according to the Sexual Harassment of Women at Workplace Act, 2013, the Internal Committee (IC) and the Local Committee both have to prepare an annual report. The Act doesn't specify *exactly* what format it needs to be in, it just mentions 'the form' – so it's up to the government to define that. Similarly, it doesn't give a precise deadline, just 'the time' for preparation. Basically, the Central Government gets to decide both the format and the timeframe.  Section 21, sub-section (1) deals with this. For example, let's say the IC decides to submit the report by March 31st every year. The government could then issue a rule stating that's the official deadline.  The Act also says that any rules the Central Government makes regarding this, like specifying the report format or deadline, need to be presented to Parliament for 30 days. This is mentioned in Section 21(3). It's all about ensuring transparency and accountability.  So, keep an eye out for any official rules released by the government regarding this.","Sexual Harassment of Women at Workplace Act, 2013, Section 21(1) & 21(3)",Safe,procedural,POSH_Act_2013__p14__c0,train
QA_087,"Yaar, agar koi court ne security bond dene ko kaha, aur woh dene mein fail ho gaya, toh uske saath kya hota hai? Warrant issue hota hai kya, aur woh kaha jata hai?",code_mixed,Criminal Law,Bharatiya Nagarik Suraksha Sanhita 2023,"Okay, so according to the Bharatiya Nagarik Suraksha Sanhita 2023, if someone is asked to give a security bond – basically, a promise to behave and not disturb the peace – and they fail to do so, then a warrant of commitment can be issued. This warrant is directed to the officer in charge of the jail. The passage specifically mentions Form No. 16, which is the Warrant of Commitment on Failure to Find Security to Keep the Peace.  It says the person, whether they appear in person or through an authorized agent, is summoned to show why they shouldn't give this bond. If they don't, the court can order their commitment to jail. For example, let's say someone is accused of repeatedly harassing their neighbors. The court might ask them to give a bond of, say, ₹10,000. If they refuse or can't provide that bond, a warrant will be issued sending them to jail until the matter is resolved. The warrant specifies the jail where they are to be held. This is all under Section 141 of the Act. It's a process to ensure public peace and safety.","Bharatiya Nagarik Suraksha Sanhita 2023, Section 141",Safe,procedural,BNSS_2023__p235__c0,train
QA_088,"Yaar, suppose someone, let's say A, gives a statement to a Magistrate, and then later, in Sessions Court, he says something completely opposite. Can A be charged for anything, even if we don't know which statement was actually the lie?",code_mixed,Criminal Law,Code of Criminal Procedure 1973,"According to the Code of Criminal Procedure, 1973, Section 222(c), yes, A *can* be charged. The passage specifically states that A may be charged with intentionally giving false evidence, even if it's impossible to prove which of the two contradictory statements was the false one. It doesn't matter which statement is the truth or the lie; the fact that A gave conflicting statements under oath is enough for a charge. Think of it like this: imagine A initially tells the Magistrate that he saw someone steal a phone, but later claims he wasn't even there. Even if the court can't determine which statement is false, A's contradictory testimony is problematic. The law focuses on the act of providing false evidence, not necessarily proving which specific piece of information was incorrect. This is because the integrity of the judicial process is paramount. The law aims to deter people from giving false statements under oath. Section 222(c) addresses this very scenario. Apni specific situation ke liye ek qualified lawyer se zaroor milein.","Code of Criminal Procedure, 1973 Section 222(c)",Safe,procedural,CrPC_1973__p112__c0,val
QA_089,"Yaar, agar kisi hospital ke incharge ne section 397 ke under victim ko treat nahi kiya toh unko kya hoga? Punishment kya hai, bhai?",code_mixed,Criminal Law,Bharatiya Nyaya Sanhita 2023,"Okay, so according to the Bharatiya Nagarik Suraksha Sanhita, 2023, if the person in charge of a hospital – it can be a government hospital, a private one, anything – fails to follow section 397, they're going to face some serious consequences. The law says they will be punished with rigorous imprisonment. This imprisonment has to be at least six months, but it can go all the way up to two years. And on top of that, they’ll also have to pay a fine. Basically, it's a pretty hefty penalty for not providing treatment to a victim as required by the law. 

For example, imagine a victim of a crime arrives at a hospital, and the incharge, for whatever reason, refuses to provide necessary medical attention. That would be a clear violation of section 397 and could lead to the incharge facing the punishment mentioned above. This is to ensure victims get the care they need promptly. The Bharatiya Nagarik Suraksha Sanhita, 2023, Section 200 and Section 397 are relevant here. Apni specific situation ke liye ek qualified lawyer se zaroor milein.","Bharatiya Nagarik Suraksha Sanhita, 2023, Sections 200 & 397",Safe,procedural,BNS_2023__p69__c1,val
QA_090,"Yeh illustration mein likha hai ki A ek conspiracy mein involve hai, phir B Europe se arms laaya, C Calcutta mein paise collect kiya, D Bombay mein logon ko convince kiya, E Agra mein writings publish ki, aur F Delhi se Kabul tak paise aur letter bheja.  Iska matlab kya hota hai? Sabke actions ek conspiracy prove karne ke liye kaise use ho sakte hain?",code_mixed,Criminal Law,Indian Evidence Act 1872,"Okay, so this passage from the Indian Evidence Act is showing us how different actions, even if they seem separate, can collectively establish a conspiracy. Basically, it's saying that even if A is suspected of being part of a conspiracy to wage war against the Indian Government, the actions of B, C, D, E, and F can all be considered evidence.  B bringing arms, C collecting money, D recruiting people, E spreading propaganda, and F sending funds and information – all these are linked to the same overall goal.  For example, imagine a group planning to disrupt elections. One person might be printing fake ballots (like E publishing writings), another collecting donations (like C collecting money), and another distributing them (like F transmitting funds). Each action, on its own, might not seem suspicious, but together, they point to a larger, coordinated plan.  The court will look at the connection between these actions to determine if a conspiracy exists. This is under the Indian Evidence Act, specifically related to illustrations concerning conspiracy.","Indian Evidence Act 1872, Illustration to Section 13",Safe,procedural,Indian_Evidence_Act_1872__p15__c0,train
QA_091,"Okay, so, Constitution mein likha hai ki kaun disqualifed ho sakta hai, jisko koi government job nahi milegi? Basically, what are the conditions?",code_mixed,Constitutional Law,Constitution of India,"According to the Constitution of India, there are a few conditions under which a person can be disqualified from holding a government job. Firstly, if someone is an 'undischarged insolvent', meaning they haven't cleared their debts, they won't be eligible. Secondly, and this is important, if a person isn't a citizen of India, or has willingly become a citizen of another country, or owes allegiance to a foreign state, they are also disqualified.  The Constitution, specifically under Article 102(c) and (d), clearly states this.  Furthermore, Parliament can create laws that disqualify someone too – so, any law passed by Parliament can add to these disqualifications.  It's important to note, as per the Explanation, being a Minister for the Union or a State doesn't automatically disqualify someone from holding an office of profit within a State listed in the First Schedule. For example, if a Member of Parliament is also a director in a company that doesn't directly conflict with their parliamentary duties, they might not be disqualified.  The Constitution is quite specific about these limitations.  

Constitution of India, Article 102(c), (d), and Explanation.","Constitution of India, Article 102(c), (d), and Explanation",Safe,procedural,Constitution_of_India__p93__c0,train
QA_092,"Yaar, suppose Central Government encryption ke modes prescribe kar rahi hai. Agar koi unke rules follow na kare toh usko kya punishment hoga? Aur yeh sab Information Technology Act mein kaha likha hai?",code_mixed,Consumer and Cyber Law,Information Technology Act 2000,"Okay, so according to the Information Technology Act, 2000, if someone abets an offence – meaning they encourage or help someone commit a crime – and that crime actually happens because of their encouragement, then they can face punishment. However, the Act specifically states that if there's already a separate, specific punishment mentioned for that particular offence, then that punishment will apply. This section, 84B, deals with the punishment for abetment. Section 84A allows the Central Government to prescribe encryption methods for secure electronic communication and to promote e-governance and e-commerce. For example, imagine a company deliberately provides tools to hackers to bypass encryption protocols, leading to a data breach. That company could be held liable under Section 84B for abetting the offence of unauthorized access to data. The Act doesn't specify the exact punishment, as it depends on the specific offence abetted. It's a bit complex, right? Apni specific situation ke liye ek qualified lawyer se zaroor milein.","Information Technology Act, 2000, Sections 84A & 84B",Safe,procedural,IT_Act_2000__p32__c0,test
QA_093,"Police ko agar kisi se documents mangne ki zaroorat ho, toh woh kaise karte hain? Aur unke paas kya powers hain iske liye?",code_mixed,Criminal Law,Bharatiya Nagarik Suraksha Sanhita 2023,"According to the Bharatiya Nagarik Suraksha Sanhita 2023, police ko kisi case ke related documents ya cheezon ko mangne ka right hai. They can issue a letter – a ‘letter of request’ – to any person who might have relevant information or documents pertaining to the case. This letter allows them to ask that person to produce those documents or things.  It’s not just the person directly involved; police can even ask *another* person to provide documents if they think it’s relevant.  Once they collect this evidence – whether it's a statement, a document, or a physical thing – they have to forward it to the court that issued the letter.  They can send authenticated copies as well. The Central Government will specify the exact method for transmitting this letter of request. For example, if a fraud case involves a specific bank account, police might request the bank to provide account statements.  This is all under sub-section (1) and is considered evidence collected directly.  The whole process is designed to ensure proper evidence gathering and submission to the court.","Bharatiya Nagarik Suraksha Sanhita 2023, Sections 2(1), 2(2), 2(3)",Safe,procedural,BNSS_2023__p47__c1,train
QA_094,"Yeh Consumer Protection Act mein likha hai ki State Commission ke members ko kitna salary milega? Aur agar State Commission ke employees ki salary mein koi change ho toh, woh kaise decide hoga?",code_mixed,Consumer and Cyber Law,Consumer Protection Act 2019,"Okay, so according to the Consumer Protection Act, 2019, Section 42 specifically deals with certain procedural aspects. It mentions that the salaries and allowances payable to the President and members of the State Commission – basically, the people heading and sitting on the Commission – are covered under this Act.  Similarly, it also outlines the salaries and allowances for the officers and other employees working within the State Commission, particularly those mentioned under sub-section (3) of Section 46.  The Act doesn't detail *how much* they get, but it does state that these terms and conditions of service are governed by it. For example, if the State Government wants to increase the salary of a State Commission employee, they need to ensure it aligns with the broader framework established by the Act.  It also specifies how the State Commission needs to provide information to the State Government, as per Section 70, sub-section (5), and details about the consumer mediation cell as well.  Essentially, the Act sets the stage for these administrative and personnel matters.","Consumer Protection Act 2019, Section 42, Section 46(3), Section 70(5)",Safe,procedural,Consumer_Protection_Act_2019__p37__c1,train
QA_095,"Okay, so, agar main ek unlawful assembly mein hoon, aur usmein mere paas ek deadly weapon hai, toh mujhe kitna time jail lag sakta hai? Aur fine bhi lag sakta hai kya?",code_mixed,Criminal Law,Indian Penal Code 1860,"According to the Indian Penal Code, Section 144, if you are part of an unlawful assembly and you're armed with a deadly weapon – meaning anything that can cause death if used as a weapon – then you could face serious consequences. The law states that you can be imprisoned for a term that could be either description, which basically means you could get either simple imprisonment or rigorous imprisonment, and that term can extend up to two years.  Alternatively, the court can impose a fine, or even both imprisonment and a fine. It's not just about having the weapon; being *part* of the unlawful assembly while armed is the key factor. For example, imagine a group protesting, and one person within that group is carrying a knife. That person, being armed within the assembly, falls under Section 144. Section 145 also deals with continuing in an assembly after it's been ordered to disperse, but this question specifically focuses on the weapon aspect.  It's a very serious charge, so understanding the implications is crucial.  Remember, this is just a general explanation based on the IPC.","Indian Penal Code, Sections 144 & 145",Safe,procedural,IPC_1860__p64__c0,train
QA_096,"Okay, so, agar mere bachche ke against koi case ho, aur hum log afford nahi kar pa rahe legal counsel ko, toh kya hota hai? Kya government help kar sakti hai?",code_mixed,Children's Rights,Protection of Children from Sexual Offences Act 2012,"According to the Protection of Children from Sexual Offences Act, 2012 (POCSO), if your family or the child's guardian cannot afford a legal counsel for a case related to offences under this Act, you are entitled to receive assistance. Section 40 specifically addresses this. The Legal Services Authority will provide a lawyer to you, free of cost. This is a really important safeguard, especially considering the sensitive nature of these cases and the potential impact on the child. For example, imagine a low-income family where a child is accused of something; they might not have the resources to hire a good lawyer. In that situation, the Legal Services Authority steps in to ensure they have proper legal representation. This provision ensures fairness and access to justice, regardless of financial status. It's crucial to remember that this right is subject to the proviso of Section 301 of the Code of Criminal Procedure, 1973, but the core principle remains – if you can't afford a lawyer, you'll get one. Apni specific situation ke liye ek qualified lawyer se zaroor milein.","POCSO Act, Section 40",Safe,procedural,POCSO_2012__p15__c0,train
QA_097,"Sir, agar koi SC/ST member ko FIR register karne ke baad police ne photocopy free mein nahi di toh kya karein? Aur proceedings video record bhi nahi ho rahe toh?",code_mixed,Labour and Social Welfare,Scheduled Castes and Scheduled Tribes (Prevention of Atrocities) Act 1989,"Okay, so according to the Scheduled Castes and Scheduled Tribes (Prevention of Atrocities) Act, 1989, there's a very specific duty placed on the Investigating Officer and Station House Officer. Section 9 clearly states that after you, as the victim, informant, or even a witness, file a complaint – whether it's about intimidation, coercion, violence, or threats – the police *must* give you a free photocopy of the First Information Report (FIR). It's a fundamental right, ensuring you have a record of what's been reported. Similarly, Section 10 mandates that all proceedings related to offences under this Act *have* to be video recorded. This is for transparency and to prevent any kind of manipulation. 

For example, let's say a Dalit woman reports harassment. The police are legally obligated to give her a free FIR copy and record the entire investigation process on video. If they fail to do so, it's a serious violation of the law. This is to protect vulnerable communities. It's important to note that the State also has a duty to specify a scheme to ensure implementation of these provisions.  Ignoring these provisions can seriously impact the case. Apni specific situation ke liye ek qualified lawyer se zaroor milein.","Scheduled Castes and Scheduled Tribes (Prevention of Atrocities) Act, 1989 - Sections 9 & 10",Safe,procedural,SC_ST_Atrocities_Act_1989__p15__c0,train
QA_098,"Yaar, agar koi intentionally, matlab deliberately, kisi aur ki jagah khada ho jaye aur police ko bol de ki woh Z hai, toh usko kya kaha jayega? Aur uske consequences kya ho sakte hain, according to the new law?",code_mixed,Criminal Law,Bharatiya Nyaya Sanhita 2023,"According to the Bharatiya Nyaya Sanhita 2023, if someone, like 'B' in the illustration, knowingly misrepresents themselves as another person ('Z') to a public officer ('A') who has a warrant to apprehend 'Z', they can be considered instigating the doing of an act. This is because 'B' is wilfully representing a false fact – that they *are* 'Z' – when they know it's not true.  Explanation 1 clarifies that this wilful misrepresentation or concealment of a material fact, leading to someone being made to do something, constitutes instigation.  So, 'B' is essentially encouraging the police to take action against the wrong person. The law focuses on the intentional nature of the deception. For example, imagine a case where someone pretends to be a wanted criminal to divert police attention from the actual criminal. This falls under the definition of instigation as described in the Sanhita. The specific penalties would depend on the underlying offense the warrant was for, but the act of instigation itself can be a separate charge.  It's a serious matter, highlighting the importance of accurate identification and truthful representation to law enforcement. Bharatiya Nyaya Sanhita 2023, Explanation 1 & Illustration.","Bharatiya Nyaya Sanhita 2023, Explanation 1 & Illustration",Safe,procedural,BNS_2023__p30__c1,train
QA_099,"Yeh admission, jo koi karta hai, usko usne khud court mein kaise prove kar sakta hai? Kya uske liye koi exception hain?",code_mixed,Criminal Law,Indian Evidence Act 1872,"Okay, so according to the Indian Evidence Act, 1872, generally, an admission made by someone cannot be used as evidence *by* that person or their representative. It's a bit tricky, right? But there are exceptions. Firstly, if the person making the admission were to die, would that admission be relevant for other people involved? If the answer is yes, then the person making it *can* prove it in court. Secondly, and this is important, if the admission is about their state of mind or body – like, maybe they’re saying ‘I was feeling unwell’ or ‘I was scared’ – and that state of mind or body is relevant to the case or is actually an issue being debated, then they *can* prove it. It has to be made around the time when that state existed. 

For example, imagine someone says, 'I was very nervous before signing this contract.' If the nervousness is relevant to proving duress, they can use that statement. This is all under Section 32 and the exceptions mentioned in the Act. Remember, this is just about admissions; other types of evidence have different rules. Apni specific situation ke liye ek qualified lawyer se zaroor milein.","Indian Evidence Act, 1872 Section 32",Safe,procedural,Indian_Evidence_Act_1872__p20__c0,val
QA_100,"Yaar, agar koi highway par se koi robbery kare toh usko kitna saal jail hogi? And fine bhi lag sakta hai kya?",code_mixed,Criminal Law,Indian Penal Code 1860,"Okay, so according to the Indian Penal Code, 1860, if someone commits robbery, especially on a highway, they can face a pretty serious punishment. The law says that the person committing the robbery will be sentenced to rigorous imprisonment, which means hard labor in jail, for a term that can go all the way up to ten years. That's a significant amount of time, right?  Plus, they'll also be liable to pay a fine.  So, it's not just jail time, but also a financial penalty.  For example, imagine a group of people stopping a car on a highway and stealing valuables – that would be considered robbery under Section 392. The court will decide the exact length of the imprisonment and the amount of the fine based on the specifics of the case.  It's important to remember this is just the general punishment; other factors can influence the final sentence.  The law specifically mentions this punishment in Section 392 of the Indian Penal Code.","Indian Penal Code 1860, Section 392",Safe,procedural,IPC_1860__p176__c0,val
QA_101,"Okay, so Constitution mein likha hai ki Lok Sabha mein Scheduled Castes aur Tribes ke liye seats reserve ki jaati hain. Par Assam ke autonomous districts mein Scheduled Tribes ke liye kya rule hai?  Basically, Assam mein tribal areas mein reservation kaise work karta hai?",code_mixed,Constitutional Law,Constitution of India,"According to Article 330 of the Constitution of India, seats are reserved in the Lok Sabha (House of the People) for Scheduled Castes, Scheduled Tribes (excluding those in autonomous districts of Assam), and Scheduled Tribes specifically *within* the autonomous districts of Assam. The key point here is that the reservation for Scheduled Tribes is different depending on whether the area is an autonomous district or not.  So, if a tribal area in Assam is designated as autonomous, then seats are reserved for the Scheduled Tribes residing in that particular autonomous district. The number of reserved seats in any state, including Assam, or Union Territory, must be proportional to the total number of seats allocated to that state. For example, if a state has 100 seats and the Scheduled Castes make up 20% of the population, roughly 20 seats would be reserved for them. This applies similarly to Scheduled Tribes, adjusted for their population within the state, with a specific provision for autonomous districts in Assam.  It's all about maintaining a proportional representation as much as possible.","Constitution of India, Article 330",Safe,procedural,Constitution_of_India__p200__c0,val
QA_102,"अगर किसी को अदालत ने सजा सुनाई है, तो अधिकतम सजा क्या हो सकती है? क्या अदालत किसी को हमेशा के लिए जेल में रख सकती है?",hindi,Criminal Law,Bharatiya Nagarik Suraksha Sanhita 2023,"भारतीय नागरिक सुरक्षा संहिता 2023 (Bharatiya Nagarik Suraksha Sanhita 2023) के अनुसार, किसी व्यक्ति को दी जा सकने वाली अधिकतम सजा अदालत के दोबारा खुलने तक की कैद या फिर इस संहिता के प्रावधानों के तहत त्वरित सुनवाई के बाद सुनाई गई सजा हो सकती है। यदि किसी को मृत्युदंड की सजा सुनाई जाती है, तो सजा में यह स्पष्ट रूप से लिखा होगा कि उसे फांसी पर लटकाकर मार दिया जाए। अदालत किसी को हमेशा के लिए जेल में नहीं रख सकती, क्योंकि सजा की अवधि या तो अदालत के दोबारा खुलने तक सीमित होती है या त्वरित सुनवाई के बाद तय की जाती है। उदाहरण के लिए, यदि किसी को चोरी के आरोप में दोषी ठहराया जाता है, तो अदालत उसे कुछ वर्षों के लिए जेल में भेज सकती है, लेकिन अदालत के दोबारा खुलने तक या त्वरित सुनवाई के बाद तय की गई अवधि तक ही। हर आदेश, चाहे वह धारा 136 के तहत हो या धारा 157 की उप-धारा (2) के तहत, और धारा 144, 164 या 166 के तहत अंतिम आदेश, में निर्णय के बिंदु, उस पर निर्णय और निर्णय के कारण शामिल होने चाहिए।","Bharatiya Nagarik Suraksha Sanhita 2023, Sections 136, 157(2), 144, 164, 166, 394",Safe,procedural,BNSS_2023__p137__c1,train
QA_103,"Yaar, mujhe yeh samajh mein nahi aa raha hai ki Central Adoption Resource Authority (CARA) actually kya karta hai? Iski responsibilities kya hain, especially adoption ke matter mein?",code_mixed,Children's Rights,Juvenile Justice (Care and Protection of Children) Act 2015,"Okay, so according to the Juvenile Justice (Care and Protection of Children) Act, 2015, the Central Adoption Resource Authority, or CARA, is a really important body. Basically, if any Resource Agency was already existing before this Act came into force, it's now considered to be CARA. Its main job is to promote adoptions within India – that’s ‘in-country adoptions’ – and also to help with adoptions between different states, working together with the State Agencies.  They also regulate adoptions that happen across international borders, which is ‘inter-country adoptions’. Think of it like this: a couple wants to adopt a child from another state, CARA helps coordinate that process.  And, they have the power to make rules and regulations about adoption whenever they feel it’s needed.  They’re also the Central Authority responsible for following the Hague Convention on Protection of Children. So, they’re handling everything from domestic to international adoption procedures. It’s a big responsibility, ensuring adoption happens smoothly and legally.  It’s all about protecting the child’s best interests.","Juvenile Justice (Care and Protection of Children) Act, 2015, Section 41",Safe,procedural,Juvenile_Justice_Act_2015__p35__c1,val
QA_104,"अगर किसी अदालत में कोई काम असाधारण परिस्थितियों में किया गया हो, तो क्या उस काम को चुनौती दी जा सकती है? उदाहरण के लिए, अगर किसी मुकदमे के दौरान अचानक बाढ़ आ जाए और अदालत को जल्दी से फैसला लेना पड़े, तो क्या फैसले को बाद में रद्द किया जा सकता है?",hindi,Criminal Law,Indian Evidence Act 1872,"भारतीय साक्ष्य अधिनियम, 1872 की धारा 134 के अनुसार, किसी मामले की सुनवाई के दौरान परिस्थितियाँ बदल सकती हैं या असाधारण हो सकती हैं। इसका मतलब है कि अदालत को किसी विशेष परिस्थिति में जल्दी से निर्णय लेना पड़ सकता है। लेकिन, इसका यह मतलब नहीं है कि उस निर्णय को हमेशा चुनौती दी जा सकती है। अदालत यह देखेगी कि क्या असाधारण परिस्थितियों के कारण निर्णय लेने में कोई गलती हुई थी या नहीं। उदाहरण के लिए, मान लीजिए कि एक संपत्ति विवाद में, अदालत को अचानक आग लगने के कारण तुरंत फैसला लेना पड़ा। अदालत यह देखेगी कि क्या आग के कारण उचित सुनवाई नहीं हो पाई। अगर ऐसा है, तो फैसले को रद्द किया जा सकता है। लेकिन, अगर अदालत ने उचित विचार-विमर्श के बाद ही फैसला लिया है, तो उसे रद्द करना मुश्किल होगा। अधिनियम में यह भी कहा गया है कि अगर कोई पत्र डाक से भेजा गया हो, लेकिन डाक व्यवस्था में व्यवधान के कारण वह समय पर नहीं पहुंचा, तो भी यह एक प्रासंगिक परिस्थिति हो सकती है।","Indian Evidence Act 1872, Section 134",Safe,procedural,Indian_Evidence_Act_1872__p49__c1,train
QA_105,"Yaar, agar main kuch false information de dunga police ko, toh maximum kitna punishment ho sakta hai? Fine bhi lag sakta hai?",code_mixed,Criminal Law,Indian Penal Code 1860,"Okay, so according to the Indian Penal Code, 1860, if you furnish false information, the punishment can be quite serious. The law says you could face imprisonment for up to six months, or a fine that can go all the way up to one thousand rupees, or even both – jail *and* a fine! Now, there's a little twist. If the police needed to get this information through an order under Section 565 of the Criminal Procedure Code, 1898, then the punishment gets a bit stricter. In that case, you could still get up to six months imprisonment, or the same fine of one thousand rupees, or both again.  For example, imagine police are investigating a fraud case and ask you for details about a transaction. If you deliberately give them incorrect information, you could be penalized under this section.  It's important to understand that providing false information is a serious offense and can have legal consequences.  The exact punishment will depend on the specifics of the case and the court's discretion. Apni specific situation ke liye ek qualified lawyer se zaroor milein.","Indian Penal Code, 1860 Section 177; Criminal Procedure Code, 1898 Section 565",Safe,procedural,IPC_1860__p79__c0,train
QA_106,"अगर किसी व्यक्ति को विदेश से पैसे मिले, तो क्या यह साबित किया जा सकता है कि उसने कोई अपराध किया है या उसे जुर्माना भरना होगा?",hindi,Constitutional Law,Legal Services Authorities Act 1987,"Legal Services Authorities Act, 1987 के सेक्शन (c) के अनुसार, अगर किसी व्यक्ति को विदेश से पैसे मिले हैं, तो इस बात को सबूत के तौर पर इस्तेमाल नहीं किया जा सकता कि उसने कोई अपराध किया है या उसे किसी कानून के तहत जुर्माना भरना होगा। इसका मतलब है कि विदेश से मिले पैसे की जानकारी को अदालत में अपराध साबित करने के लिए इस्तेमाल नहीं किया जा सकता। हालांकि, यह नियम कुछ मामलों में लागू नहीं होता। उदाहरण के लिए, अगर किसी को विदेश से पैसे भारत में लाने के लिए Foreign Exchange Regulation Act, 1973 या Income-tax Act, 1961 के नियमों के तहत लाने की आवश्यकता है, तो उस पैसे को सबूत के तौर पर इस्तेमाल किया जा सकता है। मान लीजिए, किसी व्यक्ति को अपनी पढ़ाई के लिए विदेश से पैसे मिले, लेकिन उसे भारत में लाने के लिए नियमों का पालन नहीं किया। इस स्थिति में, अदालत उस पैसे को सबूत के तौर पर इस्तेमाल कर सकती है। यह कानून यह सुनिश्चित करता है कि विदेश से पैसे मिलने के कारण किसी को बेवजह परेशान न किया जाए।","Legal Services Authorities Act, 1987, Section (c)",Safe,procedural,Legal_Services_Authorities_Act_1987__p5__c0,val
QA_107,"Yeh Form No. 27 kya hai? Aur agar koi land ya water pe dispute hai, toh magistrate kya kar sakta hai?",code_mixed,Criminal Law,Code of Criminal Procedure 1973,"Okay, so Form No. 27 is basically an order that a magistrate can issue, according to the Code of Criminal Procedure. It's used when there's a dispute – a *dispute* – about the right to use some land or water. The passage says it's issued when a disagreement arises concerning the use of something within the magistrate’s area.  The magistrate has to look into the matter, *due inquiry* woh karna padta hai, and see who's claiming exclusive possession.  If it turns out that the land or water has been used by the public, or even by a specific group of people, the magistrate can issue this order.  For example, imagine a local pond that everyone in the village uses for washing clothes and getting water. If one person claims it’s *only* theirs, and the magistrate finds that the villagers have been using it for years, they can use Form 27 to prohibit that person from stopping the public’s access.  This is all under Section 147 of the Code of Criminal Procedure 1973. The magistrate essentially protects the existing usage.  It’s about maintaining the status quo until the dispute is resolved properly.","Code of Criminal Procedure 1973, Section 147",Safe,procedural,CrPC_1973__p244__c0,val
QA_108,"अगर किसी व्यक्ति को जमानत देने में विफल रहने के कारण जेल में बंद कर दिया गया है, और उसने अब जमानत दे दी है, तो उसे जेल से कब और कैसे छोड़ा जाएगा?",hindi,Criminal Law,Code of Criminal Procedure 1973,"भारतीय दंड संहिता की धारा 442 के अनुसार, यदि कोई व्यक्ति जमानत देने में विफल रहने के कारण जेल में बंद है और बाद में उसने कानूनी रूप से जमानत (bond) जमा कर दी है, तो उसे तुरंत जेल से रिहा किया जाना चाहिए। अदालत एक 'वॉरंट टू डिस्चार्ज' (Warrant to Discharge) जारी करेगी, जिसे फॉर्म नंबर 46 के रूप में जाना जाता है। यह वारंट जेल के अधिकारी को निर्देश देगा कि वह उस व्यक्ति को तत्काल रिहा कर दे, जब तक कि उसे किसी अन्य कारण से हिरासत में रखने का अधिकार न हो। 

उदाहरण के लिए, मान लीजिए कि रमेश को एक छोटे अपराध के लिए जमानत देने के लिए कहा गया था, लेकिन वह ऐसा करने में विफल रहा और जेल में बंद कर दिया गया। बाद में, रमेश ने सफलतापूर्वक जमानत जमा कर दी। इस स्थिति में, अदालत फॉर्म 46 जारी करेगी और जेल अधिकारी रमेश को तुरंत रिहा कर देंगे। यह प्रक्रिया सुनिश्चित करती है कि व्यक्ति को अनावश्यक रूप से हिरासत में न रखा जाए जब उसने कानूनी रूप से जमानत दे दी हो। यह वारंट अदालत द्वारा जारी किया जाता है और जेल अधिकारी को उस व्यक्ति को रिहा करने का अधिकार देता है।","Code of Criminal Procedure 1973, Section 442, Section 441",Safe,procedural,CrPC_1973__p255__c0,train
QA_109,"Yaar, agar main kisi bachche ko, jo 20 saal se kam umar ka hai, koi obscene object bech deta hoon, toh mujhe kitna punishment hoga? Aur 'obscene object' matlab kya hota hai, isko?",code_mixed,Criminal Law,Indian Penal Code 1860,"Okay, so according to the Indian Penal Code, Section 293, if you sell, rent, distribute, show, or even circulate any obscene object to someone who's under 20 years old, you're in trouble. The law specifically targets protecting young people from exposure to such material.  'Obscene object' refers to the kind of material described in the previous section (Section 292, which we aren't looking at here, but it defines what's obscene). Basically, it's anything considered indecent or offensive to public morals.  The punishment for this, on your first conviction, is imprisonment. The court can choose either type of imprisonment – meaning they can decide on a jail term or a term of imprisonment which isn't a jail term.  For example, if someone was selling comic books with very explicit content to a 16-year-old, that could fall under this section.  It's a serious offense, and the courts take it very seriously.  Remember, this is just based on Section 293 of the Indian Penal Code.  Apni specific situation ke liye ek qualified lawyer se zaroor milein.","Indian Penal Code, Section 293",Safe,procedural,IPC_1860__p129__c0,train
QA_110,"अगर मेरे पास गलती से कोई ऐसी चीज़ मिल जाए जिससे सरकारी स्टैम्प नकली बनाए जा सकते हैं, तो क्या होगा? क्या मुझे पुलिस को बताना चाहिए या चुप रहना बेहतर होगा?",hindi,Criminal Law,Indian Penal Code 1860,"भारतीय दंड संहिता, 1860 की धारा 256 के अनुसार, यदि आपके पास कोई भी उपकरण या सामग्री है जिसका इस्तेमाल सरकारी स्टैम्प को नकली बनाने के लिए किया जा सकता है, या आपको पता है या संदेह है कि इसका इस्तेमाल नकली स्टैम्प बनाने के लिए किया जाएगा, तो आप अपराध कर सकते हैं। आपको सात साल तक की कैद की सजा हो सकती है। यह ज़रूरी नहीं है कि आपने खुद नकली स्टैम्प बनाने का इरादा किया हो; सिर्फ़ उस सामग्री का कब्ज़ा रखना भी अपराध है। उदाहरण के लिए, मान लीजिए कि आप किसी पुराने घर की सफाई कर रहे हैं और आपको कुछ प्लेटें या डाई मिलती हैं जिनका इस्तेमाल स्टैम्प बनाने के लिए किया जा सकता है। यदि आप जानते हैं कि ये स्टैम्प बनाने के लिए इस्तेमाल हो सकते हैं, तो आप मुसीबत में पड़ सकते हैं। इसलिए, यदि आपको ऐसी कोई चीज़ मिलती है, तो सबसे अच्छा है कि आप तुरंत पुलिस को सूचित करें और सहयोग करें। चुप रहने से स्थिति और खराब हो सकती है। इस धारा का उद्देश्य सरकारी राजस्व को नुकसान पहुंचाने वाले धोखाधड़ी को रोकना है।","Indian Penal Code, 1860 Section 256",Safe,procedural,IPC_1860__p116__c0,train
QA_111,"Police ko agar koi crime hone ka suspicion ho, toh unko kya karna chahiye? Kya woh khud jaa sakte hain ya kisi aur ko bhejenge?",code_mixed,Criminal Law,Code of Criminal Procedure 1973,"Okay, so according to the Code of Criminal Procedure, 1973, if a police station gets a reason to believe that a crime has been committed – a suspicion, you know – and they have the power to investigate it under Section 156, then they have to immediately send a report to a Magistrate. This Magistrate is the one who can take action based on a police report. Now, the police themselves can go to the spot to investigate, or they can send one of their officers. But this officer can't be just anyone; they need to be a subordinate officer who holds a rank that the State Government has decided is appropriate. 

For example, let's say there's a report of a minor theft at a shop. The police station, having reason to suspect a crime, will send a report to the Magistrate and then a constable, or maybe an ASI depending on the state rules, will go to the shop to collect evidence and talk to witnesses. The whole point is to properly investigate the facts and circumstances. It’s all about ensuring a fair and thorough investigation.  The police have a responsibility to act swiftly and correctly. 

Apni specific situation ke liye ek qualified lawyer se zaroor milein.","Code of Criminal Procedure, 1973 Section 156",Safe,procedural,CrPC_1973__p80__c0,train
QA_112,"अगर किसी मामले में हाईकोर्ट सर्टिफ़िकेट जारी करता है कि यह भारतीय संविधान की व्याख्या से जुड़ा एक महत्वपूर्ण कानूनी सवाल है, तो क्या इसका मतलब है कि मैं सुप्रीम कोर्ट में अपील कर सकता हूँ? अपील करने की प्रक्रिया क्या होगी?",hindi,Constitutional Law,Constitution of India,"हाँ, अगर हाईकोर्ट अनुच्छेद 134A के तहत सर्टिफ़िकेट जारी करता है, तो आप सुप्रीम कोर्ट में अपील कर सकते हैं। यह सर्टिफ़िकेट दर्शाता है कि मामला संविधान की व्याख्या से जुड़ा एक महत्वपूर्ण कानूनी मुद्दा है। अपील करने का आधार यह होगा कि हाईकोर्ट ने उस कानूनी सवाल का गलत फैसला दिया है। इसका मतलब है कि आपको यह साबित करना होगा कि हाईकोर्ट का निर्णय गलत था। उदाहरण के लिए, मान लीजिए कि हाईकोर्ट ने किसी विशेष कानून की संवैधानिक वैधता पर फैसला दिया है, और आपको लगता है कि हाईकोर्ट ने संविधान की सही व्याख्या नहीं की है, तो आप सुप्रीम कोर्ट में अपील कर सकते हैं। यह अपील केवल उस सवाल पर केंद्रित होगी जिसे हाईकोर्ट ने गलत तरीके से तय किया है। यह प्रक्रिया भारतीय संविधान के अनुच्छेद 134A के तहत आती है। इस अनुच्छेद के अनुसार, हाईकोर्ट का सर्टिफ़िकेट अपील करने का आधार बनता है।","Constitution of India, Article 134A",Safe,procedural,Constitution_of_India__p66__c0,train
QA_113,"Yaar, mujhe yeh samajh nahi aa raha hai, agar kisi ko summary trial mein convicted kiya jata hai toh maximum kitne jail tak ja sakta hai? Aur is trial mein procedure kya follow hota hai?",code_mixed,Criminal Law,Bharatiya Nagarik Suraksha Sanhita 2023,"Okay, so according to the Bharatiya Nagarik Suraksha Sanhita 2023, if someone is convicted in a summary trial, the maximum sentence they can receive is imprisonment for a term not exceeding three months. That's it – no longer than three months. The procedure followed in these summary trials is essentially the same as what's used for summons cases under this Sanhita. Basically, it's a simplified and quicker trial process. 

For example, let's say someone is caught shoplifting something worth less than ₹500. The police might opt for a summary trial instead of a full-blown court case. The Magistrate would then follow the summons case procedure, and if convicted, the maximum jail time would be three months. The Magistrate also has to record certain details like the case serial number and the date of the trial, as directed by the State Government. It's all about streamlining the process for less serious offenses. Remember, this is just based on the information provided in the Sanhita. Apni specific situation ke liye ek qualified lawyer se zaroor milein.","Bharatiya Nagarik Suraksha Sanhita 2023, Sections 285 & 286",Safe,procedural,BNSS_2023__p104__c0,train
QA_114,"अगर किसी मजिस्ट्रेट को किसी आरोपी को वीडियो लिंक के माध्यम से पेश करने का अधिकार है, तो यह कैसे सुनिश्चित किया जा सकता है कि यह प्रक्रिया सही ढंग से हो रही है और आरोपी के अधिकारों का उल्लंघन नहीं हो रहा है?",hindi,Criminal Law,Code of Criminal Procedure 1973,"भारतीय दंड प्रक्रिया संहिता, 1973 (Code of Criminal Procedure, 1973) के अनुसार, मजिस्ट्रेट वीडियो लिंक के माध्यम से आरोपी को पेश करने का अधिकार रखते हैं। यह विशेष रूप से तब उपयोगी होता है जब आरोपी को दूरस्थ स्थान पर रखा गया हो या सुरक्षा कारणों से व्यक्तिगत रूप से पेश करना संभव न हो।  इस प्रक्रिया को सही ढंग से सुनिश्चित करने के लिए, मजिस्ट्रेट को यह सुनिश्चित करना होगा कि वीडियो लिंक स्पष्ट और विश्वसनीय हो, और आरोपी को अपनी बात रखने और वकील से परामर्श करने का अवसर मिले। उदाहरण के लिए, यदि किसी व्यक्ति पर चोरी का आरोप है और वह जेल में है, तो मजिस्ट्रेट वीडियो लिंक के माध्यम से उसे पेश कर सकते हैं ताकि सुनवाई हो सके।  यह सुनिश्चित करना महत्वपूर्ण है कि आरोपी को वीडियो लिंक के माध्यम से पेश करने के फैसले के बारे में सूचित किया जाए और उसे इस प्रक्रिया के खिलाफ अपील करने का अधिकार हो।  मजिस्ट्रेट को यह भी सुनिश्चित करना चाहिए कि वीडियो रिकॉर्डिंग सुरक्षित रखी जाए और केवल अधिकृत व्यक्तियों द्वारा ही देखी जाए।","Code of Criminal Procedure, 1973 Section 167",Safe,procedural,CrPC_1973__p89__c0,train
QA_115,"Yeh Guardians and Wards Act mein likha hai ki guardian apne office se profit nahi kar sakta. Lekin agar guardian ne ward ki property purchase kar li toh kya hota hai? Aur agar ward, guardian se purchase karta hai, then what happens, especially when ward ab minor nahi hai?",code_mixed,Children's Rights,Guardians and Wards Act 1890,"According to the Guardians and Wards Act 1890, a guardian cannot make any profit from their position. Section 20 clearly states this. Now, regarding purchases, the Act says the fiduciary relationship between a guardian and their ward extends to purchases made by either party – the guardian buying the ward’s property, or the ward buying the guardian’s property. This applies not just during the ward’s minority, but also immediately or soon after they become an adult, and generally any transaction between them while the guardian’s influence is still present or recent.  So, if a guardian buys land from their ward just after the ward turns 18, it could be considered problematic. For example, if a guardian buys land for a significantly lower price than the market value, it raises suspicion of undue influence. The Act aims to protect wards from exploitation. It’s about ensuring fairness and preventing guardians from taking advantage of their position.  The law looks at the timing and circumstances of the transaction.  Section 21 also clarifies that a minor cannot act as a guardian.","Guardians and Wards Act 1890, Sections 20 & 21",Safe,procedural,Guardians_Wards_Act_1890__p9__c1,train
QA_116,"अगर कोई सैनिक किसी आम नागरिक को गलत तरीके से गिरफ्तार कर ले, तो क्या होगा? क्या सैनिक को गिरफ्तार किया जा सकता है?",hindi,Criminal Law,Code of Criminal Procedure 1973,"भारतीय दंड प्रक्रिया संहिता, 1973 (Code of Criminal Procedure, 1973) के अनुसार, सशस्त्र बलों के सदस्यों को उनके आधिकारिक कर्तव्यों के निर्वहन के दौरान की गई किसी भी कार्रवाई के लिए गिरफ्तार नहीं किया जा सकता है, जब तक कि केंद्र सरकार की सहमति प्राप्त न हो जाए। हालाँकि, राज्य सरकार अधिसूचना जारी करके यह निर्देश दे सकती है कि सार्वजनिक व्यवस्था बनाए रखने के कार्य में लगे बल के सदस्यों के एक विशिष्ट वर्ग या श्रेणी पर यह उपधारा लागू होगी, चाहे वे कहीं भी सेवा कर रहे हों। ऐसे निर्देश के बाद, उपधारा के प्रावधान केंद्र सरकार के उल्लेख को राज्य सरकार के रूप में मानते हुए लागू होंगे। उदाहरण के लिए, यदि कोई सैनिक किसी नागरिक को गलती से गिरफ्तार करता है, तो उसे तुरंत गिरफ्तार नहीं किया जा सकता है; पहले केंद्र सरकार से अनुमति लेनी होगी। यह प्रक्रिया सशस्त्र बलों के सदस्यों को गलत गिरफ्तारी से बचाने के लिए बनाई गई है, लेकिन यह सुनिश्चित करती है कि यदि कोई गलती होती है, तो उचित कार्रवाई की जा सकती है। यह ध्यान रखना महत्वपूर्ण है कि राज्य सरकार इस नियम को कुछ विशिष्ट परिस्थितियों में लागू कर सकती है।","Code of Criminal Procedure, 1973, Section 2",Safe,procedural,CrPC_1973__p42__c1,train
QA_117,"Yeh 'District Level Statement of Expenditure' document, Beti Bachao Beti Padhao scheme ke under, actually kya dikhaata hai? Aur ismein 'GFR 12-C' ka kya matlab hai?",code_mixed,Government Schemes,Beti Bachao Beti Padhao Scheme Guidelines,"Okay, so this 'District Level Statement of Expenditure' document, it's basically a record, right? It shows how much money a state, UT, or district has spent on the Beti Bachao Beti Padhao (BBBP) scheme. It's like a detailed breakdown of all the expenses. The document mentions a 'Form GFR 12-C', which is a standard Utilization Certificate form. This certificate confirms that the funds received as grants-in-aid – the money given by the government – have been used for the intended purpose of the BBBP scheme.  It details the total amount sanctioned, the unspent balance from the previous year, and the actual amount utilized. For example, if a district received Rs. 50 lakhs and had Rs. 10 lakhs leftover from last year, and they spent Rs. 40 lakhs this year on awareness campaigns and education programs, that would be documented here.  The document references the Ministry/Department letter number and the financial year. It's all about accountability and ensuring the funds are being used correctly. There's no specific Act or Section mentioned in this passage, it's purely procedural documentation.",N/A - No Act or Section mentioned,Safe,procedural,Beti_Bachao_Beti_Padhao__p98__c0,train
QA_118,"ग्राम पंचायत स्तर पर 'बेटी बचाओ, बेटी पढ़ाओ' योजना के तहत CSR (कॉर्पोरेट सामाजिक उत्तरदायित्व) के तहत क्या-क्या कदम उठाने की अपेक्षा की जाती है?",hindi,Government Schemes,Beti Bachao Beti Padhao Scheme Guidelines,"‘बेटी बचाओ, बेटी पढ़ाओ’ योजना के अंतर्गत ग्राम पंचायतों से CSR के माध्यम से कुछ महत्वपूर्ण कदम उठाने की अपेक्षा की जाती है। सबसे पहले, ग्राम पंचायतों को एक विशेष ग्राम सभा की बैठक आयोजित करनी चाहिए। इस बैठक में पिछले कुछ वर्षों में लड़के और लड़कियों के जन्म दर पर चर्चा होनी चाहिए, पुरुषों की संख्या महिलाओं से अधिक होने के प्रभाव पर विचार होना चाहिए, और भ्रूण लिंग निर्धारण और भ्रूण हत्या की गैरकानूनी प्रकृति के बारे में जागरूकता बढ़ानी चाहिए। इसके अतिरिक्त, ग्राम पंचायतों को लड़कियों के महत्व को बढ़ावा देने के लिए वकालत करनी चाहिए। इसके साथ ही, महिलाओं के लिए एक महिला सभा का गठन करना आवश्यक है, जो नियमित रूप से बैठकें करे और यहां सूचीबद्ध कार्यों की समीक्षा करे। उदाहरण के लिए, यदि किसी गांव में लिंगानुपात कम है, तो ग्राम पंचायत CSR फंड का उपयोग लड़कियों की शिक्षा को बढ़ावा देने के लिए कर सकती है। यह योजना किसी भी विशिष्ट अधिनियम या धारा का उल्लेख नहीं करती है, बल्कि यह दिशानिर्देशों का एक हिस्सा है। Apni specific situation ke liye ek qualified lawyer se zaroor milein.",कोई विशिष्ट अधिनियम या धारा नहीं,Safe,procedural,Beti_Bachao_Beti_Padhao__p93__c0,train
QA_119,"Yaar, agar koi bachche ko beging ke liye use karta hai, toh usko kya punishment milegi? Aur agar koi guardian nahi hai toh kya hota hai?",code_mixed,Criminal Law,Indian Penal Code 1860,"Okay, so according to the Indian Penal Code, 1860, if someone employs or uses a person for begging, they can face imprisonment for life, and also a fine. But the situation gets even more serious if that person isn't the lawful guardian of a minor. In that case, the law *presumes* – that means it assumes – that the person kidnapped the minor or somehow illegally got their custody, all with the intention of using them for begging.  Now, this presumption stands until proven otherwise.  Basically, the burden of proof shifts to the person using the minor to show they didn't do anything wrong.  

For example, imagine someone taking a young child from a village and forcing them to beg in a city. If that person isn't the child's parent or legal guardian, the police will likely assume they kidnapped the child to exploit them for begging. They'll have to prove they didn't. This is a very serious offense under the IPC. The law is very strict about protecting minors from exploitation.  It's all covered under Section 3 of the Indian Penal Code, 1860.  

Apni specific situation ke liye ek qualified lawyer se zaroor milein.","Indian Penal Code, 1860 Section 3",Safe,procedural,IPC_1860__p159__c0,train
QA_120,"अगर कोई गवाह अदालत में गवाही देने से इनकार कर देता है, तो क्या इससे उसके खिलाफ या उसके साथ मुकदमे में चल रहे किसी अन्य व्यक्ति के खिलाफ कोई नकारात्मक धारणा बनती है?",hindi,Criminal Law,Code of Criminal Procedure 1973,"भारतीय दंड प्रक्रिया संहिता, 1973 (Code of Criminal Procedure, 1973) के अनुसार, अगर कोई गवाह अदालत में गवाही देने से इनकार करता है, तो इससे उसके खिलाफ या उसके साथ मुकदमे में चल रहे किसी अन्य व्यक्ति के खिलाफ कोई नकारात्मक धारणा नहीं बनती है। अदालत या कोई भी पक्ष इस इनकार पर कोई टिप्पणी नहीं कर सकता। इसका मतलब है कि गवाही देने से इनकार करने के कारण उस व्यक्ति पर कोई संदेह नहीं डाला जा सकता। उदाहरण के लिए, मान लीजिए कि एक चोरी के मामले में, एक संदिग्ध गवाही देने से इनकार कर देता है। इस इनकार के आधार पर उसे दोषी नहीं ठहराया जा सकता। धारा 98, 107, 108, 109, 110, अध्याय IX, भाग B, भाग C, या भाग D के तहत कार्यवाही में शामिल कोई भी व्यक्ति गवाही दे सकता है। लेकिन धारा 108 के तहत कार्यवाही में कुछ विशेष नियम लागू हो सकते हैं। यह अधिकार किसी भी व्यक्ति को दिया गया है जो आपराधिक अदालत में कार्यवाही का सामना कर रहा है।","Code of Criminal Procedure, 1973, Sections 98, 107, 108, 109, 110, Chapter IX, Part B, Part C, Part D",Safe,procedural,CrPC_1973__p139__c0,train
QA_121,"Okay, so, Mental Healthcare Act mein 'clinical psychologist' ko define kiya gaya hai, but actually, qualification requirements kya hain? Basically, kaun qualify hota hai is title ke liye?",code_mixed,PWD Rights,Mental Healthcare Act 2017,"According to the Mental Healthcare Act, 2017, a 'clinical psychologist' has specific qualifications. Firstly, they need a recognised qualification in Clinical Psychology from an institution approved and recognised by the Rehabilitation Council of India. This council is established under the Rehabilitation Council of India Act, 1992.  Secondly, even if someone doesn't have a degree *specifically* in Clinical Psychology, they can still be considered a clinical psychologist if they have a Post-Graduate degree in Psychology, Clinical Psychology, or Applied Psychology.  However, they *also* need a Master of Philosophy (MPhil) in Clinical Psychology or Medical and Social Psychology, obtained after a full-time, two-year course that includes supervised clinical practice.  So, it's not just a PG degree; the MPhil and supervised practice are crucial. For example, a person with an M.A. in Psychology but no MPhil wouldn't automatically qualify. The Act emphasizes the importance of the Rehabilitation Council of India's approval for the institution and the supervised clinical component. This ensures a certain standard of training and competency.  It's all about ensuring qualified professionals are providing mental healthcare services.","Mental Healthcare Act, 2017, Section (g)",Safe,definitional,Mental_Healthcare_Act_2017__p6__c0,train
QA_122,"अगर मैंने गलती से किसी और की संपत्ति ले ली, लेकिन मुझे लगा कि वो मेरी ही है, तो क्या मैं चोरी के दोषी माने जाऊंगा?",hindi,Criminal Law,Indian Penal Code 1860,"भारतीय दंड संहिता, 1860 के अनुसार, यदि आपने किसी और की संपत्ति गलती से ले ली, लेकिन उस समय आपको यह विश्वास था कि वह संपत्ति आपकी ही है, तो आप चोरी के दोषी नहीं माने जाएंगे। उदाहरण के लिए, मान लीजिए कि आपने गलती से अपने पड़ोसी के बगीचे से एक पौधा उखाड़ लिया, क्योंकि आपको लगा कि वह पौधा आपके बगीचे में है। इस स्थिति में, आप चोरी के दोषी नहीं माने जाएंगे। हालांकि, अगर बाद में आपको अपनी गलती का पता चलता है और फिर भी आप उस संपत्ति को अपने इस्तेमाल के लिए बेईमानी से इस्तेमाल करते हैं, तो आप इस धारा के तहत अपराध के दोषी हो सकते हैं। यह महत्वपूर्ण है कि आप अपनी गलती को सुधारने की कोशिश करें और संपत्ति को उसके असली मालिक को लौटा दें। इस धारा का उद्देश्य उन लोगों को दंडित करना है जो गलती से संपत्ति ले लेते हैं और फिर उसे अपने फायदे के लिए इस्तेमाल करते हैं।","Indian Penal Code 1860, Section (relevant section number would be specified in the full code, but not provided in the passage)",Safe,procedural,IPC_1860__p179__c0,test
QA_123,"Yaar, suppose main kuch kar raha hoon, aur mujhe pata hai ki isse thoda nuksaan ho sakta hai, but mera intention harm karne ka nahi tha, actually main dusron ko bachane ki koshish kar raha tha. Kya woh offence banega?",code_mixed,Criminal Law,Indian Penal Code 1860,"According to the Indian Penal Code, 1860, Section 81, just knowing that your action *might* cause harm doesn't automatically make it an offence. The key thing is, you shouldn't have had any *criminal intention* to cause that harm. It has to be done in good faith, meaning you genuinely believed you were preventing or avoiding some other harm to people or property. It's all about the intention behind the act. The law looks at whether you were trying to stop something worse from happening. 

For example, imagine a situation where a tree is about to fall on a crowded street. You quickly cut down a smaller tree nearby to divert the falling tree, even though cutting the smaller tree causes some minor damage. You didn't intend to cause damage; you were trying to prevent a much bigger disaster. In such a case, Section 81 would likely protect you. The court will consider the facts and determine if your actions were genuinely aimed at preventing harm. It's a question of fact, ultimately. The harm you were trying to prevent needs to be significant enough to justify your actions. 

Apni specific situation ke liye ek qualified lawyer se zaroor milein.","Indian Penal Code, 1860 Section 81",Safe,procedural,IPC_1860__p30__c0,train
QA_124,"अगर मेरे पति/पत्नी ने शादी के बाद किसी और के साथ शारीरिक संबंध बनाए, तो क्या मैं तलाक के लिए आवेदन कर सकता/सकती हूँ?",hindi,Women's Rights,Hindu Marriage Act 1955,"हिंदू विवाह अधिनियम, 1955 के अनुसार, यदि आपके पति या पत्नी ने शादी के बाद किसी अन्य व्यक्ति के साथ स्वेच्छा से यौन संबंध बनाए हैं, तो आप तलाक के लिए आवेदन कर सकते हैं। यह अधिनियम की धारा 13 के अंतर्गत एक आधार है जिसके तहत विवाह को भंग किया जा सकता है। इसका मतलब है कि विवाह के बाद हुआ यह कृत्य तलाक के लिए एक वैध कारण बनता है। उदाहरण के लिए, मान लीजिए कि आपकी शादी 5 साल पहले हुई थी और हाल ही में आपको पता चला कि आपके पति किसी अन्य महिला के साथ संबंध रख रहे हैं। इस स्थिति में, आप हिंदू विवाह अधिनियम की धारा 13(i) के तहत तलाक के लिए याचिका दायर कर सकते हैं। अदालत इस बात की जांच करेगी कि क्या आपके पति/पत्नी ने वास्तव में ऐसा किया है या नहीं। यदि अदालत संतुष्ट हो जाती है, तो वह तलाक का फरमान जारी कर सकती है। यह ध्यान रखना महत्वपूर्ण है कि इस तरह के मामले में सबूत महत्वपूर्ण होते हैं।","Hindu Marriage Act, 1955 Section 13(i)",Safe,procedural,Hindu_Marriage_Act_1955__p7__c0,train
QA_125,"Okay, so agar main bail pe release ho jaaun, toh bond mein kya conditions honi chahiye? Aur agar main court mein attend karna band kar doon toh kya hoga?",code_mixed,Criminal Law,Bharatiya Nagarik Suraksha Sanhita 2023,"According to the Bharatiya Nagarik Suraksha Sanhita 2023, when you're released on bail or bond, the police officer or the court decides how much money is sufficient. This bond needs to be signed by you and one or more sureties. The surety’s job is to make sure you show up at the court when and where you’re told to. You have to keep attending until the court or police officer says otherwise. Basically, you’re promising to be present.  Section 2 of the Sanhita also states that if the court sets any specific conditions for your release – like staying away from a certain place – those conditions *must* be written in the bond itself.  For example, if you're accused of harassing someone, the bond might say you can't contact them.  If you fail to attend court as per the bond, the surety becomes responsible for ensuring your appearance, and the court can take action.  It's a serious commitment, so understand the terms properly.  The bond is a guarantee of your cooperation with the legal process.  Remember, this is just based on this specific section.","Bharatiya Nagarik Suraksha Sanhita 2023, Section 2",Safe,procedural,BNSS_2023__p162__c1,train
QA_126,"अगर अदालत किसी आरोपी को बरी कर देती है या कम गंभीर अपराध का दोषी ठहराती है, या फिर मुआवजा कम तय करती है, तो पीड़ित क्या कर सकता है? क्या पीड़ित के पास अपील करने का अधिकार है?",hindi,Criminal Law,Code of Criminal Procedure 1973,"हाँ, पीड़ित के पास अपील करने का अधिकार है। भारतीय दंड संहिता (Code of Criminal Procedure) की धारा 373 के अनुसार, यदि किसी अदालत ने किसी आरोपी को बरी कर दिया है, या उसे कम गंभीर अपराध का दोषी ठहराया है, या फिर पीड़ित को कम मुआवजा दिया है, तो पीड़ित उस आदेश के खिलाफ अपील कर सकता है। यह अपील उस उच्च न्यायालय में जाएगी जहाँ सामान्य रूप से उस अदालत के दोषसिद्धि के आदेश के खिलाफ अपील जाती है। उदाहरण के लिए, मान लीजिए कि किसी व्यक्ति ने किसी और को चोट पहुँचाई, और अदालत ने आरोपी को केवल मामूली चोट पहुँचाने का दोषी ठहराया और कम मुआवजा दिया। पीड़ित इस फैसले के खिलाफ अपील कर सकता है और उच्च न्यायालय से मुआवजे की राशि बढ़ाने या आरोपी को अधिक गंभीर अपराध का दोषी ठहराने का अनुरोध कर सकता है। यह पीड़ित को न्याय प्राप्त करने का एक महत्वपूर्ण अवसर प्रदान करता है।","Code of Criminal Procedure 1973, Section 373",Safe,procedural,CrPC_1973__p163__c0,train
QA_127,Beti Bachao Beti Padhao scheme mein data collection kaise kiya jata hai? Aur agar data mein kuch galti dikhe toh kya karna chahiye?,code_mixed,Government Schemes,Beti Bachao Beti Padhao Scheme Guidelines,"Okay, so according to the Beti Bachao Beti Padhao scheme guidelines, data collection is a big deal. They're saying that tools and formats need to be finalized for collecting, reporting, and monitoring data. Basically, they're gathering both primary data – like directly from people – and secondary data, which is already available from other departments like HMIS, CRS, and UDISE. The focus is on making sure the people collecting the data – like AWWs, ASHAs, and Panchayats – are capturing it correctly.  Now, if you notice a mistake in the data, the guidelines mention that validation should be done from time to time. For example, if an ASHA reports a significantly lower Sex Ratio at Birth (SRB) than previous years, that needs to be checked and verified against the Civil Registration System. They're also monitoring the implementation of Pre-Conception and Pre-Natal Diagnostic Techniques (PC&PNDT) Act. This whole process is designed to ensure accurate tracking of birth registration and SRB.  It's all about making sure the data is reliable.  The PC&PNDT Act, Section 23 is relevant here regarding data verification. Apni specific situation ke liye ek qualified lawyer se zaroor milein.",PC&PNDT Act Section 23,Safe,procedural,Beti_Bachao_Beti_Padhao__p57__c0,train
QA_128,"अगर किसी यूनिवर्सिटी या कॉलेज में एडमिशन के लिए स्थानीय निवासी होने का फायदा मिलता है, तो 'स्थानीय' को कैसे परिभाषित किया जाएगा? क्या इसका मतलब है कि मुझे उस क्षेत्र में बसना होगा या वहां पढ़ाई करनी होगी?",hindi,Constitutional Law,Constitution of India,"भारतीय संविधान के अनुच्छेद 16(2) के तहत, सरकार आदेश जारी करके किसी विशेष क्षेत्र के स्थानीय निवासियों को विश्वविद्यालयों या अन्य शैक्षणिक संस्थानों में प्रवेश के लिए वरीयता दे सकती है। 'स्थानीय' की परिभाषा सरकार द्वारा जारी किए गए आदेश में निर्दिष्ट की जाएगी। यह आदेश यह भी निर्धारित करेगा कि स्थानीय निवासी होने के लिए आपको उस क्षेत्र में कितने समय तक रहना होगा या पढ़ाई करनी होगी। उदाहरण के लिए, आंध्र प्रदेश राज्य में, सरकार एक प्रशासनिक न्यायाधिकरण (Administrative Tribunal) स्थापित कर सकती है जो इस तरह के मामलों पर निर्णय लेगी। मान लीजिए, एक आदेश कहता है कि किसी कॉलेज में प्रवेश के लिए, आपको उस जिले में कम से कम 5 साल तक पढ़ाई करनी होगी। यदि आप 5 साल से अधिक समय से उस जिले में पढ़ रहे हैं, तो आपको स्थानीय निवासी माना जाएगा और प्रवेश में वरीयता मिल सकती है। यह वरीयता केवल उस विशेष क्षेत्र या संस्थान के लिए लागू होगी, जैसा कि आदेश में बताया गया है। यह ध्यान रखना महत्वपूर्ण है कि यह प्रावधान केवल उन संस्थानों के लिए लागू होता है जिन्हें आदेश में निर्दिष्ट किया गया है।","Constitution of India, Article 16(2)",Safe,procedural,Constitution_of_India__p252__c0,train
QA_129,"Yaar, Parliament mein kaam Hindi aur English mein hota hai, but agar koi member Hindi ya English mein properly baat nahi kar paata toh kya hota hai? Rules kya hain?",code_mixed,Constitutional Law,Constitution of India,"Okay, so according to the Constitution, business in Parliament – meaning discussions, debates, everything – is supposed to happen in either Hindi or English. That's what Article 120(1) says. But, there's a very important exception. If a member feels they can't properly express themselves in Hindi or English, the Chairman of the Council of States (Rajya Sabha ke Chairman) or the Speaker of the House of the People (Lok Sabha ke Speaker) can allow them to speak in their mother tongue. It’s a safeguard to ensure everyone can participate. For example, imagine a member from Tamil Nadu who is much more comfortable speaking Tamil. The Speaker can permit them to address the House in Tamil. Article 120(2) mentions that Parliament can make laws regarding this, but that part isn't detailed in this passage. Basically, the aim is to facilitate participation while maintaining the official languages. This provision is under Part XVII of the Constitution, dealing with incidental and supplementary provisions. It’s all about ensuring fair representation and allowing members to voice their opinions effectively. Constitution of India, Article 120.","Constitution of India, Article 120",Safe,procedural,Constitution_of_India__p60__c0,test
QA_130,भारत में पहला भारतीय कानून आयोग कब और किसके नेतृत्व में स्थापित किया गया था?,hindi,Criminal Law,Bharatiya Nyaya Sanhita 2023,"भारत में पहला भारतीय कानून आयोग 1834 में स्थापित किया गया था। इसका नेतृत्व लॉर्ड थॉमस बैबिंगटन मैकाले ने किया था। इस आयोग का मुख्य उद्देश्य भारत में मौजूदा अदालतों के अधिकार क्षेत्र, शक्ति और नियमों, साथ ही पुलिस व्यवस्था और लागू कानूनों की जांच करना था। आयोग ने सरकार को कई अधिनियमों के लिए सुझाव दिए। इन सुझावों में से एक महत्वपूर्ण सुझाव भारतीय दंड संहिता (Indian Penal Code) था, जिसे 1860 में अधिनियमित किया गया था। यह संहिता आज भी कुछ संशोधनों के साथ देश में लागू है। उदाहरण के लिए, यदि किसी व्यक्ति ने किसी और को चोट पहुँचाई है, तो उसे भारतीय दंड संहिता के तहत दंडित किया जा सकता है। यह अधिनियम आपराधिक न्याय प्रणाली का एक महत्वपूर्ण हिस्सा है और यह सुनिश्चित करता है कि अपराध करने वालों को उचित सजा मिले। भारतीय दंड संहिता, 1860 (Indian Penal Code, 1860) देश के आपराधिक कानूनों का आधार है।","Bharatiya Nyaya Sanhita 2023 (Statement of Objects and Reasons), Indian Penal Code, 1860",Safe,factual,BNS_2023__p112__c0,train
QA_131,"Yeh Form 34 kya hai, aur iska matlab kya hai agar mujhe iska summons mile? Basically, what does this form mean if I get it?",code_mixed,Criminal Law,Bharatiya Nagarik Suraksha Sanhita 2023,"Okay, so this Form 34, according to the Bharatiya Nagarik Suraksha Sanhita 2023, is a summons issued to a witness. It's like a formal notice, you see? It means the court believes you have information, 'material evidence' as it says, related to a case.  Someone, the complainant, has told the court that a particular accused person – let's say, Rahul – from a specific address, is suspected of committing a crime. The form will briefly mention the crime, like 'theft' or 'assault', and the time and place it supposedly happened.  The court thinks you, the person receiving the summons, might know something important about what happened.  It's not accusing you of anything, just asking you to come and give your statement.  For example, if Rahul allegedly stole something from a shop, and you were a customer there at the time, you might be summoned.  You *have* to respond to this summons, otherwise the court can take action.  This is all under Sections 63 and 267 of the Bharatiya Nagarik Suraksha Sanhita 2023.","Bharatiya Nagarik Suraksha Sanhita 2023, Sections 63 and 267",Safe,procedural,BNSS_2023__p255__c0,test
QA_132,"अगर मैं प्रधानमंत्री मातृ वंदना योजना के लिए आवेदन करना चाहता हूँ और मुझे आधार कार्ड बनवाना है या उसमें कुछ बदलाव करने हैं, तो क्या मुझे कोई शुल्क देना होगा?",hindi,Government Schemes,Pradhan Mantri Matru Vandana Yojana Guidelines,"नहीं, आधार कार्ड बनवाने या उसमें मामूली बदलाव करने के लिए आपको कोई शुल्क नहीं देना होगा। यह पूरी तरह से मुफ्त है। 'आधार अधिनियम, 2016' के धारा 3 के अनुसार, आधार नामांकन अनिवार्य नहीं है और यह स्वैच्छिक है। नामांकन के 96 घंटों के भीतर कोई भी सुधार मुफ्त में किया जा सकता है। फॉर्म भरने और जमा करने में आपकी मदद के लिए आंगनवाड़ी कार्यकर्ता (AWW), आशा कार्यकर्ता (ASHA) या ANM मौजूद रहेंगे। उदाहरण के लिए, मान लीजिए कि आपने आधार कार्ड बनवाया है, लेकिन आपके नाम की स्पेलिंग गलत है। आप 96 घंटों के भीतर मुफ्त में इसे ठीक करवा सकते हैं। इसके लिए आपको अपना नामांकन आईडी (EID), नाम और उस फील्ड का उल्लेख करना होगा जिसमें सुधार की आवश्यकता है। ध्यान रखें कि फॉर्म केवल अधिकृत व्यक्तियों को ही जमा करना है। किसी भी अनधिकृत व्यक्ति को यह फॉर्म न दें।","The Aadhaar (Targeted Delivery of Financial and Other Subsidies, Benefits and Services) Act, 2016, Section 3",Safe,procedural,PMMVY_Maternity_Scheme__p109__c0,train
QA_133,"Yaar, agar main kuch aisa bolun ki kisi religious group ke logon ko dusron se nafrat ho jaaye, toh Indian law kehti hai kya? Kya ismein meri arrest bhi ho sakti hai?",code_mixed,Criminal Law,Indian Penal Code 1860,"Okay, so according to the Indian Penal Code, 1860, Section 153A, if you make a statement or publish something – like a plea or appeal – that talks about the duties of a particular group, say, a religious, racial, or caste group, and that statement is likely to cause disharmony, hatred, or ill-will between that group and others, then you could be in trouble. It's not just about saying something offensive; it's about whether it *causes* or *is likely to cause* these negative feelings.  For example, if you put up a poster saying that members of a specific community are inherently lazy and should be denied opportunities, and that leads to tension and conflict, that could fall under this section. The law is trying to prevent things that could disrupt peace and harmony.  This section was amended by Act 35 of 1969 and further modified by Act 31 of 1972.  It’s a serious offense, and the consequences can be significant.  Remember, this is just based on the provided passage. Apni specific situation ke liye ek qualified lawyer se zaroor milein.","Indian Penal Code 1860, Section 153A (amended by Act 35 of 1969, s. 2, and Act 31 of 1972, s. 2)",Safe,procedural,IPC_1860__p68__c0,train
QA_134,"क्या 'बेटी बचाओ बेटी पढ़ाओ' योजना के तहत ज़िला स्तर पर लड़कियों की शिक्षा को बढ़ावा देने के लिए पुरस्कार दिया जाता है? यदि हाँ, तो यह पुरस्कार कौन देता है और इसे कैसे आयोजित किया जाता है?",hindi,Government Schemes,Beti Bachao Beti Padhao Scheme Guidelines,"हाँ, 'बेटी बचाओ बेटी पढ़ाओ' योजना के अंतर्गत ज़िला स्तर पर लड़कियों की शिक्षा को बढ़ावा देने के लिए पुरस्कार दिया जाता है। यह पुरस्कार शिक्षा विभाग और ज़िला प्रशासन द्वारा संयुक्त रूप से दिया जाता है। योजना के दिशानिर्देशों के अनुसार, ज़िला स्तर पर एक वार्षिक पुरस्कार समारोह आयोजित किया जाना चाहिए जो लड़कियों की शिक्षा को प्रोत्साहित करे। इस पुरस्कार का उद्देश्य उन व्यक्तियों, संस्थानों और समुदायों को सम्मानित करना है जिन्होंने लड़कियों की शिक्षा के क्षेत्र में उत्कृष्ट कार्य किया है। उदाहरण के लिए, यदि किसी गाँव में स्कूल ने लड़कियों के नामांकन और उपस्थिति में उल्लेखनीय सुधार किया है, तो उसे इस पुरस्कार के लिए नामांकित किया जा सकता है। इस योजना में कोई विशिष्ट अधिनियम या धारा नहीं है जो पुरस्कार देने की प्रक्रिया को परिभाषित करती है, यह योजना के कार्यान्वयन दिशानिर्देशों पर आधारित है। यह योजना महिला एवं बाल विकास/सामाजिक कल्याण विभाग और स्वास्थ्य विभाग के समन्वय से संचालित होती है।",कोई विशिष्ट अधिनियम या धारा नहीं,Safe,procedural,Beti_Bachao_Beti_Padhao__p89__c0,train
QA_135,"Suppose my cousin who lives abroad wants to adopt my child here in India. What's the procedure, according to the law? Kya usko kuch permission lani padegi?",code_mixed,Children's Rights,Juvenile Justice (Care and Protection of Children) Act 2015,"Okay, so according to the Juvenile Justice Act, 2015, if a relative living outside India wants to adopt a child who is related to them in India, there's a specific process. First, your cousin, the prospective adoptive parent, needs to get an order from the District Magistrate. Basically, they need to formally request permission. Then, they have to apply for a 'no objection certificate' (NOC) from the Authority – the relevant adoption authority. The process for this application follows the adoption regulations that the Authority has set up. The Authority will then consider this application, along with an application from either the child’s biological parents or the adoptive parents. Once they’re satisfied, they’ll issue the NOC, and they’ll also inform the immigration authorities. For example, let's say your cousin lives in Canada and wants to adopt your daughter. They'd first need that District Magistrate order, then apply to the Indian Authority for the NOC before proceeding with the adoption process. It’s all about following the prescribed steps to ensure a legal and proper adoption. The Act focuses on ensuring the child's well-being and following proper procedures.","Juvenile Justice (Care and Protection of Children) Act, 2015, Section 60",Safe,procedural,Juvenile_Justice_Act_2015__p34__c0,val
QA_136,"अगर कोई सरकारी कर्मचारी धारा 64 के तहत अपराध करता है, तो क्या उसे मुकदमा चलाने के लिए अभियोजन स्वीकृति (sanction) की आवश्यकता होगी?",hindi,Criminal Law,Bharatiya Nagarik Suraksha Sanhita 2023,"भारतीय न्याय संहिता, 2023 (Bharatiya Nyaya Sanhita, 2023) के अनुसार, यदि कोई सरकारी कर्मचारी धारा 64, 65, 66, 68, 69, 70, 71, 74, 75, 76, 77, 78, 79, 143, 199 या 200 के तहत कोई अपराध करता है, तो उसे मुकदमा चलाने के लिए अभियोजन स्वीकृति की आवश्यकता नहीं होगी। इसका मतलब है कि इन धाराओं के तहत अपराधों के मामले में, सरकारी कर्मचारी के खिलाफ सीधे मुकदमा चलाया जा सकता है, बिना किसी विशेष अनुमति के। उदाहरण के लिए, मान लीजिए कि एक सरकारी अधिकारी भ्रष्टाचार के आरोप में धारा 71 के तहत अपराध करता है। ऐसे मामले में, अभियोजन स्वीकृति की आवश्यकता नहीं होगी और अदालत सीधे मामले की सुनवाई शुरू कर सकती है। यह प्रावधान सरकारी कर्मचारियों के खिलाफ भ्रष्टाचार और अन्य अपराधों को रोकने और त्वरित न्याय सुनिश्चित करने के लिए बनाया गया है। यह ध्यान रखना महत्वपूर्ण है कि यह केवल उन अपराधों पर लागू होता है जो इन विशिष्ट धाराओं के तहत आते हैं।","Bharatiya Nyaya Sanhita, 2023 - धारा 64, 65, 66, 68, 69, 70, 71, 74, 75, 76, 77, 78, 79, 143, 199, 200",Safe,procedural,BNSS_2023__p84__c0,test
QA_137,"Yeh batao yaar, Indian Evidence Act ke according, kaunsi cheezein hain jo court ko automatically judicially notice kar sakta hai? Matlab, proof dene ki zaroorat hi nahi hoti, court khud se jaanta hai?",code_mixed,Criminal Law,Indian Evidence Act 1872,"Okay, so according to the Indian Evidence Act, 1872, Section 2, there are certain things that courts can judicially notice. Basically, it means the court assumes you know it, and you don't need to provide evidence. This includes all public Acts passed by the UK Parliament, and any local or personal Acts that the UK Parliament directs the court to notice. Also, Articles of War relating to the Indian Army, Navy, or Air Force fall under this category.  Interestingly, the proceedings of Parliament of the United Kingdom, the Constituent Assembly of India, and even the proceedings of Indian Parliament and provincial legislatures are also judicially noticeable.  For example, if a case involves a reference to a specific date when the Indian Constitution was adopted, the court wouldn't need someone to prove that date – it's considered common knowledge. Finally, the accession and sign manual of the Sovereign are also included.  It's a pretty specific list, focusing on parliamentary and governmental actions. Indian Evidence Act, Section 2.","Indian Evidence Act 1872, Section 2",Safe,procedural,Indian_Evidence_Act_1872__p31__c0,train
QA_138,"भारत के संविधान में, भारत के नियंत्रक एवं महालेखा परीक्षक (Comptroller and Auditor-General of India) की भूमिका क्या है, खासकर केंद्र और राज्यों के खातों के संबंध में?",hindi,Constitutional Law,Constitution of India,"भारत के संविधान के अनुच्छेद 150 के अनुसार, भारत के नियंत्रक एवं महालेखा परीक्षक (CAG) की भूमिका केंद्र और राज्यों के खातों की जांच करने और उन पर रिपोर्ट देने की है। यह भूमिका उन्हें भारत के स्वतंत्रता से पहले, यानी डोमिनियन ऑफ़ इंडिया और प्रांतों के खातों के लिए आवंटित शक्तियों के समान अधिकार देती है। अनुच्छेद 150(1) में यह भी कहा गया है कि केंद्र और राज्यों के खाते ऐसे प्रारूप में रखे जाएंगे जो राष्ट्रपति, भारत के नियंत्रक एवं महालेखा परीक्षक के सलाह पर निर्धारित करेंगे। उदाहरण के लिए, यदि किसी राज्य सरकार ने बजट में शिक्षा के लिए धनराशि आवंटित की है, तो CAG यह सुनिश्चित करेगा कि उस धनराशि का उपयोग शिक्षा के उद्देश्यों के लिए ही किया गया है और उसका उचित लेखा-जोखा रखा गया है। CAG की रिपोर्ट राष्ट्रपति को सौंपी जाती है, जिससे सरकार की जवाबदेही सुनिश्चित होती है। यह प्रक्रिया वित्तीय पारदर्शिता और जवाबदेही बनाए रखने में महत्वपूर्ण भूमिका निभाती है।","Constitution of India, Article 150",Safe,procedural,Constitution_of_India__p75__c0,train
QA_139,"Yaar, agar mere paas ek fake stamp mil jaaye, toh police case register kar sakti hai kya? Aur unke paas woh stamp hold karne ka right hoga?",code_mixed,Criminal Law,Bharatiya Nagarik Suraksha Sanhita 2023,"Okay, so according to the Bharatiya Nagarik Suraksha Sanhita 2023, if the police find a counterfeit stamp on you, they absolutely can register a case. This section specifically lists 'counterfeit stamps' as an 'objectionable article' to which this section applies. Basically, anything fake like coins, metal pieces made illegally, fake currency, forged documents, false seals, or even obscene objects as defined in another section – all fall under this.  For example, imagine someone is selling fake railway tickets with a forged stamp; that’s exactly what this section is talking about. The police have the right to hold these objectionable articles as evidence during the investigation.  Section 2(2)(c) clearly states this.  It’s important to understand that possessing these items can lead to legal trouble, so it's best to avoid them altogether.  This law aims to prevent the circulation of fake documents and currency which can harm the economy and public trust.  Remember, this is just based on this specific section, and other laws might also apply. Apni specific situation ke liye ek qualified lawyer se zaroor milein.","Bharatiya Nagarik Suraksha Sanhita 2023, Section 2(2)(c)",Safe,procedural,BNSS_2023__p42__c1,test
QA_140,"अगर पुलिस किसी मामले की जांच कर रही है और उसने मुझे आरोपी मानकर रिपोर्ट दी, तो मजिस्ट्रेट मेरे खिलाफ मामले की सुनवाई कैसे करेगा?",hindi,Criminal Law,Bharatiya Nagarik Suraksha Sanhita 2023,"भारतीय नागरिक सुरक्षा संहिता 2023 (Bharatiya Nagarik Suraksha Sanhita 2023) के अनुसार, अगर जांच करने वाले पुलिस अधिकारी ने धारा 193 के तहत रिपोर्ट दी है और मजिस्ट्रेट ने उस रिपोर्ट के आधार पर आपके खिलाफ मामला दर्ज किया है, तो मजिस्ट्रेट आपके शिकायत मामले और पुलिस रिपोर्ट से उत्पन्न मामले की सुनवाई एक साथ करेगा। ऐसा माना जाएगा कि दोनों मामले पुलिस रिपोर्ट के आधार पर शुरू किए गए थे। इसका मतलब है कि मजिस्ट्रेट दोनों मामलों को एक ही प्रक्रिया के तहत देखेगा और सबूतों का मूल्यांकन एक साथ करेगा। उदाहरण के लिए, मान लीजिए कि किसी व्यक्ति पर चोरी का आरोप है और पुलिस ने भी उसी व्यक्ति के खिलाफ मारपीट की रिपोर्ट दर्ज की है। मजिस्ट्रेट दोनों मामलों की सुनवाई एक साथ कर सकता है, जिससे जांच प्रक्रिया में समय और संसाधन बचेंगे। मजिस्ट्रेट को दोनों मामलों में सबूतों का मूल्यांकन करते समय सावधानी बरतनी होगी ताकि निष्पक्ष निर्णय लिया जा सके।","Bharatiya Nagarik Suraksha Sanhita 2023, Section 193, Section 2",Safe,procedural,BNSS_2023__p89__c1,train
QA_141,"Yaar, agar main kuch stolen maal chhupaane mein help kar dunga, toh mujhe kitna problem ho sakta hai? Aur agar kisi ne fraud se property hide kar di toh uske creditors ko kya rights milte hain?",code_mixed,Criminal Law,Code of Criminal Procedure 1973,"Okay, so according to the Code of Criminal Procedure, 1973, if you assist in concealing or disposing of stolen property knowing it's stolen, you're in trouble. It's considered an offense. The law specifically addresses fraudulent removal or concealment of property, especially when it's done to prevent distribution among creditors. Imagine, for example, someone steals a lot of money and then hides it, preventing the people who were owed that money from getting it back. That's exactly what this section covers. The creditors, those affected by this fraudulent action, have rights under the law. They can pursue legal action against the person who hid the property.  The law also covers cheating and personation, and the person affected by that fraud also has recourse.  Essentially, the law aims to protect creditors from being cheated out of what they are rightfully owed. It’s a serious matter, and the consequences can be significant.  This section is all about ensuring fairness and preventing fraudulent behavior impacting those who are owed debts or demands.  It’s important to understand your obligations under the law.  Code of Criminal Procedure, 1973, deals with these offenses.","Code of Criminal Procedure 1973, Sections related to assisting in concealment of stolen property, fraudulent removal/concealment, and cheating.",Safe,procedural,CrPC_1973__p141__c0,train
QA_142,"अगर कोई सार्वजनिक जगह पर इकट्ठा होकर शोर कर रहा है और लोगों को परेशान कर रहा है, तो पुलिस उसे कैसे हटा सकती है? क्या पुलिस को बल प्रयोग करने का अधिकार है?",hindi,Criminal Law,Code of Criminal Procedure 1973,"भारतीय दंड संहिता 1973 के अध्याय X, सार्वजनिक व्यवस्था और शांति के रखरखाव से संबंधित है। धारा 129 के अनुसार, पुलिस किसी ऐसे समूह को तितर-बितर करने के लिए पहले नागरिक बल का उपयोग कर सकती है जो सार्वजनिक व्यवस्था भंग कर रहा है या लोगों को परेशान कर रहा है। इसका मतलब है कि पुलिस पहले शांतिपूर्ण ढंग से लोगों से वहां से हटने का अनुरोध करेगी। यदि समूह सहयोग नहीं करता है, तो पुलिस बल प्रयोग करने का अधिकार रखती है, लेकिन यह बल उचित होना चाहिए और स्थिति की गंभीरता के अनुरूप होना चाहिए। उदाहरण के लिए, यदि कोई समूह सड़क पर बैठकर यातायात जाम कर रहा है और लोगों को परेशान कर रहा है, तो पुलिस उन्हें तितर-बितर करने के लिए बल प्रयोग कर सकती है। धारा 130 और 131 में सशस्त्र बलों के उपयोग की भी बात की गई है, लेकिन यह केवल असाधारण परिस्थितियों में लागू होती है। धारा 132 इन कार्यों के लिए सुरक्षा प्रदान करती है।","Code of Criminal Procedure 1973, Sections 129, 130, 131, 132",Safe,procedural,CrPC_1973__p6__c0,train
QA_143,"Police ne mujhe bina warrant ke pakad liya, toh woh mujhe kitne time tak custody mein rakhe sakte hain? Kya rules hain?",code_mixed,Criminal Law,Code of Criminal Procedure 1973,"Okay, so if police arrest you without a warrant, there are rules about how long they can keep you in custody. According to the Code of Criminal Procedure, 1973, they can't detain you for a period longer than what's reasonable, considering all the circumstances. The important thing is, without a special order from a Magistrate under Section 167, this period shouldn't go beyond twenty-four hours.  This twenty-four hours doesn't include the time it takes to bring you from where you were arrested to the Magistrate’s Court – that travel time is excluded.  

For example, let's say you're arrested at 8 am and the Magistrate’s court is a 3-hour drive away. The police can hold you until 11 am the next day, but no later.  Section 58 also states that the officer in charge of the police station needs to report your apprehension to the District Magistrate, or the Sub-divisional Magistrate if they ask them to. This ensures some oversight.  Basically, they can't just hold you indefinitely without proper procedure.  It's all about keeping things reasonable and within the law. 

Apni specific situation ke liye ek qualified lawyer se zaroor milein.","Code of Criminal Procedure 1973, Sections 167 & 58",Safe,procedural,CrPC_1973__p46__c0,train
QA_144,"अगर राज्य प्राधिकरण (State Authority) की मीटिंग में कोई सदस्य किसी मामले में व्यक्तिगत रूप से या अप्रत्यक्ष रूप से रुचि रखता है, तो उसे क्या करना चाहिए?",hindi,PWD Rights,Mental Healthcare Act 2017,"मानसिक स्वास्थ्य अधिनियम, 2017 (Mental Healthcare Act, 2017) के धारा 51 के अनुसार, यदि राज्य प्राधिकरण की किसी मीटिंग में कोई सदस्य किसी मामले में प्रत्यक्ष या अप्रत्यक्ष रूप से, चाहे वह वित्तीय हित हो या कोई अन्य, रुचि रखता है, तो उसे तुरंत अपनी रुचि का खुलासा करना चाहिए। यह खुलासा मीटिंग में होने के बाद भी किया जा सकता है, लेकिन जैसे ही उसे अपनी रुचि का पता चले, उसे तुरंत सूचित करना आवश्यक है। उदाहरण के लिए, मान लीजिए कि राज्य प्राधिकरण किसी ऐसे व्यक्ति के मामले पर विचार कर रहा है जो सदस्य का करीबी रिश्तेदार है। ऐसे में, सदस्य को मीटिंग में यह बताना होगा कि वह उस व्यक्ति से संबंधित है और इसलिए, मामले में उसकी रुचि है। इस तरह, यह सुनिश्चित किया जाता है कि निर्णय निष्पक्ष और पारदर्शी तरीके से लिया जाए। अधिनियम का उद्देश्य यह सुनिश्चित करना है कि प्राधिकरण के निर्णय निष्पक्ष हों और किसी भी तरह के हितों के टकराव से प्रभावित न हों।","Mental Healthcare Act, 2017, Section 51",Safe,procedural,Mental_Healthcare_Act_2017__p23__c0,train
QA_145,"Ya Pradhan Mantri Awas Yojana mein, agar civic infrastructure, like water supply ya sewerage, provide nahi kiya gaya toh kya hota hai? Reasons bataane ki requirement hai kya?",code_mixed,Government Schemes,Pradhan Mantri Awas Yojana Guidelines,"According to the Pradhan Mantri Awas Yojana guidelines, it's crucial to check if all necessary civic infrastructure – things like water supply, sewerage, roads, storm water drains, external electrification, and solid waste management – has been provided as per applicable state norms, CPHEEO norms, IS Code, or NBC. The guidelines specifically ask, 'Whether the provision of Civic infrastructure has been made as per applicable State norms/CPHEEO norms/IS Code/NBC?' If any of these infrastructure components haven't been proposed, the scheme requires you to specify the reasons for that omission. For example, let's say a project doesn't include sewerage due to the area's geological conditions making it impractical. That reason needs to be documented. The guidelines also emphasize disaster-resistant features in the concept and design. This whole process ensures the project adheres to standards and justifies any deviations. There's no mention of penalties, but non-compliance could impact approval or funding. The focus is on transparency and justification.  This is all outlined within the scheme’s operational guidelines.",Pradhan Mantri Awas Yojana Guidelines - Scheme Guidelines,Safe,procedural,PMAY_Guidelines__p48__c0,train
QA_146,"अगर किसी व्यक्ति को अदालत से समन भेजा जाए और वह घर पर मौजूद न हो, तो समन कैसे तामील किया जाएगा?",hindi,Criminal Law,Code of Criminal Procedure 1973,"भारतीय दंड प्रक्रिया संहिता, 1973 (Code of Criminal Procedure, 1973) के अनुसार, यदि किसी व्यक्ति को समन भेजा जाता है और वह अपने घर पर मौजूद नहीं होता है, तो अदालत समन की डुप्लीकेट प्रतियां उसके घर के किसी प्रमुख स्थान पर चिपका सकती है। यह स्थान ऐसा होना चाहिए जहाँ व्यक्ति आमतौर पर रहता है। इसके बाद, अदालत अपनी तरफ से उचित पूछताछ कर सकती है। पूछताछ के बाद, अदालत यह घोषित कर सकती है कि समन ठीक से तामील कर दिया गया है या फिर समन को किसी अन्य उचित तरीके से तामील करने का आदेश दे सकती है। उदाहरण के लिए, मान लीजिए कि एक सरकारी कर्मचारी को अदालत से समन भेजा गया है। ऐसे में, अदालत आमतौर पर समन की दो प्रतियां उस सरकारी कर्मचारी के कार्यालय के प्रमुख को भेजती है। कार्यालय प्रमुख कर्मचारी को समन तामील करने के लिए जिम्मेदार होगा। यह प्रक्रिया सुनिश्चित करती है कि व्यक्ति को अदालत की कार्यवाही के बारे में जानकारी मिल जाए, भले ही वह व्यक्तिगत रूप से उपस्थित न हो पाए।","Code of Criminal Procedure, 1973, Sections 65 & 66",Safe,procedural,CrPC_1973__p47__c0,train
QA_147,"Yaar, Child Welfare Committee (CWC) ke members ko kitne qualifications chahiye? Basically, what are the requirements, according to the law?",code_mixed,Children's Rights,Juvenile Justice (Care and Protection of Children) Act 2015,"Okay, so according to the Juvenile Justice (Care and Protection of Children) Act, 2015, specifically sub-section (5) of Section 27, there are certain qualifications required for the members of the Child Welfare Committee. The Act doesn't explicitly list *all* the qualifications, but it does state that these requirements exist. It's about ensuring the CWC members are capable of handling the sensitive cases they deal with. Think about it – they're making decisions about a child's future, so they need to be well-equipped. For example, if a CWC member doesn't have a basic understanding of child psychology or social work principles, they might struggle to properly assess a child's needs in a case of neglect. The Act focuses on the *manner* in which the records of a child can be destroyed (Section 24) and the monitoring procedures (Section 20), and also the form of report submitted to the District Magistrate (Section 27, sub-section 8), but the specific qualifications for CWC members are outlined in Section 27, sub-section 5. It's important to note that the Act also covers rules for CWC meetings (Section 27, sub-section 15).","Juvenile Justice (Care and Protection of Children) Act, 2015, Section 20, Section 24, Section 27 (sub-sections 5, 8, 15)",Safe,procedural,Juvenile_Justice_Act_2015__p46__c0,train
QA_148,"अगर कोई दुकानदार नकली ब्रांड का निशान लगा हुआ सामान बेचता है, तो उसे क्या सजा हो सकती है?",hindi,Criminal Law,Indian Penal Code 1860,"भारतीय दंड संहिता, 1860 की धारा 486 के अनुसार, यदि कोई व्यक्ति कोई सामान बेचता है, प्रदर्शित करता है, या बिक्री के लिए रखता है जिस पर नकली संपत्ति का निशान लगा हुआ है - चाहे वह निशान सीधे सामान पर लगा हो या पैकेजिंग पर - तो उसे दंडित किया जा सकता है। यह दंड तब दिया जाएगा जब तक कि वह व्यक्ति यह साबित नहीं कर देता कि उसने जानबूझकर ऐसा नहीं किया। उदाहरण के लिए, मान लीजिए कि एक दुकानदार बिना लाइसेंस के 'एप्पल' नाम से नकली मोबाइल फोन बेच रहा है, जिस पर 'एप्पल' का लोगो लगा है। यह धारा 486 के तहत अपराध होगा, क्योंकि वह नकली निशान लगा हुआ सामान बेच रहा है।  इस धारा के तहत अपराध के लिए विशिष्ट दंड संहिता में निर्धारित किया जाएगा और यह मामले की परिस्थितियों पर निर्भर करेगा।  यह ध्यान रखना महत्वपूर्ण है कि यह केवल धारा 486 का संक्षिप्त विवरण है और इसमें अन्य संबंधित कानूनी प्रावधान भी शामिल हो सकते हैं।","Indian Penal Code, 1860 Section 486",Safe,procedural,IPC_1860__p211__c0,train
QA_149,"Yaar, suppose someone agrees to a certain activity, like a sport, and gets hurt. Does that automatically mean the other person is guilty of something, according to the new law?",code_mixed,Criminal Law,Bharatiya Nyaya Sanhita 2023,"According to the Bharatiya Nyaya Sanhita 2023, Section 25, not necessarily. The law states that if an act isn't intended to cause death or grievous hurt, and the person doing it didn't know it was likely to cause such harm, then it's not an offence, even if harm occurs. This applies specifically when the person who got hurt is above eighteen years old and has given their consent – whether it's explicitly stated or implied.  So, consent is a really important factor here. For example, imagine two friends playing a friendly game of cricket. One gets hit by the ball and suffers a minor injury. If they both understood the risks involved in playing cricket, and the person who hit the ball didn't intend to hurt them, then it wouldn't be considered a crime under this section. The key is the lack of intent and the knowledge of likely harm.  It's all about whether the harm was a foreseeable consequence of a consented activity.  This section protects actions taken with consent, preventing unnecessary legal action.","Bharatiya Nyaya Sanhita 2023, Section 25",Safe,procedural,BNS_2023__p26__c0,train
QA_150,"अगर कोई सरकारी कर्मचारी जानबूझकर किसी व्यक्ति को नुकसान पहुंचाने के इरादे से कानून की अवज्ञा करता है, तो उसके खिलाफ क्या कार्रवाई की जा सकती है?",hindi,Criminal Law,Bharatiya Nyaya Sanhita 2023,"भारतीय न्याय संहिता, 2023 के अनुसार, यदि कोई सरकारी कर्मचारी जानबूझकर किसी व्यक्ति को नुकसान पहुंचाने के इरादे से कानून की अवज्ञा करता है, तो उसे दंडित किया जा सकता है। धारा 198 में इस अपराध को परिभाषित किया गया है। यह ध्यान रखना महत्वपूर्ण है कि केवल कानून की अवज्ञा ही नहीं, बल्कि नुकसान पहुंचाने का इरादा भी आवश्यक है। उदाहरण के लिए, मान लीजिए कि एक पुलिस अधिकारी किसी व्यक्ति को बिना उचित कारण के गिरफ्तार करता है और उसे अनावश्यक रूप से परेशान करता है, तो यह धारा 198 के तहत अपराध हो सकता है।  दंड की प्रकृति अपराध की गंभीरता और अन्य प्रासंगिक कारकों पर निर्भर करेगी। अदालत आरोपी को जुर्माना, कारावास या दोनों से दंडित कर सकती है। यह सुनिश्चित करना महत्वपूर्ण है कि किसी भी कार्रवाई से पहले उचित कानूनी प्रक्रिया का पालन किया जाए।  यह कानून सरकारी कर्मचारियों को कानून के प्रति जवाबदेह बनाने और नागरिकों के अधिकारों की रक्षा करने के लिए बनाया गया है।","Bharatiya Nyaya Sanhita 2023, Section 198",Safe,procedural,BNS_2023__p10__c0,test
QA_151,"Okay, so, agar koi ring Z ke paas hai, aur A usko honestly nahi uthaata, toh A theft karta hai, right? Lekin agar A road par ring paataa hai, kisi ke paas nahi, toh theft nahi hoga, correct? Phir criminal misappropriation hoga? Aur agar A Z ke ghar mein ring dekhta hai, aur phir usko chupa deta hai, later steal karne ke intention se, toh woh kya hoga? Theft ya misappropriation?",code_mixed,Criminal Law,Bharatiya Nyaya Sanhita 2023,"According to the Bharatiya Nyaya Sanhita 2023, the distinction between theft and criminal misappropriation hinges on the circumstances. If A takes a ring from Z’s possession dishonestly, it constitutes theft. However, if A finds a ring on the road, not belonging to anyone, simply taking it doesn't amount to theft, although it *could* be considered criminal misappropriation of property. The key difference is whether the property was previously in someone else's possession. 

Now, let's consider the scenario where A sees Z’s ring in Z’s house and hides it with the intention of stealing it later. This falls under the definition of theft. The intention to permanently deprive Z of the ring, coupled with the dishonest act of hiding it, establishes theft. For example, imagine A sees Z’s wedding ring on a table and hides it under a rug, planning to take it next week. That’s theft. The passage specifically mentions this scenario. It’s not just about finding something; it’s about taking something from someone’s possession with dishonest intent. 

This is covered under Section X of the Bharatiya Nyaya Sanhita 2023.","Bharatiya Nyaya Sanhita 2023, Sections (g) and (h)",Safe,definitional,BNS_2023__p88__c1,train
QA_152,"अगर कोई व्यक्ति अपराध स्वीकार करता है और माफी मांगता है, तो क्या उसका बयान उसके खिलाफ अदालत में इस्तेमाल किया जा सकता है?",hindi,Criminal Law,Code of Criminal Procedure 1973,"हाँ, अगर कोई व्यक्ति अपराध स्वीकार करता है और माफी मांगता है, तो मजिस्ट्रेट के तहत धारा 164 या अदालत के तहत धारा 306 के उप-खंड (4) के तहत दर्ज किया गया उसका बयान उसके खिलाफ अदालत में इस्तेमाल किया जा सकता है। यह भारतीय दंड संहिता (Criminal Procedure Code) की धारा 164A में स्पष्ट रूप से बताया गया है। इसका मतलब है कि माफी मांगने वाले व्यक्ति का अपना ही बयान उसके खिलाफ सबूत के तौर पर इस्तेमाल किया जा सकता है। उदाहरण के लिए, मान लीजिए कि एक व्यक्ति चोरी के आरोप में गिरफ्तार किया गया है और उसने मजिस्ट्रेट के सामने अपराध स्वीकार किया है और माफी मांगी है। मजिस्ट्रेट ने उसका बयान दर्ज किया है। इस बयान को बाद में उस व्यक्ति के खिलाफ अदालत में इस्तेमाल किया जा सकता है। हालाँकि, यह ध्यान रखना महत्वपूर्ण है कि धारा 164A के तहत माफी स्वीकार करने वाले व्यक्ति को अन्य आरोपियों के साथ संयुक्त रूप से नहीं सुना जा सकता है।","Code of Criminal Procedure, 1973, Section 164A",Safe,procedural,CrPC_1973__p136__c0,test
QA_153,"Okay, so agar koi company mineral oil ke liye lease leke chal rahi hai, aur government us lease ko cancel kar deti hai, toh kya woh legal hai? Constitution mein kuch rights hain is baare mein?",code_mixed,Constitutional Law,Constitution of India,"Basically, the Constitution protects your rights if the government tries to cancel or change a lease or license you have for mineral or mineral oil exploration. According to Article 14 and 19, such actions – extinguishing or modifying those rights – are generally considered void because they go against the fundamental rights guaranteed by the Constitution. This means the government can't just arbitrarily cancel your agreement. However, there's a crucial exception. If the law cancelling the lease is made by a State Legislature, then this protection doesn't apply.  So, it's a bit complicated. For example, imagine a company has a 20-year lease for oil exploration in Rajasthan. If the Rajasthan government suddenly cancels that lease without a valid reason, it could be challenged in court under this provision of the Constitution. The key is whether the law originates from the central government or a state government. This protection is specifically related to agreements, leases, and licenses for mineral or mineral oil.  It's all about safeguarding contractual rights in this context. Constitution of India, Article 14 & 19.","Constitution of India, Article 14 & 19",Safe,procedural,Constitution_of_India__p16__c0,train
QA_154,"अगर मैं किसी को सार्वजनिक संपत्ति को नुकसान पहुंचाते हुए देखूं, तो क्या पुलिस बिना वारंट के हस्तक्षेप कर सकती है?",hindi,Criminal Law,Code of Criminal Procedure 1973,"हाँ, भारतीय दंड प्रक्रिया संहिता, 1973 (Code of Criminal Procedure, 1973) के अनुसार, पुलिस अधिकारी अपनी पहल से किसी भी नुकसान को रोकने के लिए हस्तक्षेप कर सकता है जो उसकी आँखों के सामने सार्वजनिक संपत्ति, चाहे वह चल हो या अचल, हो रही हो। इसमें सार्वजनिक स्थलों पर लगे कोई भी निशान, जैसे कि नेविगेशन के लिए इस्तेमाल होने वाले बुॉय या अन्य चिह्न भी शामिल हैं। उदाहरण के लिए, यदि कोई व्यक्ति किसी पार्क में बेंच को तोड़ रहा है, तो पुलिस अधिकारी बिना वारंट के उसे रोकने के लिए आगे बढ़ सकता है। यह प्रावधान सार्वजनिक संपत्ति की सुरक्षा सुनिश्चित करने के लिए है। पुलिस अधिकारी को यह सुनिश्चित करना होगा कि वह हस्तक्षेप उचित है और कानून के दायरे में है।  यह ध्यान रखना महत्वपूर्ण है कि यह केवल उन मामलों में लागू होता है जहां नुकसान सीधे तौर पर हो रहा है।","Code of Criminal Procedure, 1973 Section 152",Safe,procedural,CrPC_1973__p78__c0,train
QA_155,"Magistrate ne agar koi order pass kar diya hai possession ke matter mein, aur phir mujhe dispossessed kar diya gaya, toh kya Magistrate phir bhi mujhe possession mein treat kar sakta hai order date se pehle ki dates ke liye? Aur agar koi dispute hai, toh Magistrate ko kya karna chahiye?",code_mixed,Criminal Law,Code of Criminal Procedure 1973,"Okay, so according to the Code of Criminal Procedure, 1973, Section 15, if a Magistrate receives information or even after receiving it, before he passes an order under sub-section (1), he has the power to treat a party who has been dispossessed as if they were in possession on the date of that order. Basically, he can look back. However, this doesn't mean the case is closed! Any party who was asked to attend, or anyone else interested in the matter, can still prove that there was no dispute, or that the dispute never existed.  For example, let's say A dispossesses B, and the Magistrate initially orders in favor of A. But B later proves there was a misunderstanding and no actual dispute over the land. In that case, the Magistrate *must* cancel the order.  All further proceedings related to that order will then be stopped. The passage clearly states this. It’s a safeguard to ensure fairness.  The Magistrate can't just ignore potential evidence of a lack of dispute.  It’s all about ensuring due process.","Code of Criminal Procedure, 1973 Section 15",Safe,procedural,CrPC_1973__p76__c0,train
QA_156,"अगर कोई व्यक्ति 18 साल से बड़ा है और किसी काम के लिए सहमति देता है, तो क्या उस काम से होने वाली चोट के लिए उस व्यक्ति को नुकसान पहुँचाने वाले को दोषी नहीं ठहराया जा सकता?",hindi,Criminal Law,Indian Penal Code 1860,"भारतीय दंड संहिता, 1860 के धारा 87 के अनुसार, यदि कोई व्यक्ति 18 साल से अधिक उम्र का है और उसने किसी कार्य के लिए स्पष्ट या निहित सहमति दी है, तो उस कार्य से होने वाली चोट के लिए उस व्यक्ति को नुकसान पहुँचाने वाले को दोषी नहीं ठहराया जा सकता। इसका मतलब है कि यदि कोई कार्य जानबूझकर मौत या गंभीर चोट पहुँचाने के लिए नहीं किया गया है, और करने वाले को यह भी पता नहीं है कि यह कार्य मौत या गंभीर चोट पहुँचाने की संभावना रखता है, तो यह कोई अपराध नहीं माना जाएगा, भले ही उस कार्य से किसी व्यक्ति को नुकसान हो या करने वाले द्वारा नुकसान पहुँचाने का इरादा हो।

उदाहरण के लिए, मान लीजिए कि दो वयस्क लोग एक खेल खेल रहे हैं जिसमें शारीरिक संपर्क शामिल है। यदि खेल के दौरान एक व्यक्ति को चोट लगती है, लेकिन उसने पहले से ही खेल खेलने की सहमति दी थी, तो दूसरे व्यक्ति को चोट पहुँचाने के लिए दोषी नहीं ठहराया जाएगा, जब तक कि चोट जानबूझकर या गंभीर चोट पहुँचाने के इरादे से नहीं हुई हो। यह धारा सहमति के आधार पर होने वाले नुकसान को अपराध से मुक्त करती है, बशर्ते कि व्यक्ति वयस्क हो और उसने सहमति दी हो।","Indian Penal Code 1860, Section 87",Safe,procedural,IPC_1860__p32__c0,train
QA_157,Yeh Child Labour Act mein likha hai ki government inspection kaise karegi? Aur rules banane ki power kisko hai?,code_mixed,Children's Rights,Child Labour (Prohibition and Regulation) Act 1986,"Okay, so according to the Child Labour (Prohibition and Regulation) Act, 1986, the appropriate government has the responsibility to regularly check places where child labour is not allowed, especially those with hazardous work. They can do this as often as they feel is necessary – it’s called ‘periodic inspection’ under Section 17B. Basically, they need to keep an eye on things to make sure the Act is being followed.  They also have to monitor any problems or issues related to the Act’s provisions.  

Now, Section 18 says that the appropriate government also has the power to make rules to help enforce the Act. They can do this by publishing a notification. For example, they might create rules about how inspections should be conducted, or what kind of records businesses need to keep. This power isn't limited to just one thing; they can make rules about pretty much anything needed to implement the Act effectively. It’s a broad power given to the government to ensure child labour is prevented and regulated.  The government can make whatever rules they think are needed to make sure the Act works properly. Apni specific situation ke liye ek qualified lawyer se zaroor milein.","Child Labour (Prohibition and Regulation) Act, 1986 - Sections 17B & 18",Safe,procedural,Child_labour_Act_1986__p9__c0,test
QA_158,अगर कोई बिना अनुमति मेरे घर में घुस जाए तो उसे क्या सजा हो सकती है?,hindi,Criminal Law,Indian Penal Code 1860,"भारतीय दंड संहिता, 1860 के अनुसार, यदि कोई व्यक्ति आपके घर में बिना अनुमति के घुस जाता है, तो उसे अलग-अलग तरह की सजा हो सकती है। धारा 447 के तहत, सामान्य आपराधिक अतिक्रमण (criminal trespass) के लिए तीन महीने तक की कैद या पाँच सौ रुपये तक का जुर्माना, या दोनों हो सकते हैं। लेकिन, अगर वह व्यक्ति आपके घर में घुसता है और उसे 'हाउस-ट्रेसपास' माना जाता है, तो धारा 448 के अनुसार, उसे एक साल तक की कैद या एक हजार रुपये तक का जुर्माना, या दोनों हो सकते हैं। 'हाउस-ट्रेसपास' का मतलब है कि व्यक्ति आपके घर में घुस गया और उसका इरादा कुछ करने का था। उदाहरण के लिए, मान लीजिए कि कोई व्यक्ति आपके बगीचे से फल चुराने के इरादे से आपके घर के परिसर में बिना अनुमति के घुस जाता है, तो यह आपराधिक अतिक्रमण माना जा सकता है। वहीं, अगर वह आपके घर के अंदर घुस जाता है और कुछ चुराने या नुकसान पहुंचाने की कोशिश करता है, तो यह 'हाउस-ट्रेसपास' माना जा सकता है। सजा अपराध की गंभीरता और परिस्थितियों पर निर्भर करती है।","Indian Penal Code, 1860 - Sections 447 & 448",Safe,procedural,IPC_1860__p197__c0,train
QA_159,"Yaar, agar koi boat chalata hai aur aise rash tarike se chalaata hai ki kisi ko hurt lag sakta hai, toh usko kya punishment hogi? Kya fine bhi lag sakta hai?",code_mixed,Criminal Law,Indian Penal Code 1860,"Okay, so according to the Indian Penal Code, 1860, Section 280 deals with this. Basically, if someone navigates a vessel – like a boat or ship – in a really rash or negligent way, and that navigation puts human life in danger, or is likely to cause hurt or injury to someone else, then they can face consequences. The punishment can be imprisonment, either simple or rigorous, for up to six months. Or, they could be fined, and the fine can go up to one thousand rupees. It's also possible they could get both – imprisonment *and* a fine.  For example, imagine a boat driver speeding recklessly near a crowded swimming area, almost hitting several people. That would fall under this section. The key thing is the 'rash' or 'negligent' navigation that creates a risk. It's not just about an accident; it's about the way the vessel was being handled.  Section 281 is about false lights, but that's a different thing altogether.  This section specifically addresses the dangerous navigation itself. Apni specific situation ke liye ek qualified lawyer se zaroor milein.","Indian Penal Code, 1860 Section 280",Safe,procedural,IPC_1860__p124__c0,train
QA_160,"अगर किसी व्यक्ति को सजा देने के लिए कानूनी कार्यवाही शुरू नहीं की जाती है, तो उसे किस तरह की सजा मिल सकती है? अलग-अलग अपराधों के लिए क्या नियम हैं?",hindi,Criminal Law,Bharatiya Nyaya Sanhita 2023,"भारतीय न्याय संहिता, 2023 के अनुसार, यदि किसी व्यक्ति पर मुकदमा चलाने की कार्यवाही शुरू नहीं की जाती है, तो उसे अपराध की गंभीरता के आधार पर अलग-अलग सजाएं मिल सकती हैं। यदि अपराध की सजा मृत्युदंड है, तो उसे सात साल तक की कैद और जुर्माना लगाया जा सकता है। उदाहरण के लिए, मान लीजिए कि किसी व्यक्ति पर गंभीर अपराध का आरोप है जिसके लिए मृत्युदंड का प्रावधान है, लेकिन किसी कारणवश मुकदमा नहीं चलाया जा रहा है। ऐसे में, उसे अधिकतम सात साल की कैद और जुर्माना हो सकता है। यदि अपराध की सजा आजीवन कारावास या दस साल तक की कैद है, तो उसे तीन साल तक की कैद और जुर्माना लगाया जा सकता है। यह प्रावधान यह सुनिश्चित करता है कि कानूनी कार्यवाही शुरू न होने पर भी व्यक्ति को उचित सजा मिले। यह संहिता अपराधों के वर्गीकरण और सजा के निर्धारण में स्पष्टता प्रदान करती है।","Bharatiya Nyaya Sanhita, 2023, Section (a) & (b)",Safe,procedural,BNS_2023__p79__c1,train
QA_161,"Yaar, mujhe confuse hai. Consumer Protection Act mein 'complainant' kaun ho sakta hai? Basically, main ek consumer hoon, toh main bhi complainant ho sakta hoon, right?",code_mixed,Consumer and Cyber Law,Consumer Protection Act 2019,"Absolutely! According to the Consumer Protection Act, 2019, a 'complainant' can be quite a few things. Firstly, and most obviously, you, as a consumer, can definitely be a complainant. The Act defines it as 'a consumer' – so if you've faced any issue with a product or service, you have the right to file a complaint. But it's not just you! A voluntary consumer association registered under Indian law can also file a complaint. Even the Central or State Government, or the Central Authority itself, can be complainants.  And get this – if a lot of consumers have the same problem, like, say, a faulty batch of a particular brand of mixer grinder affecting hundreds of people, then one or more of those consumers can represent the entire group.  Finally, if a consumer passes away, their legal heir or representative can also file the complaint. So, you see, the definition is pretty broad. It’s designed to protect consumer rights. For example, if you bought a phone that stopped working within a week, you can file a complaint.  Refer to Section 2(5) of the Consumer Protection Act, 2019.","Consumer Protection Act, 2019 Section 2(5)",Safe,definitional,Consumer_Protection_Act_2019__p5__c0,val
QA_162,"अगर किसी अपराध की सजा आजीवन कारावास या कारावास है, और अगर अपराध 3 साल तक कारावास या आजीवन कारावास की सजा के योग्य है, तो उस अपराध के लिए क्या सजा होगी?",hindi,Criminal Law,Indian Penal Code 1860,"भारतीय दंड संहिता, 1860 के अनुसार, यदि कोई अपराध आजीवन कारावास या कारावास के साथ दंडनीय है, और यदि वह अपराध तीन वर्ष तक कारावास या आजीवन कारावास की सजा के योग्य है, तो दोषी को कारावास की किसी भी प्रकार की सजा दी जा सकती है जिसकी अवधि तीन वर्ष तक हो सकती है, और उसे जुर्माना भी देना होगा। इसका मतलब है कि सजा में कारावास और जुर्माना दोनों शामिल हो सकते हैं, लेकिन कारावास की अवधि अधिकतम तीन वर्ष होगी। उदाहरण के लिए, मान लीजिए कि किसी व्यक्ति पर सरकारी संपत्ति को नुकसान पहुंचाने का आरोप है, और यह अपराध आजीवन कारावास या कारावास के साथ दंडनीय है, और अधिकतम सजा तीन वर्ष कारावास है। ऐसे मामले में, अदालत दोषी को तीन वर्ष तक कारावास और जुर्माना भी लगा सकती है। यह प्रावधान 1894 के अधिनियम 3 के धारा 7 द्वारा डाला गया है। यह ध्यान रखना महत्वपूर्ण है कि यह केवल इस विशिष्ट धारा के तहत दंड का वर्णन करता है और अन्य संबंधित प्रावधान भी लागू हो सकते हैं।","Indian Penal Code 1860, Act 3 of 1894, s. 7",Safe,procedural,IPC_1860__p97__c0,test
QA_163,"Okay, so during a national emergency, kya hota hai? Can the government suspend my fundamental rights, like the ones mentioned in Part III of the Constitution? And which rights are protected even then?",code_mixed,Constitutional Law,Constitution of India,"During a national emergency, the President has the power to issue an order, according to Article 359 of the Constitution of India, to temporarily suspend certain fundamental rights guaranteed under Part III. Basically, when a Proclamation of Emergency is in operation, the President can decide which rights from Part III won't be enforceable through the courts. However, there's a crucial exception: Articles 20 and 21 – protection against cruel and unusual punishment and the right to life and personal liberty – remain protected, no matter what.  So, even if the government takes some executive action during an emergency, it can't violate these core rights. For example, if the government restricts freedom of speech during an emergency, you still can't be subjected to torture or denied basic necessities. The order specifying which rights are suspended must be explicitly mentioned. This power is meant to allow the government to handle crises effectively, but it's balanced by the protection of fundamental rights like life and liberty.  It's a temporary measure, linked directly to the emergency proclamation.","Constitution of India, Article 359",Safe,procedural,Constitution_of_India__p227__c0,val
QA_164,"अगर किसी व्यक्ति के नौकर या क्लर्क के पास कुछ संपत्ति है, तो क्या कानून की नजर में वह संपत्ति उस व्यक्ति के पास मानी जाएगी? यह कैसे काम करता है?",hindi,Criminal Law,Indian Penal Code 1860,"भारतीय दंड संहिता, 1860 के धारा 27 के अनुसार, यदि किसी व्यक्ति की पत्नी, क्लर्क या नौकर के पास उस व्यक्ति के कारण कोई संपत्ति है, तो कानून की नजर में वह संपत्ति उस व्यक्ति के पास ही मानी जाएगी। इसका मतलब है कि संपत्ति का भौतिक रूप से कब्ज़ा भले ही किसी और के पास हो, लेकिन कानूनी तौर पर वह उस व्यक्ति का ही है जिसके कारण संपत्ति उस नौकर या क्लर्क के पास है।

उदाहरण के लिए, मान लीजिए कि एक व्यवसायी अपने क्लर्क को वेतन देने के लिए कुछ पैसे देता है। अब, यदि क्लर्क उन पैसों का इस्तेमाल अपने निजी खर्चों के लिए करता है, तो भी कानून की नजर में वह पैसा व्यवसायी के पास ही माना जाएगा। यह धारा इस बात को स्पष्ट करती है कि किसी व्यक्ति की संपत्ति पर उसका नियंत्रण कैसे बरकरार रहता है, भले ही वह संपत्ति किसी और के भौतिक नियंत्रण में हो। यह धारा संपत्ति से जुड़े अपराधों के मामलों में महत्वपूर्ण भूमिका निभाती है।

भारतीय दंड संहिता, धारा 27","Indian Penal Code, 1860, Section 27",Safe,procedural,IPC_1860__p11__c0,train
QA_165,"Yeh Rights of Persons with Disabilities Act 2016 mein likha hai ki States mein kaun log ex officio members hote hain? Basically, kaun log automatically member ban jaate hain?",code_mixed,PWD Rights,Rights of Persons with Disabilities Act 2016,"Okay, so according to the Rights of Persons with Disabilities Act 2016, Section (d) specifies who are ex officio members. It's quite a list! Basically, the Ministers in charge of Disability Affairs in all States, and also the Administrators or Lieutenant Governors of Union Territories, are automatically members.  It doesn't stop there!  Ministers responsible for areas like Social Justice, School Education, Higher Education, Women and Child Development, Expenditure, and even Health and Family Welfare – they all get a seat.  Think about it, if a state government is setting up a committee to look at disability issues, the Minister of Social Justice would automatically be a member, regardless of whether they're specifically appointed.  It’s a way to ensure different departments are represented.  This also includes ministers dealing with things like Rural Development, Science and Technology, and Urban Development. It’s a broad representation to cover all aspects impacting people with disabilities.  This ensures a holistic approach.  It’s all about bringing different perspectives to the table.  The Act, Section (d), lists all these ministries. Apni specific situation ke liye ek qualified lawyer se zaroor milein.","Rights of Persons with Disabilities Act 2016, Section (d)",Safe,procedural,RPWD_Act_2016__p22__c0,train
QA_166,"अगर किसी व्यक्ति को हाई कोर्ट ने मौत की सजा सुनाई है और उसे सुप्रीम कोर्ट में अपील करने का अधिकार है, तो क्या हाई कोर्ट तुरंत सजा का अमल शुरू कर देगा?",hindi,Criminal Law,Code of Criminal Procedure 1973,"भारतीय दंड प्रक्रिया संहिता, 1973 (Code of Criminal Procedure, 1973) के धारा 415 के अनुसार, यदि किसी व्यक्ति को हाई कोर्ट द्वारा मौत की सजा सुनाई जाती है और उसके फैसले के खिलाफ सुप्रीम कोर्ट में अपील करने का प्रावधान है, तो हाई कोर्ट सजा के अमल को तब तक स्थगित कर देगा जब तक कि सुप्रीम कोर्ट का फैसला न आ जाए। इसका मतलब है कि हाई कोर्ट तुरंत सजा का अमल शुरू नहीं करेगा। यह प्रावधान इसलिए किया गया है ताकि सुप्रीम कोर्ट को अपील पर विचार करने का पर्याप्त समय मिल सके और दोषी व्यक्ति को अन्याय से बचाया जा सके। उदाहरण के लिए, मान लीजिए कि हाई कोर्ट ने एक व्यक्ति को हत्या के आरोप में मौत की सजा सुनाई है, और उसके पास सुप्रीम कोर्ट में अपील करने का अधिकार है। इस स्थिति में, हाई कोर्ट को सजा का अमल तब तक रोकना होगा जब तक कि सुप्रीम कोर्ट अपील पर फैसला न दे दे। यह सुनिश्चित करता है कि सुप्रीम कोर्ट को मामले की समीक्षा करने और यह निर्धारित करने का अवसर मिले कि क्या हाई कोर्ट का फैसला सही था।","Code of Criminal Procedure, 1973 Section 415",Safe,procedural,CrPC_1973__p175__c0,train
QA_167,"Okay, so, agar koi mental illness se suffer kar raha hai aur usko kisi ne treat bhi kar diya ya neglect kiya, toh mujhe kya karna chahiye? Police ko report karna hai, but Magistrate ko bhi? Kya process hai exactly?",code_mixed,PWD Rights,Mental Healthcare Act 2017,"According to the Mental Healthcare Act, 2017, if you believe someone with mental illness is being ill-treated or neglected by someone responsible for their care – like a family member or caretaker – you absolutely have a responsibility to report it. The Act clearly states that you should report this fact to the police officer in-charge of the police station within the jurisdiction where the person resides.  However, it also says you need to inform the Magistrate within the local limits of that person's residence.  So, both are important.  For example, let's say your neighbor's elderly mother, who has dementia, is being consistently ignored and not given proper medication by her son. You should first report this to the local police station and then also inform the Magistrate. The Magistrate will then investigate based on the police report or other information. The Act prioritizes the safety and well-being of individuals with mental illness. It's a crucial safeguard against abuse and neglect.  Remember, this is based solely on the provided passage.  Apni specific situation ke liye ek qualified lawyer se zaroor milein.","Mental Healthcare Act, 2017 Sections 2(2) & 2(3)",Safe,procedural,Mental_Healthcare_Act_2017__p43__c0,val
QA_168,"अगर किसी सरकारी कर्मचारी की नियुक्ति या तबादला संविधान के अनुच्छेद 233 या 235 के अनुसार नहीं किया गया, तो क्या वह नियुक्ति या तबादला अवैध माना जाएगा?",hindi,Constitutional Law,Constitution of India,"नहीं, 1966 के संविधान (बीसवां संशोधन) अधिनियम के प्रारंभ होने से पहले की किसी भी नियुक्ति, पदस्थापन, पदोन्नति या स्थानांतरण को केवल इसलिए अवैध या शून्य नहीं माना जाएगा कि वह अनुच्छेद 233 या 235 के प्रावधानों के अनुसार नहीं किया गया था। इसका मतलब है कि अगर किसी कर्मचारी की नियुक्ति या तबादला इन अनुच्छेदों के अनुसार नहीं हुआ, लेकिन नियुक्ति प्रक्रिया में कोई अन्य कानूनी त्रुटि नहीं थी, तो भी वह नियुक्ति या तबादला वैध माना जाएगा। उदाहरण के लिए, मान लीजिए कि एक जिला जज को एक विशेष मामले की सुनवाई के लिए किसी अन्य जिले में स्थानांतरित किया गया, लेकिन स्थानांतरण प्रक्रिया में कुछ तकनीकी चूक हुई। इस संशोधन के अनुसार, उस स्थानांतरण को केवल इस वजह से अवैध नहीं माना जाएगा कि यह अनुच्छेद 233 या 235 के अनुसार नहीं किया गया। यह संशोधन उन नियुक्तियों और तबादलों को सुरक्षित करता है जो पहले किए जा चुके थे, भले ही वे बाद में संशोधित कानूनों के अनुरूप न हों। यह 1966 के संविधान (बीसवां संशोधन) अधिनियम का एक महत्वपूर्ण प्रावधान है।","Constitution of India, Article 233, Article 235, Constitution (Twenty-first Amendment) Act, 1966",Safe,procedural,Constitution_of_India__p118__c0,train
QA_169,"Yaar, suppose police kisi ko arrest karne ki koshish kar rahi hai, aur woh log rescue karne ki try kar rahe hain. Agar woh rescue karne wale log kisi aise crime ke liye accused hain jisse death penalty lag sakta hai, toh unko kya punishment milegi, bhai?",code_mixed,Criminal Law,Bharatiya Nyaya Sanhita 2023,"Okay, so according to the Bharatiya Nyaya Sanhita 2023, if someone is trying to rescue a person who is facing charges or is liable to be arrested for an offence punishable with death, the rescuer themselves can face consequences. The law states that they will be imprisoned for a term that can go up to seven years. And on top of that, they will also have to pay a fine. It's a serious penalty, right? 

Let's say, for example, police are arresting someone for murder, and a friend tries to physically intervene and rescue them. Even if the friend's intentions were good, they could be arrested and face imprisonment and a fine under this section. The key thing here is that the person being rescued is facing a very serious charge – one that could potentially lead to the death penalty. This section specifically addresses the situation where someone actively tries to prevent a lawful arrest in such a scenario. It's all about maintaining law and order, you see. 

This applies even if the person being rescued is already serving a life sentence or a ten-year imprisonment sentence. Bharatiya Nyaya Sanhita 2023, Section (c). Apni specific situation ke liye ek qualified lawyer se zaroor milein.","Bharatiya Nyaya Sanhita 2023, Section (c)",Safe,procedural,BNS_2023__p82__c1,train
QA_170,"पुलिस वाले मुझे गिरफ्तार करने आ रहे हैं, तो क्या होगा? क्या वो मुझे छूकर या पकड़कर ही ले जा सकते हैं?",hindi,Criminal Law,Bharatiya Nagarik Suraksha Sanhita 2023,"भारतीय नागरिक सुरक्षा संहिता 2023 (Bharatiya Nagarik Suraksha Sanhita 2023) के धारा 43 के अनुसार, पुलिस अधिकारी या कोई अन्य व्यक्ति आपको गिरफ्तार करते समय, आपको छूकर या आपकी शारीरिक रूप से हिरासत में लेकर ही ले जा सकता है। इसका मतलब है कि वो आपको पकड़ेंगे या आपको कहीं बांधकर रखेंगे। लेकिन, अगर आप मौखिक रूप से या किसी कार्य के माध्यम से हिरासत में आने के लिए सहमत हो जाते हैं, तो उन्हें आपको छूने की भी ज़रूरत नहीं होगी। उदाहरण के लिए, अगर पुलिस आपको बताती है कि आपको गिरफ्तार किया जा रहा है और आप बिना किसी विरोध के उनके साथ चलने के लिए तैयार हो जाते हैं, तो वो आपको छूकर नहीं ले जाएंगे। महिलाओं की गिरफ्तारी में, जब तक परिस्थितियाँ विपरीत न दर्शाएं, मौखिक रूप से गिरफ्तारी की सूचना देने पर उनकी हिरासत में समर्पण को स्वीकार किया जाएगा। यह प्रावधान सुनिश्चित करता है कि गिरफ्तारी प्रक्रिया उचित और सम्मानजनक हो। यह ध्यान रखना महत्वपूर्ण है कि गिरफ्तारी की प्रक्रिया में कुछ नियम और प्रक्रियाएं हैं जिनका पालन किया जाना चाहिए।","Bharatiya Nagarik Suraksha Sanhita 2023, Section 43",Safe,procedural,BNSS_2023__p30__c1,val
QA_171,"Yaar, agar koi computer source code, like program ka code, fraud se use karta hai toh usko kya punishment milegi? Itna serious hoga?",code_mixed,Consumer and Cyber Law,Information Technology Act 2000,"Okay, so according to the Information Technology Act, 2000, Section 66 deals with computer-related offences. If someone, *dishonestly* or *fraudulently*, does something mentioned in Section 43 using computer source code – which basically means the listing of programs, commands, design, and layout of a computer resource in any form – then they can face serious consequences. The law says they can be imprisoned for up to three years, or fined up to five lakh rupees, or even both!  

Think of it this way: imagine someone steals the source code for a banking app and uses it to illegally access customer data. That would be a clear case of fraud under Section 66. The word 'dishonestly' is important here; it means they didn't have the right to do what they did.  The explanation clarifies that 'dishonestly' has a specific legal meaning. This section is designed to protect computer resources and the information they hold from malicious acts. It’s a pretty significant penalty to deter such behaviour.  It’s all about preventing misuse of computer systems and data. 

Apni specific situation ke liye ek qualified lawyer se zaroor milein.","Information Technology Act, 2000, Section 66",Safe,procedural,IT_Act_2000__p24__c0,train
QA_172,"अगर कोई संस्था नेशनल ट्रस्ट के साथ पंजीकृत है, तो उसे यह कैसे सुनिश्चित करना चाहिए कि उसकी गतिविधियों की निगरानी और मूल्यांकन सही तरीके से हो रहा है?",hindi,PWD Rights,"National Trust for Welfare of Persons with Autism, Cerebral Palsy, Mental Retardation and Multiple Disabilities Act 1999","नेशनल ट्रस्ट फॉर वेलफेयर ऑफ पर्सन्स विथ ऑटिज्म, सेरेब्रल पाल्सी, मेंटल रेटार्डेशन एंड मल्टीपल डिसेबिलिटीज एक्ट, 1999 के सेक्शन 36 में नियमों और विनियमों के बारे में बताया गया है। विशेष रूप से, सेक्शन 36(g) में पंजीकृत संगठनों के पूर्व-फंडिंग स्टेटस का मूल्यांकन करने की प्रक्रिया और सेक्शन 19 के तहत इन संगठनों की गतिविधियों की निगरानी और मूल्यांकन के लिए दिशानिर्देश बनाने का उल्लेख है। इसका मतलब है कि नेशनल ट्रस्ट यह सुनिश्चित करेगा कि पंजीकृत संगठन अपनी गतिविधियों को पारदर्शी तरीके से चलाएं और नियमित रूप से रिपोर्ट जमा करें। उदाहरण के लिए, मान लीजिए कि एक पंजीकृत संगठन बच्चों के लिए विशेष शिक्षा प्रदान करता है। नेशनल ट्रस्ट को यह सुनिश्चित करने के लिए नियमित रूप से स्कूल का दौरा करना होगा, छात्रों के प्रदर्शन का मूल्यांकन करना होगा और शिक्षकों के प्रशिक्षण की निगरानी करनी होगी। यह सुनिश्चित करता है कि संगठन अपने उद्देश्यों को पूरा कर रहा है और धन का सही उपयोग कर रहा है।  यह प्रक्रिया नेशनल ट्रस्ट द्वारा बनाए गए नियमों के अनुसार संचालित होती है।","National Trust Act, 1999, Section 36(g), Section 19",Safe,procedural,National_Trust_Act_1999__p12__c0,val
QA_173,"Yeh Batao, agar police kisi lady ko examine karna chahe, toh kya rules hain? Consent bina, examine kar sakte hain kya?",code_mixed,Criminal Law,Bharatiya Nagarik Suraksha Sanhita 2023,"Okay, so according to the Bharatiya Nagarik Suraksha Sanhita 2023, Section 193(7) is very clear on this. Police can't just examine a woman without her consent, or the consent of someone who is legally allowed to give it on her behalf. It's explicitly stated that nothing in this section makes an examination lawful without that consent. The word 'examination' itself has a specific meaning, as defined in Section 51 of the same Act, and so does 'registered medical practitioner'. Basically, they have to get permission first. 

For example, imagine a police officer wants to examine a woman regarding a case. They absolutely *cannot* force her to undergo an examination without her agreement or the agreement of her guardian, if she's a minor. The documents related to this examination would then be sent to the Magistrate as per Section 193. This is to ensure proper procedure is followed and the woman's rights are protected. The Act emphasizes consent as a crucial element.  This section doesn't change any existing laws about consent. 

Apni specific situation ke liye ek qualified lawyer se zaroor milein.","Bharatiya Nagarik Suraksha Sanhita 2023, Sections 193(7), 51",Safe,procedural,BNSS_2023__p72__c1,train
QA_174,कोर्ट में गवाहों को किस क्रम में पेश किया जाता है और उनसे सवाल पूछे जाते हैं? क्या कोर्ट का कोई नियम है या जज खुद तय करते हैं?,hindi,Criminal Law,Indian Evidence Act 1872,"भारतीय साक्ष्य अधिनियम, 1872 (Indian Evidence Act, 1872) के अनुसार, गवाहों को पेश करने और उनसे पूछताछ करने का क्रम सिविल और आपराधिक प्रक्रिया से संबंधित मौजूदा कानूनों और प्रथाओं द्वारा निर्धारित किया जाता है। इसका मतलब है कि हर तरह के मामले के लिए अलग-अलग प्रक्रियाएं हो सकती हैं। यदि कोई विशेष कानून मौजूद नहीं है, तो कोर्ट का जज अपनी विवेक (discretion) का उपयोग करके यह तय करेगा कि गवाहों को किस क्रम में पेश किया जाए और उनसे कैसे सवाल पूछे जाएं। जज यह सुनिश्चित करते हैं कि कार्यवाही उचित और निष्पक्ष हो। उदाहरण के लिए, मान लीजिए कि एक चोरी के मामले में, जज पहले प्रत्यक्षदर्शी गवाह को बुला सकते हैं, फिर पुलिस अधिकारी को, और अंत में, आरोपी को। यह क्रम मामले की परिस्थितियों और सबूतों की प्रकृति पर निर्भर करेगा। कोर्ट का निर्णय अंतिम होगा।","Indian Evidence Act, 1872, Sections 135 & 136",Safe,procedural,Indian_Evidence_Act_1872__p53__c1,train
QA_175,"Yaar, mujhe yeh National Food Security Act ke baare mein jaanna hai. Agar ek eligible household mein koi hai, toh usko subsidized rate pe foodgrains milenge? Aur kaise pata chalega ki woh eligible hai ya nahin?",code_mixed,Labour and Social Welfare,National Food Security Act 2013,"Okay, so according to the National Food Security Act, 2013, Section 3 basically says that eligible households are entitled to receive foodgrains at subsidized prices through the Targeted Public Distribution System (PDS). It's a right, you see? The Act doesn't explicitly state *how* you determine eligibility, but it implies that there's a system in place. Think of it like this: let's say a family in a rural area, whose income is below a certain threshold and who are registered with the local PDS authorities, would likely be considered an eligible household. They'd be able to buy grains like wheat and rice at a much lower price than the market rate. The Act focuses on the *right* to receive the foodgrains, not the detailed process of proving eligibility, which is handled by the state governments implementing the PDS. It also mentions nutritional support for pregnant women, lactating mothers and children, but that's under different sections. This Act is all about ensuring food security for those who need it. Apni specific situation ke liye ek qualified lawyer se zaroor milein.","National Food Security Act, 2013, Section 3",Safe,procedural,National_Food_Security_Act_2013__p1__c0,val
QA_176,"अगर किसी व्यक्ति पर अपराध का मुकदमा चल रहा है, तो क्या अदालत को ज़रूरी है कि वह व्यक्ति अदालत में मौजूद रहे? अगर नहीं, तो किन परिस्थितियों में ऐसा हो सकता है?",hindi,Criminal Law,Code of Criminal Procedure 1973,"भारतीय दंड प्रक्रिया संहिता, 1973 (Code of Criminal Procedure, 1973) के धारा 273 के अनुसार, सामान्य तौर पर, किसी मुकदमे या अन्य कार्यवाही के दौरान साक्ष्य (evidence) अदालत में आरोपी (accused) की मौजूदगी में ही लिया जाना चाहिए। इसका मतलब है कि आरोपी को अदालत में उपस्थित रहना ज़रूरी है ताकि वह साक्ष्य को सुन सके और अपनी बात रख सके। हालांकि, कुछ अपवाद भी हैं। अगर अदालत आरोपी की व्यक्तिगत उपस्थिति से छूट दे देती है, तो ऐसा केवल तभी किया जा सकता है जब आरोपी का वकील (pleader) अदालत में मौजूद हो। उदाहरण के लिए, मान लीजिए कि किसी व्यक्ति पर चोरी का आरोप है और वह गंभीर रूप से बीमार है। अदालत उसकी बीमारी के कारण उसे अदालत में उपस्थित होने से छूट दे सकती है, लेकिन उसके वकील को अदालत में उपस्थित रहना होगा। धारा 273 में यह भी प्रावधान है कि अगर किसी महिला का बयान, जो कि 18 साल से कम उम्र की है और जिस पर बलात्कार या किसी अन्य यौन अपराध का आरोप है, रिकॉर्ड किया जाना है, तो अदालत को यह सुनिश्चित करने के लिए उचित कदम उठाने चाहिए कि उस महिला को आरोपी का सामना न करना पड़े।","Code of Criminal Procedure, 1973 Section 273",Safe,procedural,CrPC_1973__p126__c0,train
QA_177,"Yaar, main sun raha hoon ki Bharatiya Nyaya Sanhita mein register mein kuch fake entry daalna bahut serious crime hai. Agar koi electronic form mein, IT Act ke according, koi register mein jhooth entry daal de toh usko kya punishment hogi?",code_mixed,Criminal Law,Bharatiya Nyaya Sanhita 2023,"Okay, so according to the Bharatiya Nyaya Sanhita 2023, if someone, let's say a disgruntled employee, enters fake data into an electronic register – and remember, 'register' includes any list, data, or record in electronic form as defined by the Information Technology Act, 2000 – they're in serious trouble. The law specifically states that such an act will be punished with imprisonment. The imprisonment can be either simple or rigorous, and it can extend up to seven years. Plus, they'll also have to pay a fine.  It's a pretty hefty penalty, right?  The Explanation clarifies that this applies to anything maintained electronically, so even a spreadsheet could be considered a 'register' in this context. For example, imagine someone altering a company's digital attendance records to falsely claim they worked overtime. That would fall under this section.  This is all covered under Section 338 of the Bharatiya Nyaya Sanhita 2023. It's important to understand the scope of what constitutes a 'register' under the law. Apni specific situation ke liye ek qualified lawyer se zaroor milein.","Bharatiya Nyaya Sanhita 2023, Section 338",Safe,procedural,BNS_2023__p104__c0,train
QA_178,"अगर किसी कंपनी के डेटाबेस से मेरी निजी जानकारी चोरी हो जाती है, तो क्या मैं उस कंपनी से मुआवजा मांग सकता हूँ?",hindi,Consumer and Cyber Law,Information Technology Act 2000,"हाँ, आप कंपनी से मुआवजा मांग सकते हैं, लेकिन कुछ शर्तों के अधीन। सूचना प्रौद्योगिकी अधिनियम, 2000 की धारा 43A के अनुसार, यदि कोई कंपनी जो आपकी संवेदनशील व्यक्तिगत जानकारी रखती है, लापरवाही से उचित सुरक्षा उपाय लागू करने और बनाए रखने में विफल रहती है, और इस वजह से आपको नुकसान होता है (जैसे कि वित्तीय नुकसान या पहचान की चोरी), तो वह कंपनी आपको मुआवजा देने के लिए उत्तरदायी होगी। इसका मतलब है कि कंपनी को यह साबित करना होगा कि उसने उचित सुरक्षा उपाय किए थे या नहीं। उदाहरण के लिए, मान लीजिए कि एक ऑनलाइन शॉपिंग कंपनी का डेटाबेस हैक हो जाता है और आपकी क्रेडिट कार्ड की जानकारी चोरी हो जाती है, जिससे आपको धोखाधड़ी से पैसे खोने पड़ते हैं। आप उस कंपनी के खिलाफ धारा 43A के तहत मुआवजा के लिए मुकदमा कर सकते हैं। यह ध्यान रखना महत्वपूर्ण है कि आपको यह साबित करना होगा कि कंपनी की लापरवाही के कारण ही आपको नुकसान हुआ है।","Information Technology Act 2000, Section 43A",Safe,procedural,IT_Act_2000__p19__c1,train
QA_179,"Yaar, Constitution mein likha hai ki inquiry bina kiye bhi kisi ko remove kar sakte hain? Kab tak authorities ko aisa karne ka right hai, aur unko kya karna padta hai?",code_mixed,Constitutional Law,Constitution of India,"Okay, so according to the Constitution, there are situations where an authority – like the one who can dismiss or remove someone – doesn't *have* to hold an inquiry before taking action. This is under Article 316(b) and (c). Basically, if it's just not reasonably practical to hold an inquiry, for some reason that they need to write down, they can proceed.  Or, if the President or the Governor believes it's not in the best interest of the security of the State to hold an inquiry, they can also decide against it.  They have to be *satisfied* and record their reasons in writing, though.  It's not like they can just randomly decide.  For example, imagine a situation where a crucial government official is suspected of espionage, and holding a public inquiry could compromise national security – in that case, it might be deemed not expedient. The passage doesn't specify *what* constitutes 'reasonably practicable' or 'expedient', it just states the conditions under which an inquiry can be bypassed. It's a pretty serious power, so it's meant to be used cautiously.  The key is the written record of their reasoning.","Constitution of India, Article 316(b) and (c)",Safe,procedural,Constitution_of_India__p183__c0,train
QA_180,"अगर किसी जिले में 'बेटी बचाओ, बेटी पढ़ाओ' योजना के तहत, PNDT एक्ट के उल्लंघन के मामले सामने आते हैं, तो उनका निपटान कैसे किया जाता है और जिला प्रशासन क्या कदम उठाता है?",hindi,Government Schemes,Beti Bachao Beti Padhao Scheme Guidelines,"बेटी बचाओ, बेटी पढ़ाओ योजना के अंतर्गत, PNDT (लिंग चयन निषेध एवं भ्रूण हत्या निवारण) अधिनियम, 1994 के उल्लंघन के मामलों का निपटान जिला अदालतों में किया जाता है। योजना के दिशानिर्देशों के अनुसार, जिला प्रशासन नियमित रूप से अदालतों में लंबित मामलों की समीक्षा करता है और उनका शीघ्र निपटान सुनिश्चित करता है। इसके लिए, जिला कानूनी व्यक्ति और PNDT सेल मिलकर काम करते हैं। जिला निरीक्षण और निगरानी समितियों (DIMC) का गठन किया जाता है जो समय-समय पर निरीक्षण करती हैं और योजना के जमीनी स्तर पर कार्यान्वयन की निगरानी करती हैं। यदि कोई उल्लंघन पाया जाता है, तो प्रशासन सीलिंग, शो कॉज नोटिस जारी करना और मामले दर्ज करना जैसे कदम उठा सकता है, साथ ही दोषियों को निलंबित भी किया जा सकता है। उदाहरण के लिए, यदि किसी अल्ट्रासाउंड सेंटर पर लिंग चयन की पुष्टि हो जाती है, तो DIMC तुरंत कार्रवाई कर सकती है। PNDT अधिनियम के तहत, उल्लंघन करने वालों को कड़ी सजा हो सकती है।","PNDT Act, 1994 (कोई विशिष्ट सेक्शन नंबर इस passage में नहीं दिया गया है)",Safe,procedural,Beti_Bachao_Beti_Padhao__p87__c0,train
QA_181,"Okay, so police ne mujhe arrest kiya, lekin bail bhi nahi dene ki condition hai warrant mein. Magistrate ko kya check karna hai? Unko kya satisfy karna hai ki sab theek hai?",code_mixed,Criminal Law,Bharatiya Nagarik Suraksha Sanhita 2023,"According to the Bharatiya Nagarik Suraksha Sanhita 2023, Section 49, if a police officer arrests someone, either with a warrant that doesn't allow bail, or a warrant where bail is possible but you can't provide it, or even without a warrant, the Magistrate who sees you has a very important duty. They need to make sure that everything mentioned in sub-section (2) and sub-section (3) has been followed correctly for your arrest. Basically, they have to verify that the process was done properly. 

For example, let's say police arrests someone for a theft case with a non-bailable warrant. The Magistrate needs to confirm that the arrest was made according to the law, and all necessary paperwork and procedures were followed. It's not just about looking at the warrant; it's about ensuring the entire arrest process was lawful. The Magistrate’s role is to safeguard your rights and ensure due process is followed. This is crucial to prevent any illegal detentions. The Magistrate is essentially a check on the police’s power. 

This is under Bharatiya Nagarik Suraksha Sanhita 2023, Section 49.","Bharatiya Nagarik Suraksha Sanhita 2023, Section 49",Safe,procedural,BNSS_2023__p32__c0,train
QA_182,"अगर कोई कानून भारत सरकार द्वारा बनाया गया है, तो क्या उसे अदालत में चुनौती दी जा सकती है? अगर चुनौती दी भी जाती है, तो किस आधार पर चुनौती नहीं दी जा सकती?",hindi,Constitutional Law,Constitution of India,"भारतीय संविधान के अनुच्छेद 131D के अनुसार, यदि कोई कानून भारत सरकार की नीति को प्रभावी करने के लिए बनाया गया है, तो उसे किसी भी अदालत में इस आधार पर चुनौती नहीं दी जा सकती कि वह कानून उस नीति को प्रभावी नहीं करता है। इसका मतलब है कि अगर कानून का उद्देश्य सरकार की घोषित नीति के अनुरूप है, तो अदालत उस कानून की वैधता पर सवाल नहीं उठा सकती। हालांकि, यह प्रावधान केवल उन कानूनों पर लागू होता है जो संसद द्वारा बनाए गए हैं। यदि कोई कानून राज्य विधानमंडल द्वारा बनाया गया है, तो यह प्रावधान लागू नहीं होगा, जब तक कि उस कानून को राष्ट्रपति की स्वीकृति के लिए आरक्षित न किया गया हो। उदाहरण के लिए, यदि सरकार शिक्षा को बढ़ावा देने की नीति बनाती है और उसके अनुसार एक कानून पारित करती है, तो उस कानून को अदालत में चुनौती देना मुश्किल होगा यदि चुनौती का आधार यह हो कि कानून शिक्षा को बढ़ावा नहीं देता। यह प्रावधान सरकार को अपनी नीतियों को प्रभावी ढंग से लागू करने में मदद करता है। Constitution (Forty-third Amendment) Act, 1977, s. 2 के तहत यह प्रावधान निरस्त कर दिया गया है।","Constitution of India, Article 131D, Constitution (Forty-third Amendment) Act, 1977, s. 2",Safe,procedural,Constitution_of_India__p18__c0,train
QA_183,"Yaar, suppose someone does something for my benefit, but I didn't actually *consent* to it. Like, maybe they thought I was okay with it, but I wasn't. According to the new law, can they still be held responsible?",code_mixed,Criminal Law,Bharatiya Nyaya Sanhita 2023,"According to the Bharatiya Nyaya Sanhita 2023, Section 30 specifically addresses this scenario. It states that an act done in good faith for the benefit of a person *without* their consent is a relevant consideration. However, it doesn't automatically absolve the person who performed the act. The law acknowledges that sometimes people act believing they are doing something helpful, even if the person hasn't explicitly agreed. For example, imagine a family member, thinking you're too weak to eat properly, forces feeds you a nutritious soup. You didn't ask for it, but they genuinely believed they were helping.  Sections 25, 26, and 27 also touch upon consent and good faith, but Section 30 directly deals with the lack of consent. The court will likely consider the 'good faith' aspect and the intention behind the act. It's a complex situation, and the outcome depends on the specific facts of the case. The law doesn't provide a blanket exemption.  Sections 28 and 29 are not relevant here as they deal with consent given under fear or misconception, and independent offences respectively.","Bharatiya Nyaya Sanhita 2023, Sections 25, 26, 27, 28, 29, 30",Safe,procedural,BNS_2023__p4__c0,train
QA_184,"अगर किसी व्यक्ति के लिए जमानतदार (surety) ने बॉन्ड दिया है, और उस व्यक्ति का व्यवहार अच्छा नहीं रहा, तो जमानतदार को कैसे सूचना दी जाएगी? इस सूचना में क्या जानकारी होगी?",hindi,Criminal Law,Bharatiya Nagarik Suraksha Sanhita 2023,"भारतीय नागरिक सुरक्षा संहिता 2023 (Bharatiya Nagarik Suraksha Sanhita 2023) के अनुसार, यदि किसी व्यक्ति के लिए जमानतदार ने बॉन्ड दिया है और वह व्यक्ति अच्छा व्यवहार नहीं करता है, तो उसे बॉन्ड ज़ब्त करने (forfeiture of bond) के लिए सूचना दी जाएगी। यह सूचना फॉर्म नंबर 51 के माध्यम से दी जाती है। इस सूचना में जमानतदार का नाम और पता, उस तारीख का उल्लेख होगा जिस दिन उसने बॉन्ड दिया था, उस व्यक्ति का नाम जिसके लिए बॉन्ड दिया गया था, और उस स्थान का उल्लेख होगा जहाँ वह व्यक्ति रहता था। साथ ही, यह भी बताया जाएगा कि उस व्यक्ति को कितने समय के लिए अच्छा व्यवहार करने का वादा किया गया था। उदाहरण के लिए, मान लीजिए कि राम ने श्याम के लिए बॉन्ड दिया कि श्याम छह महीने के लिए अच्छा व्यवहार करेगा। यदि श्याम अच्छा व्यवहार नहीं करता है, तो राम को फॉर्म नंबर 51 के माध्यम से सूचना दी जाएगी। इस सूचना में ऊपर बताई गई सभी जानकारी शामिल होगी। यह प्रक्रिया धारा 491 के तहत निर्धारित है।","Bharatiya Nagarik Suraksha Sanhita 2023, Section 491",Safe,procedural,BNSS_2023__p272__c0,train
QA_185,"Yaar, ek company ne ek product ke bare mein aisa advertisement kiya ki lagta hai woh product toh amazing hai, lekin actually quality bahut hi bad hai. Isko 'misleading advertisement' kaha ja sakta hai kya? Aur National Commission ka kya role hai isme?",code_mixed,Consumer and Cyber Law,Consumer Protection Act 2019,"Absolutely, yeh 'misleading advertisement' ki definition mein fit ho sakta hai. According to the Consumer Protection Act, 2019, Section 28, a misleading advertisement is one that either falsely describes a product or service, or gives a false guarantee, or is likely to mislead consumers about its nature, substance, quantity, or quality.  Basically, if the advertisement paints a picture that's not true, it falls under this category.  For example, imagine a fairness cream ad claiming it guarantees a lighter skin tone in a week – that’s likely misleading.  

Now, the National Commission, as defined in the Act, plays a crucial role. It's a body established to handle consumer complaints. If you feel you've been misled by an advertisement, you can file a complaint with the National Commission. They will investigate and, if they find the advertisement misleading, can take action against the company.  They can order the company to stop the advertisement, compensate you for losses, and even impose penalties.  The Commission ensures that companies don't deceive consumers through false or misleading claims.  It’s all about protecting consumer rights.","Consumer Protection Act, 2019, Section 28, Section 29",Safe,definitional,Consumer_Protection_Act_2019__p8__c0,train
QA_186,"अगर किसी बच्चे के बारे में कोई रिपोर्ट आती है और समिति या बोर्ड को कुछ सबूत पेश करने का मौका चाहिए, तो यह प्रक्रिया कैसे काम करती है?",hindi,Children's Rights,Juvenile Justice (Care and Protection of Children) Act 2015,"जुवेनाइल जस्टिस (बच्चों की देखभाल और संरक्षण) अधिनियम, 2015 के अनुसार, अगर किसी बच्चे के बारे में कोई रिपोर्ट आती है, तो समिति या बोर्ड को, या बच्चे को, या उसके माता-पिता या अभिभावक को, रिपोर्ट में बताए गए मामले से संबंधित प्रासंगिक सबूत पेश करने का अवसर दिया जा सकता है। इसका मतलब है कि अगर किसी बच्चे के बारे में चिंता जताई जाती है और एक रिपोर्ट दर्ज की जाती है, तो समिति या बोर्ड उस मामले को समझने और उचित निर्णय लेने के लिए आवश्यक जानकारी इकट्ठा कर सकता है। उदाहरण के लिए, अगर किसी बच्चे पर चोरी का आरोप है, तो समिति या बोर्ड बच्चे के स्कूल के रिकॉर्ड, मनोवैज्ञानिक मूल्यांकन, या गवाहों के बयान जैसे सबूत पेश करने का अनुरोध कर सकता है। अधिनियम यह भी सुनिश्चित करता है कि पीड़ित को अपने मामले के रिकॉर्ड, आदेशों और संबंधित कागजात तक पहुंच से वंचित नहीं किया जाएगा। यह पारदर्शिता और जवाबदेही सुनिश्चित करता है।","Juvenile Justice (Care and Protection of Children) Act, 2015, Section 100",Safe,procedural,Juvenile_Justice_Act_2015__p43__c0,train
QA_187,"Okay, so agar divorce ho jaaye, toh Magistrate mujhe maintenance (maintenance) dene ka order kaise karega? Aur agar mere bachche nahi ho toh kya hoga?",code_mixed,Women's Rights,Muslim Women (Protection of Rights on Divorce) Act 1986,"According to the Muslim Women (Protection of Rights on Divorce) Act, 1986, the Magistrate will order maintenance for a divorced woman. The Act specifically states that if a divorced woman has children, the Magistrate will order the children to pay maintenance to her. The amount and frequency of payments are at the discretion of the Magistrate, as they specify in their order. Now, what happens if you don't have children? The Act says that if you *don't* have children, the Magistrate will then order the parents of the divorced woman to pay maintenance.  If those parents are unable to pay, due to lack of means, the Magistrate can consider that too. For example, imagine a woman gets divorced and has no children. Her parents are elderly and have very limited income. The Magistrate would consider their financial situation before ordering them to pay maintenance. The Act prioritizes the well-being of the divorced woman, ensuring she has financial support. It's a layered approach, starting with the children and then moving to the parents if necessary.  The Magistrate has the power to assess the situation and make a fair order. Muslim Women (Protection of Rights on Divorce) Act, 1986, Section 3.","Muslim Women (Protection of Rights on Divorce) Act, 1986, Section 3",Safe,procedural,Muslim_Women_Divorce_Act_1986__p3__c1,train
QA_188,"अगर मुझे बिना वारंट के गिरफ्तार किया गया है और मुझे अदालत में पेश होने के लिए जमानत देनी है, तो मुझे क्या करना होगा?",hindi,Criminal Law,Bharatiya Nagarik Suraksha Sanhita 2023,"भारतीय नागरिक सुरक्षा संहिता 2023 (Bharatiya Nagarik Suraksha Sanhita 2023) के अनुसार, यदि आपको बिना वारंट के गिरफ्तार किया गया है और अदालत में पेश होने के लिए जमानत देनी है, तो आपको फॉर्म नंबर 47 पर हस्ताक्षर करने होंगे। यह फॉर्म एक बॉन्ड और जमानत बॉन्ड है, जो आपको पुलिस स्टेशन के प्रभारी अधिकारी या अदालत के सामने पेश होने की सुरक्षा प्रदान करता है। फॉर्म में आपका नाम, स्थान और उस अपराध का उल्लेख होगा जिसके लिए आपको आरोप लगाया गया है। आपको यह सुनिश्चित करना होगा कि आप सही जानकारी प्रदान कर रहे हैं और बॉन्ड की शर्तों को समझ रहे हैं। उदाहरण के लिए, मान लीजिए कि आपको सार्वजनिक स्थान पर मामूली झगड़े के आरोप में गिरफ्तार किया गया है। पुलिस आपको जमानत देने के लिए कह सकती है ताकि आप अगली अदालत की तारीख को पेश हो सकें। बॉन्ड में यह भी शामिल होगा कि आप अदालत के आदेशों का पालन करेंगे। यह एक कानूनी दस्तावेज है, इसलिए इसे ध्यान से पढ़ें। इस संहिता का कोई विशिष्ट सेक्शन इस फॉर्म के बारे में सीधे तौर पर नहीं बताता, लेकिन यह प्रक्रिया संहिता का हिस्सा है।","Bharatiya Nagarik Suraksha Sanhita 2023, Form No. 47",Safe,procedural,BNSS_2023__p268__c0,test
QA_189,"Okay, so agar koi foreign court ne arrest warrant issue kiya hai aur woh India mein bhijwaya gaya hai, toh yahan police ko kya karna chahiye? Aur agar arrest ho gaya toh phir kya hota hai?",code_mixed,Criminal Law,Bharatiya Nagarik Suraksha Sanhita 2023,"According to the Bharatiya Nagarik Suraksha Sanhita (BNSS) 2023, if a court from another contracting state sends a warrant to be served or executed in India, our courts and magistrates have to treat it like they received it from another court within their own jurisdiction. Basically, they have to execute it as if it was a local warrant. Now, if a warrant of arrest is executed, the person arrested should, as much as possible, be handled according to the procedures outlined in sections 82 and 83 of the BNSS. These sections likely detail the arrest process and subsequent steps. For example, let's say a court in Singapore issues a warrant for someone wanted for fraud and sends it to Delhi. Delhi police, upon executing the warrant, must follow sections 82 and 83 regarding the arrest and any further legal proceedings. Similarly, if a search warrant is executed, the items found should be dealt with according to the law. The key takeaway is that foreign warrants are treated with respect and executed according to Indian legal procedure.  This ensures a smooth and legally sound process.  

Apni specific situation ke liye ek qualified lawyer se zaroor milein.","BNSS 2023 Sections 82, 83",Safe,procedural,BNSS_2023__p47__c0,test
QA_190,"अगर कोई व्यक्ति जानबूझकर किसी और के मुकदमे में हारने के लिए धोखाधड़ी से एक बड़ा कर्ज स्वीकार कर लेता है, ताकि दूसरा व्यक्ति उसकी संपत्ति बेचकर फायदा उठा सके, तो उसे किस तरह की सजा मिल सकती है?",hindi,Criminal Law,Bharatiya Nyaya Sanhita 2023,"भारतीय न्याय संहिता, 2023 के अनुसार, यदि कोई व्यक्ति यह सुनिश्चित करने के लिए धोखाधड़ी से कोई कार्य करता है कि किसी अन्य व्यक्ति को लाभ हो, तो उसे कारावास या जुर्माना या दोनों से दंडित किया जा सकता है। इस मामले में, Z ने जानबूझकर B के मुकदमे में हार मान ली, यह जानते हुए कि A का मुकदमा Z के खिलाफ जीतने की संभावना है। Z का मकसद था कि B, या Z की ओर से B, Z की संपत्ति की बिक्री से लाभ उठाए।  उदाहरण के लिए, मान लीजिए कि A ने Z पर 1 लाख रुपये का दावा किया। Z जानता है कि A जीत जाएगा। इसलिए, वह B के साथ मिलकर एक फर्जी समझौता करता है जिसमें B उसे 2 लाख रुपये का कर्ज दिखाता है।  कोर्ट B के मुकदमे में Z को 2 लाख रुपये देने का आदेश देता है।  इससे Z की संपत्ति बेचने पर B को अधिक लाभ होगा।  भारतीय न्याय संहिता, 2023 की धारा (Section) इस तरह के धोखाधड़ी वाले कार्यों को दंडित करती है।  सजा दो साल तक की कैद या जुर्माना या दोनों हो सकती है।","Bharatiya Nyaya Sanhita 2023 (Section number not explicitly mentioned in the passage, but implied)",Safe,procedural,BNS_2023__p78__c1,test
QA_191,"Court ko kya rights hain agar guardian apne ward ki property ka account maintain nahi karta, toh?",code_mixed,Children's Rights,Guardians and Wards Act 1890,"Okay, so according to the Guardians and Wards Act, 1890, if a guardian isn't keeping proper track of their ward's property – basically, they're not fulfilling their bond – the Court has some serious powers. The Court can, upon receiving a petition and being convinced that the guardian hasn't kept their promise, reassign the bond to someone else, a 'proper person' as the Act puts it. This new person then has the right to sue the guardian on that bond, just like the bond was originally given to them.  The Court can set conditions too, like asking for security, or even making the guardian pay all received money directly into the Court. 

For example, let's say a guardian is supposed to manage a ward's ancestral land, but they're misusing the funds.  The Court can step in, take the bond from the original guardian, and give it to a trusted family member who can properly manage the land and its income. The Court might also order the guardian to deposit all rental income into a designated account. This ensures the ward's interests are protected. The Court has wide discretion in deciding how to proceed. Guardians and Wards Act, Section 14. Apni specific situation ke liye ek qualified lawyer se zaroor milein.","Guardians and Wards Act 1890, Section 14",Safe,procedural,Guardians_Wards_Act_1890__p12__c1,val
QA_192,"अगर कोई कंपनी झूठा विज्ञापन देती है और मुझे नुकसान होता है, तो मैं क्या कर सकता हूँ? मुझे नुकसान की भरपाई कैसे मिलेगी?",hindi,Consumer and Cyber Law,Consumer Protection Act 2019,"उपभोक्ता संरक्षण अधिनियम, 2019 (Consumer Protection Act, 2019) के अनुसार, यदि किसी कंपनी ने झूठा विज्ञापन दिया है और आपको उससे नुकसान हुआ है, तो आप शिकायत दर्ज करा सकते हैं। अधिनियम की धारा (l) में यह प्रावधान है कि उपभोक्ता अदालत, कंपनी को गलत विज्ञापन के प्रभाव को कम करने के लिए एक 'सुधारात्मक विज्ञापन' जारी करने का आदेश दे सकती है। इस सुधारात्मक विज्ञापन का खर्च कंपनी को वहन करना होगा जो गलत विज्ञापन जारी करने के लिए जिम्मेदार है। इसके अतिरिक्त, अदालत आपको मुकदमे की लागत भी दे सकती है। कंपनी को झूठे विज्ञापन जारी करने से रोकने का भी आदेश दिया जा सकता है। उदाहरण के लिए, यदि कोई कंपनी दावा करती है कि उसका उत्पाद वजन घटाने में मदद करता है, लेकिन ऐसा नहीं है, और इससे आपको वित्तीय नुकसान होता है, तो आप अदालत में शिकायत दर्ज करा सकते हैं। अदालत कंपनी को एक सुधारात्मक विज्ञापन जारी करने और आपको नुकसान की भरपाई करने का आदेश दे सकती है। अधिनियम के तहत प्राप्त धनराशि एक विशेष कोष में जमा की जाएगी और निर्धारित तरीके से उपयोग की जाएगी।","Consumer Protection Act, 2019, Section (l), (2), (3)",Safe,procedural,Consumer_Protection_Act_2019__p22__c1,test
QA_193,"Okay, so, Consumer Protection Act mein Central Authority ka kaam kya hai? They can do anything to protect consumers, right? Like, what exactly are their powers?",code_mixed,Consumer and Cyber Law,Consumer Protection Act 2019,"According to the Consumer Protection Act, 2019, Section 18, the Central Authority has quite a few important responsibilities. Basically, their main job is to protect and promote the rights of consumers as a group, and also to stop anyone from breaking those rights under this Act. They're also responsible for making sure no one uses unfair trade practices – like, if a company is misleading people about their product to get more sales, the Central Authority can step in.  And a big one is preventing false or misleading advertisements. They’ll ensure that no ads are deceptive and go against the rules of the Act. For example, if a company claims their product cures a disease without any scientific proof, the Central Authority can take action against them. They are essentially the guardians of consumer rights, ensuring fair practices and truthful advertising. They have the power to enforce these rules and prevent violations.  It's all about making sure consumers are treated fairly and aren't being cheated.","Consumer Protection Act, 2019, Section 18",Safe,procedural,Consumer_Protection_Act_2019__p14__c1,train
QA_194,"अगर किसी व्यक्ति ने हिंदू विवाह अधिनियम के तहत याचिका दायर की है, तो क्या अदालत की कार्यवाही आम जनता के लिए खुली होगी? क्या मीडिया इस कार्यवाही के बारे में रिपोर्ट कर सकता है?",hindi,Women's Rights,Hindu Marriage Act 1955,"हिंदू विवाह अधिनियम, 1955 के अनुसार, अदालत की कार्यवाही आम जनता के लिए खुली नहीं होती है। धारा 22 स्पष्ट रूप से कहती है कि इस अधिनियम के तहत दायर याचिका पर होने वाली सभी कार्यवाही ‘इन कैमरा’ में की जाएगी। इसका मतलब है कि कार्यवाही अदालत के भीतर ही होगी और आम जनता के लिए यह खुली नहीं होगी। इसके अतिरिक्त, किसी भी व्यक्ति को अदालत की कार्यवाही से संबंधित कोई भी जानकारी छापने या प्रकाशित करने की अनुमति नहीं है, सिवाय उच्च न्यायालय या सर्वोच्च न्यायालय के फैसले के, जिसे अदालत की पूर्व अनुमति से छापा या प्रकाशित किया जा सकता है। उदाहरण के लिए, मान लीजिए कि एक व्यक्ति अपनी पत्नी के खिलाफ तलाक की याचिका दायर करता है। अदालत की कार्यवाही आम जनता के लिए नहीं होगी, और मीडिया इस मामले पर रिपोर्ट नहीं कर सकता है, जब तक कि उच्च न्यायालय या सर्वोच्च न्यायालय अनुमति न दे। यह गोपनीयता बनाए रखने और पक्षों की निजता की रक्षा करने के लिए किया जाता है।","Hindu Marriage Act, 1955 Section 22",Safe,procedural,Hindu_Marriage_Act_1955__p11__c1,train
QA_195,"Yaar, suppose main ek certificate sign kar diya, jo legally required tha, lekin phir pata chala ki usmein kuch information wrong hai. Toh phir kya hoga? Mujhe problem aayega?",code_mixed,Criminal Law,Indian Penal Code 1860,"Okay, so according to the Indian Penal Code, 1860, Section 197, if you issue or sign a certificate that's legally required, or relates to a fact that can be used as evidence, and you *know* or *believe* it's false in any important part, then you're treated the same as if you gave false evidence in court. Basically, you're facing serious consequences. It doesn't matter if you did it intentionally or not; the key is knowing or believing it was false. For example, imagine you're a doctor and you sign a medical certificate stating a patient is fit to work, but you know they're actually unwell. Signing that certificate, knowing it's incorrect, would fall under this section. The punishment is the same as giving false evidence, which can be quite severe. This section is designed to prevent people from fraudulently using certificates to mislead the legal system. It's a very strict provision, so be very careful about what you sign.  The law is very clear on this point.  It's a serious matter.","Indian Penal Code, 1860, Section 197",Safe,procedural,IPC_1860__p89__c0,train
QA_196,"गाँव में काम की योजनाएँ बनाते समय, क्या सरकार के दूसरे विभागों की योजनाओं को भी ध्यान में रखा जाता है? अगर हाँ, तो यह कैसे सुनिश्चित किया जाता है?",hindi,Labour and Social Welfare,Mahatma Gandhi National Rural Employment Guarantee Act 2005,"महात्मा गांधी राष्ट्रीय ग्रामीण रोजगार गारंटी अधिनियम, 2005 के अनुसार, राज्य सरकार को यह सुनिश्चित करना होगा कि योजनाएँ बनाते समय अन्य सरकारी योजनाओं और कार्यक्रमों के साथ समन्वय स्थापित किया जाए। इसका उद्देश्य है कि जो काम किए जाएँ उनकी गुणवत्ता और उत्पादकता बढ़े, और गरीबी के विभिन्न पहलुओं को स्थायी रूप से दूर करने में तालमेल बना रहे। यह 'लास्ट माइल इम्प्लीमेंटेशन लेवल' तक किया जाना है, यानी गाँव के स्तर तक। हर साल अगस्त से दिसंबर के बीच, पंचायत स्तर पर एक सहभागी योजना प्रक्रिया आयोजित की जाती है, जिसके लिए एक विस्तृत पद्धति निर्धारित है। उदाहरण के लिए, यदि गाँव में तालाब बनाया जा रहा है, तो जल संरक्षण से संबंधित अन्य सरकारी योजनाओं को भी इसमें शामिल किया जा सकता है ताकि तालाब का पानी बर्बाद न हो और सिंचाई के लिए उपयोगी रहे। इससे संसाधनों का बेहतर उपयोग होगा और गाँव के लोगों को कई तरह के फायदे मिलेंगे। इस अधिनियम का उद्देश्य है कि विभिन्न विभागों के बीच सहयोग से विकास के कार्य हों।","MGNREGA Act, 2005, Section 6 & 7",Safe,procedural,NREGA_2005__p18__c0,train
QA_197,"Yaar, agar main ek unlawful assembly mein hoon aur koi crime karta hai, toh kya main bhi guilty mana jaunga? Explain karo, please.",code_mixed,Criminal Law,Code of Criminal Procedure 1973,"Okay, so according to the Code of Criminal Procedure, 1973, it's a tricky situation. The passage basically says that if any member commits an offence within an unlawful assembly, *every* other member is considered guilty of that same offence. It doesn't matter if you actively participated in the crime or not; just being present in the unlawful assembly can make you liable. The punishment, as mentioned, can be imprisonment for up to 3 years, a fine, or both. This applies whether the offence is cognizable or non-cognizable, bailable or non-bailable, and is decided by the court that has jurisdiction to try the case. For example, imagine a group protesting, and during the protest, someone throws a stone. Even if you were just standing there peacefully, you could potentially be held guilty under this provision. It's important to understand that hiring, engaging, or employing people to join an unlawful assembly also carries the same penalties as being a member. This is all under the Code of Criminal Procedure, 1973, but the specific sections aren't explicitly mentioned in this passage. Apni specific situation ke liye ek qualified lawyer se zaroor milein.","Code of Criminal Procedure, 1973 (Sections not explicitly mentioned in passage)",Safe,procedural,CrPC_1973__p199__c0,train
QA_198,"अगर कोई सरकारी कर्मचारी मुझे कोई नोटिस या आदेश जारी करने के लिए अधिकृत है, और मैं उसे जारी करने से रोक देता हूँ, तो मुझे क्या सजा हो सकती है?",hindi,Criminal Law,Indian Penal Code 1860,"भारतीय दंड संहिता, 1860 के अनुसार, यदि आप किसी ऐसे सरकारी कर्मचारी को नोटिस, आदेश या समन जारी करने से रोकते हैं जो ऐसा करने के लिए कानूनी रूप से सक्षम है, या किसी स्थान पर कानूनी रूप से लगाए गए नोटिस को हटाने का प्रयास करते हैं, तो आपको एक महीने तक की साधारण कारावास की सजा हो सकती है। यह कानून सार्वजनिक अधिकारियों के कार्यों में बाधा डालने से रोकने के लिए बनाया गया है ताकि वे अपना कर्तव्य ठीक से निभा सकें। उदाहरण के लिए, मान लीजिए कि एक पुलिस अधिकारी आपको अदालत में पेश होने के लिए समन जारी करना चाहता है, और आप उसे ऐसा करने से रोकते हैं। यह इस धारा के तहत अपराध होगा। इस धारा का उद्देश्य यह सुनिश्चित करना है कि सरकारी कर्मचारी बिना किसी बाधा के अपना काम कर सकें। कानून का पालन करना और सरकारी अधिकारियों के साथ सहयोग करना महत्वपूर्ण है।","Indian Penal Code, 1860 - Section not explicitly mentioned in passage, but relates to obstruction of public servants.",Safe,procedural,IPC_1860__p77__c0,train
QA_199,"Yeh Warrant of Imprisonment ka form 56 kya hota hai? Agar kisi ne bond tod diya toh usko jail bhi bheja ja sakta hai? Batao, according to the law.",code_mixed,Criminal Law,Bharatiya Nagarik Suraksha Sanhita 2023,"Okay, so this Form No. 56, which is a Warrant of Imprisonment, is basically issued when someone breaks a bond they made to keep the peace. According to the Bharatiya Nagarik Suraksha Sanhita 2023, Section 491, if someone has entered into a bond – meaning they promised to behave and maintain peace – and they break that promise, they can be sent to jail.  The law says that proof of this breach needs to be shown and recorded.  Plus, they would have already forfeited a sum of money (rupees) to the government as part of the bond.  The warrant is then sent to the Superintendent of the Civil Jail.  For example, let's say someone signs a bond promising not to harass their neighbor, and then they do harass them.  That's a breach of the bond, and they could face imprisonment under this warrant. The person who broke the bond also needs to have failed to pay the forfeited amount. It's all about ensuring people stick to their promises to maintain peace.  This form is the official document authorizing the jail to hold them.","Bharatiya Nagarik Suraksha Sanhita 2023, Section 491",Safe,procedural,BNSS_2023__p277__c0,train
QA_200,"अगर कोई मेट्रोपॉलिटन मजिस्ट्रेट का फैसला हाई कोर्ट या सेशन कोर्ट द्वारा रद्द किया जाता है, तो मजिस्ट्रेट ने फैसला क्यों किया होगा?",hindi,Criminal Law,Code of Criminal Procedure 1973,"भारतीय दंड प्रक्रिया संहिता, 1973 (Code of Criminal Procedure, 1973) के सेक्शन 404 के अनुसार, जब हाई कोर्ट या सेशन कोर्ट किसी मेट्रोपॉलिटन मजिस्ट्रेट द्वारा किए गए मुकदमे की रिकॉर्ड मांगता है, तो मजिस्ट्रेट अपने फैसले के कारणों और उन महत्वपूर्ण तथ्यों का एक बयान रिकॉर्ड के साथ जमा कर सकता है जो मामले के लिए प्रासंगिक हैं।  सेशन कोर्ट या हाई कोर्ट को उस फैसले या आदेश को रद्द करने से पहले इस बयान पर विचार करना होगा। इसका मतलब है कि मजिस्ट्रेट ने जो भी फैसला दिया, उसके पीछे कुछ तर्क और तथ्य थे, जिन्हें कोर्ट को ध्यान में रखना चाहिए। उदाहरण के लिए, मान लीजिए कि मजिस्ट्रेट ने किसी व्यक्ति को चोरी के आरोप में दोषी ठहराया। यदि सेशन कोर्ट इस फैसले को रद्द करता है, तो मजिस्ट्रेट को अपने फैसले के कारणों का स्पष्टीकरण देना होगा, जैसे कि उसने सबूतों को कैसे समझा या गवाहों के बयानों का मूल्यांकन कैसे किया।  यह सुनिश्चित करता है कि उच्च न्यायालयों को मजिस्ट्रेट के फैसले को रद्द करने से पहले पूरी जानकारी हो।","Code of Criminal Procedure, 1973 Section 404",Safe,procedural,CrPC_1973__p172__c0,train
QA_201,"Yaar, agar koi mere se forcefully, jabar-dast, koi phone le ke bhaag jaaye, toh usko kya punishment milegi? Isko snatching kehte hain na?",code_mixed,Criminal Law,Bharatiya Nyaya Sanhita 2023,"Okay, so according to the Bharatiya Nyaya Sanhita 2023, if someone forcefully snatches your phone – basically, takes it away quickly and forcefully – that’s considered ‘snatching’ under Section 304. The law defines snatching as theft where the offender suddenly or quickly grabs something from your possession. Now, the punishment for this is imprisonment, which can be either type of imprisonment, for up to three years. And on top of that, they’ll also have to pay a fine. It’s a serious offense, not just regular theft. For example, imagine someone on a scooter suddenly grabs a woman’s handbag while she’s walking – that would be considered snatching. The law specifically addresses this kind of quick, forceful theft. The focus is on the sudden and forceful nature of the taking.  It’s not just about taking something; it’s about how it’s taken.  So, the court will look at the circumstances to determine if it qualifies as snatching.  Remember, this is just based on this specific section.","Bharatiya Nyaya Sanhita 2023, Section 304",Safe,procedural,BNS_2023__p89__c1,val
QA_202,"अगर किसी व्यक्ति पर धारा 354, 354A, 354B, 354C, 354D, 354E, 376B, 376C, 376F, 509, 509A या 509B के तहत अपराध का आरोप लगाया जाता है, तो उसे किस प्रकार की सजा हो सकती है और यह मामला किस कोर्ट में सुना जाएगा?",hindi,Criminal Law,Code of Criminal Procedure 1973,"भारतीय दंड संहिता (Indian Penal Code) और आपराधिक प्रक्रिया संहिता (Code of Criminal Procedure) 1973 के अनुसार, यदि किसी व्यक्ति पर ऊपर उल्लिखित धाराओं के तहत अपराध का आरोप लगाया जाता है, तो उसे कम से कम तीन साल की जेल की सजा हो सकती है, जो कि पाँच साल तक बढ़ाई जा सकती है, और साथ ही जुर्माना भी लगाया जा सकता है। यह एक गैर-जमानती (non-bailable) अपराध है, जिसका अर्थ है कि आरोपी को जमानत मिलना मुश्किल हो सकता है। आपराधिक प्रक्रिया संहिता की पहली अनुसूची के अनुसार, इस तरह के मामलों की सुनवाई संबंधित न्यायालय (Court) में होगी। उदाहरण के लिए, मान लीजिए कि किसी व्यक्ति पर धारा 354 के तहत यौन उत्पीड़न का आरोप लगाया गया है। उसे अदालत में पेश किया जाएगा और यदि दोषी पाया जाता है, तो उसे ऊपर बताई गई सजा मिल सकती है। यह ध्यान रखना महत्वपूर्ण है कि सजा अपराध की गंभीरता और अन्य प्रासंगिक कारकों पर निर्भर करेगी।","Code of Criminal Procedure 1973, Sections 354, 354A, 354B, 354C, 354D, 354E, 376B, 376C, 376F, 509, 509A, 509B",Safe,procedural,CrPC_1973__p224__c0,val
QA_203,"My landlord passed away, and I'm arguing I paid rent to him before he died. Can I use a letter from his agent saying he received the rent and was holding it for my landlord as proof in court?",english,Criminal Law,Indian Evidence Act 1872,"Yes, under the Indian Evidence Act, 1872, such a letter could be relevant. The Act states that if the question is whether rent was paid to a person (in this case, your deceased landlord), a letter from that person’s agent confirming receipt of the rent and holding it at the landlord’s orders is considered a relevant fact. This is outlined in Section (e) of the Act. The letter essentially acts as evidence that the payment was made and intended for your landlord. For example, if you paid rent to your landlord’s property manager, and they sent a letter to the landlord confirming receipt, that letter could be used to support your claim. However, the court will assess the letter's authenticity and context. It's important to note that relevance doesn't automatically mean admissibility; the court still has discretion. The letter needs to be properly presented and authenticated to be considered as evidence. The Act doesn't specify the exact procedure for doing so, but it must be done correctly to be persuasive.","Indian Evidence Act 1872, Section (e)",Safe,procedural,Indian_Evidence_Act_1872__p24__c0,train
QA_204,"Yaar, suppose main accidentally ek file download kar leta hoon, jo kisi computer system se, aur usmein virus tha. Kya IT Act ke under mujhe problem ho sakta hai?  It's like, I didn't mean to do anything wrong, but still...",code_mixed,Consumer and Cyber Law,Information Technology Act 2000,"Okay, so according to the Information Technology Act, 2000, specifically section (b) and (c), downloading or extracting data from a computer system *can* get you into trouble, even if it was accidental.  The key thing here is that if that downloaded file contained a 'computer contaminant' or 'computer virus,' you could be held responsible.  Section (c) explicitly mentions introducing a computer virus.  Think of it this way: imagine you download a seemingly harmless game, but it secretly installs malware that damages the system.  That's the kind of scenario the Act is addressing.  It doesn't necessarily mean you'll be arrested immediately, but it *could* lead to legal action, especially if the damage caused is significant.  The Act focuses on actions that damage or introduce harmful elements into computer systems.  It's not just about intentional malicious acts; even unintentional actions with negative consequences can be problematic under this law.  So, be very careful what you download, guys!  It's always better to be safe than sorry.  The Act aims to protect computer systems and data from harm.  Apni specific situation ke liye ek qualified lawyer se zaroor milein.","Information Technology Act, 2000, Section (b) and (c)",Safe,procedural,IT_Act_2000__p19__c0,train
QA_205,"अगर कोई व्यक्ति बिना किसी की इजाज़त के ज़मीन से कुछ हटा ले, तो क्या उसे चोरी माना जाएगा?",hindi,Criminal Law,Indian Penal Code 1860,"भारतीय दंड संहिता, 1860 के अनुसार, चोरी तब होती है जब कोई व्यक्ति किसी और की संपत्ति को उसकी सहमति के बिना ले जाता है और उसे हटाने के लिए ले जाता है। इस passage में स्पष्ट रूप से कहा गया है कि जब तक कोई वस्तु ज़मीन से जुड़ी हुई है और वह चल नहीं सकती, तब तक उसे चोरी नहीं माना जा सकता। लेकिन जैसे ही वह वस्तु ज़मीन से अलग हो जाती है, वह चोरी का विषय बन सकती है। उदाहरण के लिए, यदि कोई व्यक्ति किसी खेत से बिना अनुमति के नारियल के पेड़ से नारियल तोड़कर ले जाता है, तो उसे चोरी माना जा सकता है क्योंकि नारियल पहले ज़मीन से जुड़े हुए थे और फिर उन्हें अलग कर लिया गया। यह 1955 के अधिनियम की धारा 117 और अनुसूची के अनुसार संशोधित किया गया है। ज़मीन से जुड़ी हुई वस्तुएँ, जो चल नहीं सकतीं, चोरी के दायरे में नहीं आतीं, लेकिन ज़मीन से अलग होने पर चोरी का विषय बन जाती हैं।","Indian Penal Code 1860, Act 26 of 1955, s. 117",Safe,procedural,IPC_1860__p169__c0,train
QA_206,"If someone tries to snatch my phone while pushing me, could they get into trouble, and what kind of trouble?",english,Criminal Law,Bharatiya Nyaya Sanhita 2023,"According to the Bharatiya Nyaya Sanhita 2023, if someone uses physical force – either an assault or criminal force – while trying to steal something you are carrying, they can face legal consequences. Specifically, Section 134 states that if someone pushes or assaults you while attempting to steal your phone, wallet, or any other property you’re wearing or carrying, they could be imprisoned for up to two years, fined, or both. The law focuses on the act of using force during the attempted theft. For example, if a person shoves you to grab your handbag, that would fall under this section. It’s important to note that the law addresses the attempt to steal property *carried* by a person, not just any theft. Section 135 also addresses wrongful confinement, but this question specifically concerns theft. The punishment is at the discretion of the court, depending on the severity of the incident and other factors. Please consult a qualified lawyer for your specific situation.","Bharatiya Nyaya Sanhita 2023, Sections 134 & 135",Safe,procedural,BNS_2023__p57__c0,test
QA_207,"Okay, so, agar koi advance directive bana raha hai, toh usko cancel bhi kar sakta hai na? But kaise pata chale ki woh directive abhi ki situation mein apply hota hai ya nahi? Kya check karna padega?",code_mixed,PWD Rights,Mental Healthcare Act 2017,"Haan, bilkul. Mental Healthcare Act, 2017 ke according, koi bhi apni advance directive ko cancel kar sakta hai. Lekin, cancellation karne se pehle, kuch cheezein check karni padti hain. Act mein likha hai ki yeh dekha jayega ki directive free will se banaya gaya tha ya kisi ke dabaav mein. Secondly, yeh zaroori hai ki uss samay ki circumstances, jo abhi hain, woh uss time ke circumstances se match karte hain jab directive banayi gayi thi.  For example, imagine a person made an advance directive saying they don't want any medication for depression, but now they're experiencing severe psychosis. The directive might not apply because the circumstances are drastically different. Thirdly, yeh check karna hoga ki uss samay jab directive banayi gayi thi, usko puri aur sahi information thi ya nahi. Aur last, uss insaan mein decision karne ki capacity thi ya nahi, especially related to mental healthcare.  Yeh sab points consider karne ke baad hi directive ko cancel kiya ja sakta hai.  Mental Healthcare Act, 2017, Section (a)-(d) mein is bare mein details hain.","Mental Healthcare Act, 2017, Section (a)-(d)",Safe,procedural,Mental_Healthcare_Act_2017__p9__c1,train
QA_208,"अगर राज्य सरकार महात्मा गांधी राष्ट्रीय ग्रामीण रोजगार गारंटी अधिनियम के तहत कोई नियम बनाती है, तो क्या होता है? क्या उसे किसी को बताना ज़रूरी है?",hindi,Labour and Social Welfare,Mahatma Gandhi National Rural Employment Guarantee Act 2005,"महात्मा गांधी राष्ट्रीय ग्रामीण रोजगार गारंटी अधिनियम, 2005 के धारा 34(2) के अनुसार, जब राज्य सरकार इस अधिनियम के तहत कोई नियम या योजना बनाती है, तो उसे जल्द से जल्द राज्य विधानमंडल के दोनों सदनों के सामने रखना होता है, यदि राज्य विधानमंडल में दो सदन हैं। यदि राज्य विधानमंडल में केवल एक सदन है, तो उसे उस सदन के सामने रखना होता है। इसका मतलब है कि राज्य सरकार को अपनी बनाई गई नीतियों को जनता और चुने हुए प्रतिनिधियों के सामने प्रस्तुत करना होता है ताकि वे उन पर विचार कर सकें। उदाहरण के लिए, यदि राज्य सरकार मनरेगा के तहत भुगतान की समय सीमा को बदलने का नियम बनाती है, तो उसे विधानमंडल को बताना होगा। यह पारदर्शिता सुनिश्चित करता है और यह सुनिश्चित करता है कि नियम जनता के हित में हों। यदि कोई नियम या योजना बाद में रद्द भी कर दी जाती है, तो भी पहले किए गए कार्य वैध रहेंगे।","MGNREGA Act, 2005, Section 34(2)",Safe,procedural,NREGA_2005__p13__c1,val
QA_209,"If the police arrest me for something, but I think a lower court should handle my case instead of a higher one, what can happen next?",english,Criminal Law,Code of Criminal Procedure 1973,"According to the Code of Criminal Procedure, 1973, if the Judge believes there's reason to think you committed an offence that isn't exclusively handled by the Court of Session (a higher court), they can frame a charge against you. This means they formally state what crime you're accused of. Following this, the Judge has the power to transfer your case for trial to the Chief Judicial Magistrate, or another Judicial Magistrate of the first class. They will then issue an order directing you to appear before that magistrate. For example, if you're accused of petty theft, which isn't a serious crime requiring the Court of Session, the Judge might transfer your case to a lower court for trial. The Judge’s decision is based on their consideration and hearing of the case. This process ensures that the case is heard by the appropriate court based on the nature of the alleged offence. The Judge has discretion in deciding where the trial should take place. Please consult a qualified lawyer for your specific situation.","Code of Criminal Procedure 1973, Section 228",Safe,procedural,CrPC_1973__p113__c1,train
QA_210,"Yaar, Protection of Children from Sexual Offences Act mein 'child pornography' ka matlab kya hota hai? Basically, kya consider hota hai child pornography?",code_mixed,Children's Rights,Protection of Children from Sexual Offences Act 2012,"Okay, so according to the Protection of Children from Sexual Offences Act, 2012, 'child pornography' is defined in section 1(da). It's basically any visual depiction – like a photograph, video, or even a digital image – that shows sexually explicit actions involving a child. Now, it's not just about actual photos or videos. It also includes images that are computer-generated but look so real that you can't tell they aren't of a real child. Even if an image is created, adapted, or modified to *appear* to depict a child in a sexually explicit way, it falls under this definition. For example, if someone creates a digitally altered image of a minor that looks realistic and shows them in a sexually suggestive pose, that would be considered child pornography under this Act. The key thing is that it has to be a visual depiction and involve a child in a sexually explicit manner. It’s a very serious offense under this law.  It’s important to understand this definition to avoid unknowingly violating the law.  Remember, this is just a basic explanation.","Protection of Children from Sexual Offences Act, 2012, Section 1(da)",Safe,definitional,POCSO_2012__p4__c0,train
QA_211,"अगर किसी को गिरफ्तार कर लिया जाए, तो उसे अदालत में कब तक पेश करना ज़रूरी है? क्या पुलिस को तुरंत अदालत में ले जाना चाहिए?",hindi,Criminal Law,Code of Criminal Procedure 1973,"भारतीय दंड प्रक्रिया संहिता, 1973 (Code of Criminal Procedure, 1973) के अनुसार, गिरफ्तारी के बाद किसी व्यक्ति को बिना किसी अनावश्यक देरी के उस अदालत के सामने पेश करना ज़रूरी है जिसके सामने कानून के अनुसार उसे पेश करना आवश्यक है। यह देरी किसी भी स्थिति में चौबीस घंटे से अधिक नहीं होनी चाहिए, यात्रा के लिए आवश्यक समय को छोड़कर, गिरफ्तारी के स्थान से मजिस्ट्रेट के न्यायालय तक। इसका मतलब है कि पुलिस को तुरंत अदालत में पेश करना चाहिए, लेकिन अगर गिरफ्तारी दूर स्थान पर हुई है, तो यात्रा के समय को भी ध्यान में रखा जाएगा। उदाहरण के लिए, मान लीजिए कि किसी व्यक्ति को दिल्ली में गिरफ्तार किया गया है और उसे जयपुर में अदालत में पेश करना है। पुलिस को यात्रा के समय को ध्यान में रखते हुए, चौबीस घंटे के भीतर उसे अदालत में पेश करना होगा। पुलिस को इस समय सीमा का पालन करना चाहिए ताकि अभियुक्त के अधिकारों का उल्लंघन न हो।","Code of Criminal Procedure, 1973, Sections 76 & 77",Safe,procedural,CrPC_1973__p48__c1,train
QA_212,My village needs a new well built. Does the MGNREGA Act say what kind of work this would be considered?,english,Labour and Social Welfare,Mahatma Gandhi National Rural Employment Guarantee Act 2005,"According to the Mahatma Gandhi National Rural Employment Guarantee Act 2005, the term 'preferred work' refers to any work that is given priority for implementation under a specific Scheme. This means that if building a well aligns with a Scheme designed to improve water resources or provide employment, it could be considered preferred work. The Act doesn't define what constitutes a 'Scheme' itself, but it implies that these Schemes are designed to provide employment to applicants. A Programme Officer, appointed under Section 15, would be responsible for implementing such a Scheme. For example, if a Scheme focuses on water conservation and well construction is identified as a key activity within that Scheme, then building the well in your village would fall under the definition of 'preferred work'. The Act also uses the term 'project,' which refers to any work taken up under a Scheme to provide employment. Ultimately, whether well construction qualifies depends on its inclusion within a relevant Scheme. The Act defines 'prescribed' as meaning as defined by rules made under the Act.","MGNREGA Act 2005, Sections 15, 20",Safe,procedural,NREGA_2005__p4__c0,train
QA_213,"Yaar, agar main police ko koi important information, like ek crime ke bare mein, bataata hoon, toh phir kya hota hai? Police ko mera statement record karna zaroori hai yaa nahi? Aur agar record karte hain toh kaise?",code_mixed,Criminal Law,Code of Criminal Procedure 1973,"Okay, so according to the Code of Criminal Procedure, 1973, Section 164(5A), if you provide information to the police about a crime, especially if it involves a special educator or something like that, they *have* to record your statement. And get this – they need to video graph the whole process! It's a pretty big deal to ensure transparency. The police officer then needs to get this statement confirmed by a Judicial Magistrate as soon as possible.  Think of it like this: let's say you witness a theft at a school and tell the police about it, including details about a teacher who might be involved. The police *must* record your statement and video it, and then a magistrate needs to verify it.  Plus, you, as the informant, are entitled to a free copy of the recorded information. If the police station officer refuses to record your information, you have the right to challenge that refusal. It’s all about protecting your rights and ensuring the information is properly documented.  This whole process is designed to safeguard the informant and the integrity of the investigation. Apni specific situation ke liye ek qualified lawyer se zaroor milein.","Code of Criminal Procedure, 1973 Section 164(5A)",Safe,procedural,CrPC_1973__p78__c1,test
QA_214,"अगर मैं मातृत्व लाभ के लिए पात्र हूँ, तो क्या मेरी सैलरी से कोई कटौती की जा सकती है? खासकर अगर मुझे काम के दौरान बच्चे को स्तनपान कराने के लिए ब्रेक लेना पड़े?",hindi,Women's Rights,Maternity Benefit Act 1961,"मातृत्व लाभ अधिनियम, 1961 (Maternity Benefit Act, 1961) के अनुसार, आपकी सैलरी से कोई कटौती नहीं की जा सकती है, भले ही आपको बच्चे को स्तनपान कराने के लिए ब्रेक लेने की आवश्यकता हो। धारा 13 स्पष्ट रूप से कहती है कि किसी महिला को मातृत्व लाभ के लिए पात्र होने के कारण उसकी सामान्य और नियमित दैनिक मजदूरी से कोई कटौती नहीं की जाएगी। इसका मतलब है कि यदि आपको धारा 4 के उप-धारा (3) के तहत कोई विशेष काम सौंपा गया है, या धारा 11 के तहत बच्चे को स्तनपान कराने के लिए ब्रेक लेने की अनुमति है, तो भी आपकी सैलरी में कोई कटौती नहीं होगी। उदाहरण के लिए, मान लीजिए कि एक महिला फैक्ट्री में काम करती है और उसे मातृत्व लाभ मिल रहा है। उसे हर तीन घंटे में 30 मिनट का स्तनपान ब्रेक मिलता है। फैक्ट्री प्रबंधन उसकी सैलरी में कोई कटौती नहीं कर सकता है, भले ही वह ब्रेक ले रही हो। यह अधिनियम महिलाओं के अधिकारों की रक्षा करता है और यह सुनिश्चित करता है कि मातृत्व लाभ प्राप्त करने के दौरान उन्हें आर्थिक रूप से नुकसान न हो। अधिनियम का उद्देश्य कामकाजी महिलाओं को मातृत्व अवकाश के दौरान आर्थिक रूप से सुरक्षित रखना है।","Maternity Benefit Act, 1961, Section 13, Section 4(3), Section 11",Safe,procedural,Maternity_Benefit_Act_1961__p13__c0,test
QA_215,"My son is a soldier stationed at an army base, and he believes someone committed a crime nearby. Can the local magistrate take action to arrest the suspected person?",english,Criminal Law,Bharatiya Nagarik Suraksha Sanhita 2023,"Yes, according to the Bharatiya Nagarik Suraksha Sanhita 2023, a magistrate has a specific responsibility in situations involving military personnel. Section 521(2) states that if the commanding officer of a military unit – whether soldiers, sailors, or airmen – submits a written request to a magistrate, the magistrate must make every effort to apprehend and secure the person accused of the offense. This provision is designed to facilitate investigations and arrests when military personnel are involved or the crime impacts a military installation. For example, if a civilian is suspected of theft from an army canteen, the commanding officer can request the magistrate’s assistance in arresting that individual. The magistrate’s duty is to actively pursue the arrest. Furthermore, Section 522 mentions the High Court’s power to direct a prisoner from a jail to be brought before a Court-martial for trial or examination. This highlights the interplay between civilian courts and military justice systems. 

Please consult a qualified lawyer for your specific situation.","Bharatiya Nagarik Suraksha Sanhita 2023, Section 521(2), Section 522",Safe,procedural,BNSS_2023__p171__c0,test
QA_216,"Sir, Protection of Children from Sexual Offences Act mein, agar koi security force wala, like a soldier, ek child ke saath sexual assault karta hai, toh kya conditions apply karte hain? Kya koi bhi soldier, kahin bhi, child ke saath aisa kar sakta hai ya phir specific conditions hain?",code_mixed,Children's Rights,Protection of Children from Sexual Offences Act 2012,"Okay, so according to the Protection of Children from Sexual Offences Act, 2012 (POCSO), it's not just *any* security force member. If a member of the armed forces or security forces commits sexual assault on a child, there are specific conditions. The Act states that this assault needs to happen either within the area where they are deployed, or in areas under the command of those forces. It doesn't matter if they're performing their duties or not; the location is key.  For example, if a soldier is deployed in a remote village and commits sexual assault there, it falls under this section.  Even if they're not officially on duty, if the location is under their force's command, it's covered.  It also applies if they are known or identified as a member of the security or armed forces. This is under Section (b) of the Act. The Act clearly defines the circumstances under which a member of the armed forces or security forces can be held accountable for such offenses. It's important to understand these specific geographical limitations.","POCSO Act, Section 2(b)",Safe,procedural,POCSO_2012__p7__c0,val
QA_217,"अगर मुझे प्रधानमंत्री मातृत्व वंदना योजना (Pradhan Mantri Matru Vandana Yojana) के तहत लाभ नहीं मिल रहा है, तो मैं किससे संपर्क करूँ और क्या कार्रवाई कर सकता हूँ?",hindi,Government Schemes,Pradhan Mantri Matru Vandana Yojana Guidelines,"प्रधानमंत्री मातृत्व वंदना योजना (PMMVY) के दिशानिर्देशों के अनुसार, यह सुनिश्चित करना सरकार की जिम्मेदारी है कि लाभार्थियों को समय पर लाभ मिले। यदि आपको लाभ प्राप्त नहीं हो रहा है, तो सबसे पहले अपने स्थानीय आंगनवाड़ी केंद्र या स्वास्थ्य केंद्र से संपर्क करें। वे आपकी समस्या को समझने और हल करने में मदद कर सकते हैं। इसके अतिरिक्त, राज्य/केंद्र शासित प्रदेश स्तर और जिला स्तर पर PMMVY स्टीयरिंग और मॉनिटरिंग समितियाँ नियमित रूप से बैठक करती हैं। आप इन समितियों से भी संपर्क कर सकते हैं। उदाहरण के लिए, यदि किसी महिला को गर्भावस्था के दौरान पोषण सहायता नहीं मिल रही है, तो वह आंगनवाड़ी कार्यकर्ता से संपर्क कर सकती है और शिकायत दर्ज करा सकती है। यह योजना मातृत्व लाभ अधिनियम, 1961 (Maternity Benefit Act, 1961) के अंतर्गत आती है, हालाँकि यह अधिनियम मुख्य रूप से नियोजित महिलाओं के लिए है, PMMVY का उद्देश्य असंगठित क्षेत्र की महिलाओं को भी सहायता प्रदान करना है। योजना के कार्यान्वयन की निगरानी और पर्यवेक्षण के लिए एक प्रणाली स्थापित की गई है।","Maternity Benefit Act, 1961 (Relevant sections pertaining to benefits and implementation)",Safe,procedural,PMMVY_Maternity_Scheme__p75__c0,test
QA_218,"If the government thinks an article in a newspaper is against the law, can they just take all copies of that newspaper?",english,Criminal Law,Bharatiya Nagarik Suraksha Sanhita 2023,"Yes, potentially. According to Section 98 of the Bharatiya Nagarik Suraksha Sanhita 2023, the State Government has the power to declare copies of a newspaper or book forfeited if they believe the publication contains material that violates specific sections of the Bharatiya Nyaya Sanhita, 2023. These sections include those related to offences like defamation, promoting enmity, and insulting religious beliefs. The government must issue a notification explaining why they believe the publication is unlawful before taking action. For example, if an article is deemed to incite violence against a particular community, violating Section 152, the State Government could declare all copies of that newspaper issue forfeited. This power isn't automatic; it requires the government to formally notify and justify their decision. The notification must clearly state the grounds for their opinion. It’s important to note that this applies to any printed document, not just newspapers. The government’s action is based on the content being punishable under the specified sections of the Bharatiya Nyaya Sanhita, 2023.","Bharatiya Nagarik Suraksha Sanhita 2023, Section 98; Bharatiya Nyaya Sanhita, 2023, Sections 152, 196, 197, 294, 295, 299",Safe,procedural,BNSS_2023__p43__c0,val
QA_219,"Okay, so, RTI Act mein 'competent authority' ka matlab kya hota hai? Basically, kaunsi authorities ko 'competent authority' kaha jaata hai, according to the law?",code_mixed,Labour and Social Welfare,Right to Information Act 2005,"According to the Right to Information Act, 2005, Section 2(e), 'competent authority' refers to specific individuals holding high positions within various governmental bodies. It's not just one thing, it depends on the institution. For instance, if you're dealing with the Lok Sabha (House of the People), the Speaker is the competent authority. Similarly, for the Rajya Sabha (Council of States), it's the Chairman. If your query relates to the Supreme Court, then the Chief Justice of India is the competent authority. And for a High Court, it's the Chief Justice of that High Court.  If you're dealing with something related to the President or a State Governor, they are the competent authorities. So, it's all about who's in charge of that particular government body. Let's say you want information from the State Legislative Assembly – you’d be addressing your RTI application to the Speaker of that Assembly. This definition is crucial for knowing who to direct your information request to under the RTI Act.","Right to Information Act, 2005, Section 2(e)",Safe,definitional,RTI_Act_2005__p6__c0,train
QA_220,"अगर किसी को गिरफ्तार किया जाता है, तो क्या उसे डॉक्टर से जांच करवानी ज़रूरी है? और अगर हां, तो यह प्रक्रिया कैसे काम करती है?",hindi,Criminal Law,Code of Criminal Procedure 1973,"हाँ, अगर किसी व्यक्ति को गिरफ्तार किया जाता है, तो उसे केंद्रीय या राज्य सरकार की सेवा में नियुक्त एक मेडिकल ऑफिसर द्वारा जांच करवानी ज़रूरी है। यह प्रक्रिया भारतीय दंड संहिता (Code of Criminal Procedure) के धारा 54 के तहत निर्धारित है। मेडिकल ऑफिसर को गिरफ्तार व्यक्ति की जांच करनी होती है और एक रिपोर्ट तैयार करनी होती है। इस रिपोर्ट में जांच शुरू होने और खत्म होने का सटीक समय भी दर्ज किया जाना चाहिए। फिर, मेडिकल ऑफिसर को बिना किसी देरी के यह रिपोर्ट जांच अधिकारी (investigating officer) को भेजनी होती है। जांच अधिकारी तब इस रिपोर्ट को धारा 173 के तहत उल्लिखित मजिस्ट्रेट को भेजता है, जो अन्य दस्तावेजों के साथ इस रिपोर्ट को भी शामिल करता है। उदाहरण के लिए, मान लीजिए कि किसी व्यक्ति को चोरी के आरोप में गिरफ्तार किया गया है। पुलिस को उसे तुरंत एक सरकारी डॉक्टर से जांच करवानी होगी ताकि चोटों या अन्य शारीरिक स्थितियों का रिकॉर्ड रखा जा सके।","Code of Criminal Procedure, 1973, Section 54 & Section 173",Safe,procedural,CrPC_1973__p45__c0,train
QA_221,How does the Beti Bachao Beti Padhao scheme encourage people to support girls in my area?,english,Government Schemes,Beti Bachao Beti Padhao Scheme Guidelines,"The Beti Bachao Beti Padhao (BBBP) scheme actively seeks to promote a positive attitude towards girls through various engagement strategies. According to the scheme guidelines, a key component involves identifying and engaging 'BBBP Champions' within local communities. These champions are then utilized across different platforms like community gatherings, local media, and social media to spread positive messages and highlight success stories. The scheme emphasizes showcasing exemplary case studies of girls who have overcome challenges and families who actively support their daughters. For instance, a local newspaper might feature a story about a girl from a rural village who excelled in her studies despite facing societal pressures, demonstrating the positive impact of family support. This ongoing effort aims to generate awareness and ultimately shift mindsets within the community, fostering a more supportive environment for girls. The scheme relies on consistent, regular communication to achieve this goal, leveraging local media coverage to amplify these positive narratives. This is all part of the broader BBBP initiative.","Beti Bachao Beti Padhao Scheme Guidelines, Page 83 of 92",Safe,procedural,Beti_Bachao_Beti_Padhao__p83__c0,train
QA_222,"Yaar, agar koi advertisement mein likhe ki woh apne bete ya beti ki shaadi ke liye property share offer kar raha hai, toh kya woh Dowry Prohibition Act ke under legal trouble mein aa sakta hai?",code_mixed,Women's Rights,Dowry Prohibition Act 1961,"Absolutely, bhai! According to the Dowry Prohibition Act, 1961, Section 4A specifically bans such advertisements. If anyone, through any media – newspaper, journal, or even online – offers a share in their property, money, or any business interest as a condition for their son or daughter's marriage, they can face legal consequences. This is because it's considered an advertisement for dowry, which is strictly prohibited. For example, imagine a newspaper ad saying, 'We offer a luxurious flat to the family of a suitable bride for our son.' That would be a clear violation. The Act aims to curb the practice of demanding dowry by making it illegal to even advertise it. This section was amended in 1984 and again in 1986 to strengthen the prohibition. It’s a serious offense, and authorities can take action against the person placing such advertisements. Remember, this is specifically about advertisements, not the dowry itself.","Dowry Prohibition Act, 1961, Section 4A",Safe,procedural,Dowry_Prohibition_Act_1961__p3__c1,train
QA_223,पुलिस कब किसी व्यक्ति को गिरफ्तार कर सकती है? मुझे समझ नहीं आ रहा कि गिरफ्तारी कब ज़रूरी होती है।,hindi,Criminal Law,Bharatiya Nagarik Suraksha Sanhita 2023,"भारतीय नागरिक सुरक्षा संहिता 2023 (Bharatiya Nagarik Suraksha Sanhita 2023) के अनुसार, पुलिस अधिकारी किसी व्यक्ति को गिरफ्तार तभी कर सकता है जब उसे यह संतुष्ट हो जाए कि गिरफ्तारी आवश्यक है। यह आवश्यकता कई कारणों से हो सकती है। पहला, यदि पुलिस को लगता है कि व्यक्ति आगे कोई अपराध करने वाला है। दूसरा, अपराध की उचित जांच के लिए। तीसरा, यदि व्यक्ति सबूतों को गायब करने या उनमें हेरफेर करने की कोशिश कर रहा है। चौथा, यदि व्यक्ति मामले से परिचित किसी व्यक्ति को अदालत या पुलिस को जानकारी देने से रोकने के लिए किसी तरह का दबाव, धमकी या वादा कर रहा है। और अंत में, यदि पुलिस को लगता है कि गिरफ्तारी के बिना जांच आगे नहीं बढ़ पाएगी। उदाहरण के लिए, मान लीजिए किसी व्यक्ति पर चोरी का आरोप है और पुलिस को संदेह है कि वह अपने साथी को सबूत नष्ट करने के लिए कह रहा है, तो पुलिस उसे गिरफ्तार कर सकती है। यह गिरफ्तारी सबूतों की सुरक्षा सुनिश्चित करने के लिए आवश्यक है। संहिता धारा (ii) में गिरफ्तारी की इन शर्तों का उल्लेख है।","Bharatiya Nagarik Suraksha Sanhita 2023, Section (ii)",Safe,procedural,BNSS_2023__p28__c0,train
QA_224,"If the police arrest someone for rape, can they force them to go to a doctor for a medical examination?",english,Criminal Law,Code of Criminal Procedure 1973,"Yes, under the Code of Criminal Procedure, 1973, the police have the authority to arrange a medical examination for someone arrested on suspicion of rape or attempting rape. This is outlined in Section 53A. However, this isn't automatic; it's only permissible if there are 'reasonable grounds' to believe that a medical examination will provide evidence related to the alleged crime. The examination must be conducted by a registered medical practitioner who is employed by a government-run hospital or a local authority hospital. If no such practitioner is available nearby, the examination cannot proceed. For instance, if a person is arrested for allegedly assaulting someone and the police believe physical evidence might be present, they can arrange for a medical examination. The purpose is to gather crucial evidence to aid in the investigation and potential prosecution. It's important to note that the law specifically requires a registered medical practitioner to perform this examination, ensuring a degree of professional oversight. Please consult a qualified lawyer for your specific situation.","Code of Criminal Procedure 1973, Section 53A",Safe,procedural,CrPC_1973__p44__c1,train
QA_225,"Okay, so agar koi civil jail mein hai, aur usko criminal case mein bhi jail ho rahi hai, toh kaise pata chalega ki usko release kab hoga? Kya rules hain?",code_mixed,Criminal Law,Code of Criminal Procedure 1973,"Basically, the passage explains what happens when someone's already in civil jail and then gets sent to criminal jail. It's a bit complicated, right? According to the Code of Criminal Procedure, 1973, there are two ways this can happen. First, the person might be considered released from the civil jail automatically, based on sections 58 of the Code of Civil Procedure, 1908, or section 23 of the Provincial Insolvency Act, 1920.  Secondly, and this is important, the court that originally ordered the imprisonment in the civil jail needs to give a certificate to the officer in charge of the criminal jail. This certificate confirms that the person is eligible for release under either section 58 of the Code of Civil Procedure, 1908, or section 23 of the Provincial Insolvency Act, 1920.  For example, imagine someone owes a lot of money and is sent to civil jail under insolvency laws. Then, they're arrested for a criminal offense. The civil court needs to officially tell the criminal jail that they can be released from the civil jail obligation. It's all about these certifications and the relevant sections.  It's crucial to understand which section applies in each case.","Code of Criminal Procedure, 1973; Code of Civil Procedure, 1908 (Section 58); Provincial Insolvency Act, 1920 (Section 23)",Safe,procedural,CrPC_1973__p175__c1,train
QA_226,"अगर मेरे दादाजी भारतीय नागरिक थे, तो क्या मैं 'भारतीय मूल का' माना जाऊंगा, भले ही मैं खुद भारत में पैदा नहीं हुआ था?",hindi,Constitutional Law,Legal Services Authorities Act 1987,"कानूनी सेवाओं प्राधिकरण अधिनियम, 1987 (Legal Services Authorities Act, 1987) की धारा 2(c) में 'भारतीय मूल का' व्यक्ति की परिभाषा दी गई है। इस परिभाषा के अनुसार, यदि आप या आपके माता-पिता या दादाजी, भारत के संविधान या नागरिकता अधिनियम, 1955 के तहत भारतीय नागरिक थे, तो आप 'भारतीय मूल के' माने जाएंगे, भले ही आप भारत में पैदा हुए हों या नहीं। इसका मतलब है कि आपके दादाजी की नागरिकता का लाभ आपको मिल सकता है। उदाहरण के लिए, मान लीजिए कि आपके दादाजी 1950 में भारत में पैदा हुए थे और उन्होंने भारतीय पासपोर्ट प्राप्त किया था। यदि आप बाद में पैदा हुए हैं और भारत में नहीं रहते हैं, तो भी आप 'भारतीय मूल के' माने जाएंगे। हालांकि, पाकिस्तान या बांग्लादेश के नागरिक इस परिभाषा के अंतर्गत नहीं आते हैं। इसके अतिरिक्त, यदि आप किसी भारतीय मूल के व्यक्ति के जीवनसाथी हैं (और आप स्वयं पाकिस्तान या बांग्लादेश के नागरिक नहीं हैं), तो आप भी 'भारतीय मूल के' माने जाएंगे। यह परिभाषा कानूनी सहायता प्राप्त करने या अन्य कानूनी लाभों का दावा करने के लिए महत्वपूर्ण हो सकती है।","Legal Services Authorities Act, 1987 Section 2(c)",Safe,procedural,Legal_Services_Authorities_Act_1987__p6__c0,train
QA_227,"If someone breaks into my house while trying to steal something and accidentally injures me badly, what punishment could they face?",english,Criminal Law,Indian Penal Code 1860,"According to the Indian Penal Code, if someone causes you grievous hurt – meaning a serious injury – while committing lurking house-trespass or house-breaking, they could face a significant penalty. The law, specifically Section 459 of the Indian Penal Code, outlines this. The maximum punishment for this offense is imprisonment for up to fourteen years. Additionally, the offender will also be liable to pay a fine. It's important to understand that the injury must be classified as 'grievous hurt' for this section to apply. For example, if a burglar attempting to enter your home trips and falls, accidentally breaking your arm in the process, and the injury is deemed grievous, they could be charged under Section 459. The law aims to deter individuals from committing these crimes and to ensure victims receive justice. The severity of the fine will be determined by the court based on the specific circumstances of the case. 

Please consult a qualified lawyer for your specific situation.","Indian Penal Code, Section 459",Safe,procedural,IPC_1860__p200__c0,val
QA_228,"Court of Session ke saamne property aagayi, trial chal raha hai… court us property ke saath kya kar sakta hai? Aur agar property jaldi se kharab ho rahi hai toh?",code_mixed,Criminal Law,Code of Criminal Procedure 1973,"Okay, so according to the Code of Criminal Procedure, 1973, Section 451, when any property is brought before a Criminal Court – like a Court of Session – during an inquiry or trial, the court has the power to make orders for its proper custody. Basically, they need to ensure the property is safe and secure until the trial is over. Now, the crucial part is if the property is something that spoils quickly, like perishable goods, or if it's just more practical to do so, the court can actually order it to be sold. But, and this is important, they have to record the evidence first. They can't just sell it off without documenting why it's necessary. For example, imagine police seize a large quantity of fruits during a drug bust. If the trial takes months, those fruits will rot. The court can then order their sale after recording the evidence of their perishable nature. The court’s order is about ensuring the property is handled responsibly during the trial process. It’s all about proper custody and preventing unnecessary loss.","Code of Criminal Procedure, 1973 Section 451",Safe,procedural,CrPC_1973__p188__c0,train
QA_229,अगर काम करते समय मुझे चोट लग जाए तो क्या होगा? क्या मुझे कोई मुआवज़ा मिलेगा?,hindi,Labour and Social Welfare,Mahatma Gandhi National Rural Employment Guarantee Act 2005,"महात्मा गांधी राष्ट्रीय ग्रामीण रोजगार गारंटी अधिनियम, 2005 के अनुसार, कार्यस्थल पर आपकी सुरक्षा का ध्यान रखना ज़रूरी है। धारा 23 में स्पष्ट रूप से कहा गया है कि कार्यस्थल पर प्राथमिक चिकित्सा बॉक्स होना चाहिए जिसमें मामूली चोटों और स्वास्थ्य संबंधी अन्य खतरों के लिए पर्याप्त सामग्री हो। यदि आपको काम करते समय कोई चोट लगती है, तो आपको तत्काल प्राथमिक उपचार मिलनी चाहिए। हालांकि, यह अधिनियम सीधे तौर पर चोट लगने पर मुआवज़े के बारे में नहीं बताता है। लेकिन, यह सुनिश्चित करता है कि कार्यस्थल सुरक्षित हो और आपातकालीन स्थिति में ज़रूरी सुविधाएँ उपलब्ध हों। उदाहरण के लिए, यदि आप गड्ढे खोदते समय फिसल जाते हैं और हाथ पर मामूली चोट लगती है, तो कार्यस्थल पर मौजूद प्राथमिक चिकित्सा किट का उपयोग करके तुरंत इलाज किया जाना चाहिए। अधिनियम का उद्देश्य है कि काम करने की स्थिति सुरक्षित हो। आगे की कानूनी प्रक्रिया के लिए, आपको अधिनियम के अन्य प्रावधानों और संबंधित नियमों की जांच करनी चाहिए।","MGNREGA Act, 2005 Section 23",Safe,procedural,NREGA_2005__p28__c0,train
QA_230,My neighbor threatened to hurt me and then grabbed my phone. What punishment could they face?,english,Criminal Law,Code of Criminal Procedure 1973,"According to the Code of Criminal Procedure, 1973, Section 379B deals with the crime of snatching, specifically when there was a prior intention to cause harm, restrain someone, or take property. If your neighbor threatened you and then snatched your phone, this could potentially fall under this section. The law prescribes a rigorous imprisonment of at least seven years, but it can extend up to ten years. Additionally, a fine of 25,000 rupees can be imposed. The Madhya Pradesh Amendment to the First Schedule further clarifies this offense within the context of the Indian Penal Code. For example, if someone verbally threatens to physically assault you before forcibly taking your wallet, that would be considered a snatching under this provision. The severity of the punishment will depend on the specific details of the incident and the court's discretion. It's important to note that this section focuses on the intent to cause harm or restraint during the snatching. Please consult a qualified lawyer for your specific situation.","Code of Criminal Procedure 1973, Section 379B",Safe,procedural,CrPC_1973__p226__c0,train
QA_231,"Yaar, suppose kisi Scheduled Caste ke ghar ke samne, usne poocho, koi disgusting cheez, like poope ya waste material, fek diya, aur usko insult karne ka intention tha. Toh, wo kya crime hoga aur usko kitna punishment mil sakta hai?",code_mixed,Labour and Social Welfare,Scheduled Castes and Scheduled Tribes (Prevention of Atrocities) Act 1989,"Okay, so according to the Scheduled Castes and Scheduled Tribes (Prevention of Atrocities) Act, 1989, this definitely falls under a violation. Specifically, clause (c) talks about intentionally dumping excreta, waste matter, or any other obnoxious substance in the neighbourhood of a member of a Scheduled Caste or Scheduled Tribe, with the intent to cause insult or annoyance.  It's a serious offense. The Act aims to protect these communities from such degrading acts.  For example, imagine a person deliberately throwing garbage outside a Dalit family's home to humiliate them – that would be a clear case.  The Act doesn't specify a particular punishment in this clause, but it’s generally handled under the broader provisions of the Act, which can involve imprisonment and fines. The police have special powers to investigate these cases, and the courts take them very seriously.  It's crucial to report such incidents immediately.  Remember, this is just based on the provided passage, and the full Act has more details. Apni specific situation ke liye ek qualified lawyer se zaroor milein.","Scheduled Castes and Scheduled Tribes (Prevention of Atrocities) Act, 1989, Section (c)",Safe,procedural,SC_ST_Atrocities_Act_1989__p6__c1,test
QA_232,"अगर कोई दस्तावेज़ या बातचीत का हिस्सा है, तो अदालत को पूरे दस्तावेज़ या बातचीत को देखने की ज़रूरत है या सिर्फ़ उस हिस्से को देखना काफ़ी है जो मामले के लिए ज़रूरी है?",hindi,Criminal Law,Indian Evidence Act 1872,"भारतीय साक्ष्य अधिनियम, 1872 (Indian Evidence Act, 1872) के अनुसार, अगर कोई बयान, बातचीत, दस्तावेज़, या इलेक्ट्रॉनिक रिकॉर्ड किसी बड़े दस्तावेज़ या श्रृंखला का हिस्सा है, तो अदालत केवल उतना ही हिस्सा देखेगी जितना उस विशेष मामले को समझने के लिए ज़रूरी होगा। अदालत का ध्यान बयान के स्वभाव और प्रभाव को समझने और उन परिस्थितियों को जानने पर होगा जिनके तहत वह बयान दिया गया था। इसका मतलब है कि अदालत को पूरे दस्तावेज़ को देखने की ज़रूरत नहीं है, बल्कि सिर्फ़ उतना ही देखना होगा जो मामले को समझने के लिए आवश्यक है। उदाहरण के लिए, मान लीजिए कि एक ईमेल श्रृंखला में कई ईमेल हैं, और एक विशेष ईमेल पर विवाद है। अदालत को पूरी ईमेल श्रृंखला को देखने की ज़रूरत नहीं है, बल्कि केवल उस ईमेल और उससे संबंधित ईमेल को देखना होगा जो विवाद के लिए प्रासंगिक हैं। अदालत यह तय करेगी कि क्या देखना ज़रूरी है।","Indian Evidence Act 1872, Section (passage does not specify a section number, but refers to general principles)",Safe,procedural,Indian_Evidence_Act_1872__p26__c0,train
QA_233,"My neighbor runs a clinic and I suspect they are using an ultrasound machine without registering it. What can be done about this, and who is responsible for ensuring these machines are registered?",english,Government Schemes,Beti Bachao Beti Padhao Scheme Guidelines,"According to the Beti Bachao Beti Padhao Scheme Guidelines, the State Appropriate Authorities are responsible for mapping and monitoring ultrasound machines. A key aspect of this monitoring is identifying unregistered machines within a district and ensuring 100% registration of all ultrasound machines operating there. The guidelines mandate that cases be filed against individuals operating unregistered machines. This falls under the broader framework of the Pre-Natal Diagnostic Techniques (PNDT) Act, although the specific sections aren't explicitly mentioned in this excerpt. For example, if a clinic in Jaipur is found to be using an ultrasound machine without proper registration, the State Appropriate Authority would be obligated to investigate and take legal action. The District Appropriate Authority (DAA) and PNDT Cell are also crucial, updating the state web portal with implementation status and ensuring it remains active for submissions. Regular monitoring is required on a monthly basis to maintain compliance. The goal is to prevent misuse of ultrasound technology and protect female foetuses.",PNDT Act (unspecified sections),Safe,procedural,Beti_Bachao_Beti_Padhao__p86__c0,train
QA_234,"Yeh 'Beti Bachao Beti Padhao' scheme mein, agar block level par girl child ke birthday celebration ka organize karna hai, toh sarpanch ko kya karna chahiye? Aur kitni baar karna hai?",code_mixed,Government Schemes,Beti Bachao Beti Padhao Scheme Guidelines,"Okay, so according to the Beti Bachao Beti Padhao scheme guidelines, the Sarpanch has a pretty important role to play in celebrating the birth of a girl child. The scheme emphasizes positive reinforcement and mindset change, so the Sarpanch, along with the SDM, needs to organize celebrations at the block or Panchayat level quarterly. This means every three months! The main goal is to drive home the message about the importance of valuing girls.  Also, annually, on January 24th – National Girl Child Day – the Sarpanch, along with the District Administration, should celebrate it. This is the culmination of all the awareness and information, education, and communication (IEC) activities throughout the year. For example, imagine a village where there's a tradition of preferring boys. The Sarpanch can use this celebration to highlight the value of girls and challenge that mindset. The District Administration, working with other departments, also plays a crucial role in this.  It's all about creating awareness and empowering girls. There's no specific Act or Section mentioned in this passage, it's purely a scheme guideline. Apni specific situation ke liye ek qualified lawyer se zaroor milein.",Beti Bachao Beti Padhao Scheme Guidelines - No specific Act or Section,Safe,procedural,Beti_Bachao_Beti_Padhao__p81__c0,train
QA_235,"अगर किसी व्यक्ति ने मौखिक रूप से मजिस्ट्रेट को किसी अपराध की शिकायत की, तो क्या यह शिकायत मानी जाएगी? पुलिस रिपोर्ट को शिकायत माना जाएगा या नहीं?",hindi,Criminal Law,Bharatiya Nagarik Suraksha Sanhita 2023,"भारतीय नागरिक सुरक्षा संहिता 2023 (Bharatiya Nagarik Suraksha Sanhita 2023) के अनुसार, 'शिकायत' का अर्थ है मजिस्ट्रेट को मौखिक या लिखित रूप में दिया गया कोई भी आरोप, जिसके आधार पर मजिस्ट्रेट इस संहिता के तहत कार्रवाई कर सकते हैं कि किसी व्यक्ति ने अपराध किया है। महत्वपूर्ण बात यह है कि पुलिस रिपोर्ट को शिकायत नहीं माना जाता है। इसका मतलब है कि अगर कोई व्यक्ति सीधे मजिस्ट्रेट के पास जाकर किसी अपराध की जानकारी देता है, तो उसे शिकायत माना जाएगा। उदाहरण के लिए, मान लीजिए कि किसी व्यक्ति ने देखा कि कोई व्यक्ति सार्वजनिक स्थान पर चोरी कर रहा है। यदि वह व्यक्ति तुरंत मजिस्ट्रेट के पास जाकर इस घटना की मौखिक रूप से शिकायत करता है, तो यह एक शिकायत होगी। वहीं, अगर पुलिस को इस घटना की जानकारी मिलती है और वे मजिस्ट्रेट को रिपोर्ट करते हैं, तो वह पुलिस रिपोर्ट होगी, जिसे शिकायत नहीं माना जाएगा। यह परिभाषा यह स्पष्ट करती है कि मजिस्ट्रेट के पास सीधे नागरिकों द्वारा की गई शिकायतों पर कार्रवाई करने की शक्ति है।","Bharatiya Nagarik Suraksha Sanhita 2023, Section (g) & (h) and Explanation",Safe,procedural,BNSS_2023__p17__c0,train
QA_236,"If there's a problem getting food grains regularly, who decides if it's a serious enough situation to be officially declared?",english,Labour and Social Welfare,National Food Security Act 2013,"According to the National Food Security Act 2013, the Central Government holds the authority to declare whether a situation affecting the regular supply of food grains or meals has arisen or exists. However, this decision isn't made unilaterally. The Act stipulates that the Central Government must consult with the Planning Commission before making such a declaration. This consultation ensures a considered and informed assessment of the situation. For instance, if a severe drought impacts crop yields and disrupts the distribution of food grains in a particular region, the Central Government, after consulting with the Planning Commission, could declare a situation affecting regular food supply. Section 45 of the Act also addresses the repeal of the National Food Security Ordinance, 2013, and clarifies that actions taken under the previous ordinance remain valid even after the repeal. This ensures continuity and protects the rights and entitlements already established. Please consult a qualified lawyer for your specific situation.","National Food Security Act 2013, Section 45",Safe,procedural,National_Food_Security_Act_2013__p16__c1,val
QA_237,"Okay, so agar koi suicide kare, toh police ko kya karna chahiye? Kya woh directly case register kar sakte hain ya kuch aur process follow karna padta hai?",code_mixed,Criminal Law,Bharatiya Nagarik Suraksha Sanhita 2023,"When someone commits suicide, according to the Bharatiya Nagarik Suraksha Sanhita 2023, Section 194, the police officer in charge of the police station – or any other police officer authorized by the State Government – needs to immediately inform the nearest Executive Magistrate who is allowed to conduct an inquest. Basically, they can't just register a case and run with it. They have to first notify the Magistrate. This is important because the Magistrate then oversees the investigation and ensures everything is done properly. 

For example, let's say a person is found dead at home, and there's a suspicion of foul play, even if it looks like a suicide. The police *must* inform the Magistrate before proceeding further. The Magistrate will then decide how the investigation should proceed. The whole point is to have a judicial oversight from the beginning, ensuring fairness and preventing any potential misuse of power. It’s not just about finding out what happened, but doing so in a legally sound manner. The Magistrate’s involvement is crucial in these sensitive situations. Apni specific situation ke liye ek qualified lawyer se zaroor milein.","Bharatiya Nagarik Suraksha Sanhita 2023, Section 194",Safe,procedural,BNSS_2023__p78__c0,val
QA_238,"अगर किसी को जेल जाने की सजा सुनाई जाती है, तो क्या उसकी सजा तुरंत शुरू हो जाती है, या उसे जेल में जाने का इंतजार करना पड़ता है?",hindi,Criminal Law,Code of Criminal Procedure 1973,"भारतीय दंड प्रक्रिया संहिता, 1973 (Code of Criminal Procedure, 1973) के अनुसार, अगर किसी व्यक्ति को जेल जाने की सजा सुनाई जाती है, तो सजा की शुरुआत गिरफ्तारी की तारीख से ही हो सकती है। इसका मतलब है कि अगर किसी को अदालत में पेश किया जाता है और उसे तुरंत जेल भेजने का आदेश दिया जाता है, तो उसकी सजा उसी दिन से शुरू हो जाएगी। हालांकि, यह हमेशा ऐसा नहीं होता। कुछ मामलों में, अदालत व्यक्ति को जमानत पर रिहा कर सकती है और उसे बाद में जेल जाने के लिए कह सकती है। ऐसे में, सजा की शुरुआत उस दिन से होगी जब उसे वास्तव में जेल में दाखिल किया जाएगा। उदाहरण के लिए, मान लीजिए कि किसी को चोरी के आरोप में एक साल की जेल की सजा सुनाई जाती है और उसे उसी दिन गिरफ्तार कर लिया जाता है। तो, उसकी सजा गिरफ्तारी की तारीख से शुरू हो जाएगी। यह प्रक्रिया सुनिश्चित करती है कि व्यक्ति को उसकी सजा का एहसास हो और कानून का पालन करने के लिए प्रोत्साहित किया जाए।","Code of Criminal Procedure, 1973, Sections 418, 419, 420",Safe,procedural,CrPC_1973__p176__c0,train
QA_239,"If the police find unclaimed property, like a bag full of cash, what happens to it after six months if nobody comes forward to claim it?",english,Criminal Law,Code of Criminal Procedure 1973,"According to the Code of Criminal Procedure, 1973, if unclaimed property is found, a proclamation is made to announce it and invite potential owners to establish their claim. The law provides a timeframe of six months for someone to come forward and prove they are the rightful owner. If, after this six-month period, no one successfully establishes their claim to the property, and the person who initially had possession of the property cannot demonstrate that they legally acquired it, the Magistrate has the power to direct that the property be handed over to the State Government. The State Government can then sell the property, and the money from the sale will be handled according to procedures prescribed by law. For example, if a bag containing ₹50,000 is found abandoned and no one claims it within six months, the Magistrate can order the State Government to sell it, and the proceeds would go to the government. This ensures the property doesn't remain indefinitely unclaimed. The Code of Criminal Procedure, 1973, Section 458 outlines this process.","Code of Criminal Procedure 1973, Section 458",Safe,procedural,CrPC_1973__p189__c1,train
QA_240,"Okay, so, Constitution mein likha hai ki ek state mein do houses ho sakte hain, Legislative Council aur Legislative Assembly. Par agar ek state mein Legislative Council hai, toh Parliament usko khatam bhi kar sakti hai? Aur kaise? Kuch explain karo, please.",code_mixed,Constitutional Law,Constitution of India,"Yeah, absolutely! According to Article 169 of the Constitution of India, Parliament *does* have the power to abolish a Legislative Council in a state that already has one, or even create one in a state that doesn't. It's not just a random decision though. The key thing is that the State Legislative Assembly needs to pass a resolution saying they want this to happen. It has to be a *majority* resolution, meaning more than half the members present and voting have to agree. 

So, let's say, hypothetically, that Himachal Pradesh's Legislative Assembly feels that a Legislative Council is no longer necessary or beneficial for the state. They can pass a resolution, with a majority vote, requesting Parliament to abolish the Council. Then, Parliament can enact a law to do so. Similarly, if Uttarakhand doesn't have a Council, and the Assembly wants one, they can pass a resolution, and Parliament can create it. This power is specifically granted to Parliament, overriding anything that might be implied in Article 168. It's all about the State Legislative Assembly's consent, followed by Parliament's action through a law.","Constitution of India, Article 169",Safe,procedural,Constitution_of_India__p82__c0,train
QA_241,"अगर किसी मामले में शामिल व्यक्ति की मृत्यु हो जाती है, तो क्या मामला बंद हो जाएगा? और आगे क्या होगा?",hindi,Criminal Law,Bharatiya Nagarik Suraksha Sanhita 2023,"भारतीय नागरिक सुरक्षा संहिता 2023 (Bharatiya Nagarik Suraksha Sanhita 2023) के अनुसार, यदि किसी मामले में शामिल व्यक्ति की मृत्यु हो जाती है, तो मामला बंद नहीं होगा। मजिस्ट्रेट (Magistrate) मृतक व्यक्ति के कानूनी प्रतिनिधि (legal representative) को मामले में शामिल कर सकते हैं और मामले की जांच जारी रख सकते हैं। यदि यह सवाल उठता है कि मृतक व्यक्ति का कानूनी प्रतिनिधि कौन है, तो सभी लोग जो मृतक व्यक्ति के प्रतिनिधि होने का दावा करते हैं, उन्हें मामले में शामिल किया जाएगा। उदाहरण के लिए, मान लीजिए कि एक ज़मीन के स्वामित्व को लेकर मामला चल रहा है और मुकदमे में एक पक्षकार की मृत्यु हो जाती है। मजिस्ट्रेट मृतक पक्षकार के वारिसों को मामले में शामिल करेंगे ताकि वे अपने पिता/माता की जगह पर मामले को आगे बढ़ा सकें। इससे यह सुनिश्चित होता है कि मामला निष्पक्ष रूप से पूरा हो और मृतक पक्षकार के अधिकारों की रक्षा हो। धारा 7 और 8 इस प्रक्रिया को स्पष्ट करती है।","Bharatiya Nagarik Suraksha Sanhita 2023, Section 7 & 8",Safe,procedural,BNSS_2023__p65__c0,train
QA_242,My child's teacher is forcing me to pay for extra tuition. Is this allowed under the law?,english,Children's Rights,Right to Education Act 2009,"The Right to Education Act, 2009 explicitly prohibits teachers from taking private tuition from students or their parents. This is to ensure fairness and prevent exploitation within the education system. Section 28 of the Act clearly states this prohibition. The intention is to safeguard the interests of children and maintain the integrity of the school environment. For instance, if a teacher demands payment for extra classes outside of school hours, or pressures a student to enroll in their private tutoring service, this would be a violation of the Act. The Act aims to ensure that education is accessible and equitable for all children, regardless of their parents' ability to pay for additional tutoring. If you believe a teacher is violating this provision, you have the right to seek redressal of grievances as outlined in Section 32 of the Right to Education Act, 2009. This could involve approaching the school authorities or relevant educational boards. Please consult a qualified lawyer for your specific situation.","Right to Education Act, 2009, Sections 28 & 32",Safe,procedural,RTE_Act_2009__p2__c0,test
QA_243,"Yeh Sexual Harassment Act mein likha hai ki State Government kaise funds manage karegi? Agency setup karne ki baat hai, toh actually yeh kaise work karega?",code_mixed,Women's Rights,Sexual Harassment of Women at Workplace Act 2013,"Okay, so according to the Sexual Harassment of Women at Workplace Act, 2013, the State Government has a specific role in managing funds for things like fees and allowances mentioned in Section 7, subsection (4). Basically, the State Government can decide to set up an agency – a dedicated body – and then transfer the grants they receive under subsection (1) to this agency. This agency then becomes responsible for paying the District Officer, who in turn, handles the fees and allowances. Think of it like this: the State Government gets the money, but they delegate the actual disbursement to an agency to make the process more streamlined.  The accounts of this agency, as mentioned in subsection (2), have to be maintained and audited properly, in consultation with the Accounts department.  It's all about ensuring transparency and proper utilization of funds allocated for these purposes. The government is essentially creating a system to ensure these funds are used correctly and efficiently.  This is to ensure the process is well-managed and accountable. Apni specific situation ke liye ek qualified lawyer se zaroor milein.","Sexual Harassment of Women at Workplace Act, 2013, Sections 1, 2, 3, 4",Safe,procedural,POSH_Act_2013__p8__c0,train
QA_244,"अगर किसी ने मुझे अचानक गुस्से में धक्का दिया, तो क्या उसे सजा मिलेगी? और सजा क्या हो सकती है?",hindi,Criminal Law,Indian Penal Code 1860,"भारतीय दंड संहिता, 1860 के सेक्शन 358 के अनुसार, अगर किसी व्यक्ति ने आपको अचानक और गंभीर उकसावे के बाद धक्का दिया या आपराधिक बल प्रयोग किया, तो उसे सजा हो सकती है। यह सजा एक महीने तक की साधारण कारावास या दो सौ रुपये तक का जुर्माना, या दोनों हो सकती है। 'गंभीर उकसावा' का मतलब है कि आपको जो उकसावा मिला वह इतना गंभीर था कि गुस्से में आप प्रतिक्रिया करने के लिए मजबूर हो गए। उदाहरण के लिए, मान लीजिए कि कोई व्यक्ति आपको बिना किसी कारण के अपमानित करता है और फिर आपको धक्का दे देता है। इस स्थिति में, उकसावा गंभीर माना जा सकता है। हालांकि, यह ध्यान रखना महत्वपूर्ण है कि उकसावा 'तत्काल' भी होना चाहिए, यानी घटना तुरंत घटित होनी चाहिए। यदि उकसावा बहुत पहले हुआ है, तो यह गंभीर उकसावा नहीं माना जाएगा। इस सेक्शन में सेक्शन 352 की व्याख्या भी लागू होती है।","Indian Penal Code, 1860 Section 358",Safe,procedural,IPC_1860__p157__c0,val
QA_245,"My neighbor has accused me of three separate petty thefts – stealing vegetables from his garden, taking a few bricks from his construction site, and borrowing his lawnmower without asking – all within a year. Can he charge me with all three in one court case?",english,Criminal Law,Bharatiya Nagarik Suraksha Sanhita 2023,"According to the Bharatiya Nagarik Suraksha Sanhita 2023, Section 242, the court can potentially try you for multiple offences of the same kind committed within a twelve-month period in a single trial. However, there's a limit: the court can only charge you with a maximum of five such offences. The key here is whether these offences are considered 'of the same kind.' The law defines offences as being of the same kind if they carry the same punishment under the same section of the Bharatiya Nyaya Sanhita, 2023, or any other special or local law. For example, if all three thefts are punishable under the same section of the Indian Penal Code for petty theft, they could be grouped together. If the punishments differ, they might be treated as separate cases. Your neighbor could potentially charge you with all three, but the court will likely consolidate them into a single trial if they meet the criteria of being 'of the same kind' and the number doesn't exceed five. The court has discretion in this matter.","Bharatiya Nagarik Suraksha Sanhita 2023, Section 242",Safe,procedural,BNSS_2023__p93__c0,train
QA_246,Yeh 'Bond to Keep the Peace' kya hota hai? Aur isko sign karne ke liye kaha jata hai kab?,code_mixed,Criminal Law,Bharatiya Nagarik Suraksha Sanhita 2023,"Okay, so this 'Bond to Keep the Peace' – it's basically a legal agreement, right? According to the Bharatiya Nagarik Suraksha Sanhita 2023, it's a bond you're asked to sign. It means you promise to maintain peace and not commit any offenses. The passage says you'll be asked to sign this bond if you're involved in a case pending in court. The bond is for a specific period – it could be a fixed term, or until the court finishes investigating the matter.  For example, let's say there's a dispute between two families, and the court feels one person might disturb the peace. The court might ask that person to sign a Bond to Keep the Peace.  The bond specifies your name, where you live, the duration of the bond, and the specific case it relates to.  It’s a way for the court to ensure that the proceedings happen smoothly and without any disruption.  It’s important to understand what you’re agreeing to before signing anything.  You are essentially promising to behave yourself until the case is resolved.","Bharatiya Nagarik Suraksha Sanhita 2023, Sections 125 and 126",Safe,procedural,BNSS_2023__p232__c0,train
QA_247,"अगर किसी व्यक्ति को जमानत देने से मना कर दिया गया और वह जेल में बंद है, तो उसे रिहा करने के लिए अदालत किस प्रकार का आदेश जारी करती है?",hindi,Criminal Law,Bharatiya Nagarik Suraksha Sanhita 2023,"भारतीय नागरिक सुरक्षा संहिता 2023 (Bharatiya Nagarik Suraksha Sanhita 2023) के अनुसार, अगर किसी व्यक्ति को जमानत देने से मना कर दिया गया है और वह जेल में बंद है, तो अदालत 'रिहाई का वारंट' (Warrant to Discharge) जारी कर सकती है। यह वारंट जेल के अधिकारी को उस व्यक्ति को रिहा करने का निर्देश देता है जो अदालत के पहले के आदेश के तहत हिरासत में था, क्योंकि उसने जमानत देने से इनकार कर दिया था। फॉर्म नंबर 48 में इस वारंट का प्रारूप दिया गया है। वारंट में कैदी का नाम और विवरण, अदालत का नाम, और उस वारंट की तारीख शामिल होती है जिसके तहत उसे हिरासत में लिया गया था। उदाहरण के लिए, मान लीजिए कि राम को एक छोटे अपराध के लिए गिरफ्तार किया गया था और अदालत ने उसे ₹10,000 की जमानत पर रिहा करने का आदेश दिया। राम ने जमानत देने से इनकार कर दिया। इस स्थिति में, अदालत राम को रिहा करने के लिए एक 'रिहाई का वारंट' जारी कर सकती है। धारा 487 इस प्रक्रिया को नियंत्रित करती है। यह वारंट अदालत की आधिकारिक मुहर और हस्ताक्षर के साथ जारी किया जाता है।","Bharatiya Nagarik Suraksha Sanhita 2023, Section 487",Safe,procedural,BNSS_2023__p269__c0,train
QA_248,"I'm curious, how does the government make sure the money set aside for people with disabilities in my state is being used properly?",english,PWD Rights,Rights of Persons with Disabilities Act 2016,"The Rights of Persons with Disabilities Act, 2016, addresses this concern through a specific process for accountability. Section 6 outlines that the accounts of the State Fund for persons with disabilities must be audited and certified by the Comptroller and Auditor-General of India, or someone they appoint. This audit report, along with the certified accounts, is then presented to the State Legislature. If your state legislature has two houses, it's presented to both. If it has only one house, it's presented to that single house. This ensures transparency and public oversight of how these funds are managed. For example, if a state government allocates funds for providing assistive devices, the audit will verify if those devices were actually purchased and distributed as intended. This process aims to prevent misuse of funds and ensure they are used effectively to support individuals with disabilities. The Act emphasizes that this reporting is crucial for maintaining public trust and accountability in the management of these vital resources. Please consult a qualified lawyer for your specific situation.","Rights of Persons with Disabilities Act 2016, Section 6",Safe,procedural,RPWD_Act_2016__p31__c0,train
QA_249,"Okay, so, Consumer Protection Act mein likha hai, agar Central Authority ko pata chale ki koi advertisement fake ya misleading hai, toh unke paas kya powers hain? They can do what exactly?",code_mixed,Consumer and Cyber Law,Consumer Protection Act 2019,"According to the Consumer Protection Act, 2019, Section 21, the Central Authority has significant powers when they find an advertisement to be false or misleading and harmful to consumers. Basically, if they investigate and are convinced that an ad is not truthful and violates consumer rights, they can issue directions. This means they can tell the trader, manufacturer, endorser, advertiser, or publisher – whoever is responsible – to either stop the advertisement completely or change it. They’ll specify *how* it needs to be modified and *when* it needs to be done.  For example, imagine a fairness cream ad claiming it guarantees a lighter skin tone overnight. If the Central Authority finds this misleading, they can order the company to remove that claim or modify the ad to be more realistic. The Authority has the power to ensure ads are honest and protect consumers from being deceived. They don't just penalize; they also direct corrective action. This is all about safeguarding consumer interests.  It’s a pretty strong power given to the Central Authority to tackle deceptive advertising practices.","Consumer Protection Act, 2019 Section 21",Safe,procedural,Consumer_Protection_Act_2019__p16__c0,train
QA_250,"अगर मैं किसी किताब में कुछ ऐसा लिख देता हूँ जो किसी व्यक्ति के बारे में गलत और नुकसानदेह है, तो मुझे किस तरह की सजा हो सकती है?",hindi,Criminal Law,Indian Penal Code 1860,"भारतीय दंड संहिता, 1860 की धारा 501 के अनुसार, यदि आप जानबूझकर या यह मानते हुए कि कोई लिखा हुआ या छपा हुआ मैटर किसी व्यक्ति के लिए अपमानजनक है, तो आपको दो साल तक की साधारण कारावास या जुर्माना, या दोनों से दंडित किया जा सकता है। इसका मतलब है कि अगर आप कोई किताब, लेख या अन्य सामग्री प्रकाशित करते हैं जिसमें किसी व्यक्ति के बारे में झूठी और हानिकारक बातें लिखी हैं, और आपको पता है कि यह अपमानजनक है, तो आप कानून के तहत उत्तरदायी हो सकते हैं। उदाहरण के लिए, मान लीजिए कि आप एक उपन्यास लिखते हैं जिसमें आप किसी राजनेता के बारे में झूठी और बदनाम करने वाली बातें लिखते हैं, और आपको पता है कि यह गलत है। इस स्थिति में, आप धारा 501 के तहत दोषी पाए जा सकते हैं। धारा 502 भी है जो छपी हुई या उकेरी हुई सामग्री की बिक्री से संबंधित है जिसमें अपमानजनक मैटर हो। यह महत्वपूर्ण है कि आप किसी भी सामग्री को प्रकाशित करने से पहले उसकी सत्यता और संभावित प्रभाव पर विचार करें।","Indian Penal Code, 1860 Section 501, Section 502",Safe,procedural,IPC_1860__p222__c0,train
QA_251,"My neighbor sent me a message accusing my wife of something terrible, without revealing who they were. Could they get into trouble for that?",english,Criminal Law,Bharatiya Nyaya Sanhita 2023,"According to the Bharatiya Nyaya Sanhita 2023, sending a message imputing unchastity to a woman, or making a criminal threat anonymously, can indeed lead to legal consequences. The law specifically addresses situations where someone attempts to hide their identity while making such accusations or threats. Section 4 of the Sanhita states that if someone imputes unchastity to a woman, they can be imprisoned for up to seven years, fined, or both. Similarly, if someone commits the offence of criminal intimidation through an anonymous communication, concealing their name or location, they face imprisonment of either description for a term up to two years, in addition to any other penalties. For example, if someone sends a text message anonymously claiming a woman is having an affair, and this causes her distress, it could be considered an offence under this section. The key element is the anonymity and the attempt to conceal the sender's identity. This provision aims to deter anonymous harassment and threats.","Bharatiya Nyaya Sanhita 2023, Section 4",Safe,procedural,BNS_2023__p107__c0,train
QA_252,"Yaar, agar state government MGNREGA ke under fund release karne mein delay kare toh kya hoga? Accountable kaun hoga, aur audit mein kya check hoga?",code_mixed,Labour and Social Welfare,Mahatma Gandhi National Rural Employment Guarantee Act 2005,"Okay, so according to the Mahatma Gandhi National Rural Employment Guarantee Act, 2005, Section 23 specifically talks about transparency and accountability. Basically, if the state government delays releasing funds meant for MGNREGA, there *should* be accountability. The Act emphasizes that the accounts need to be audited regularly. This audit will check things like whether the funds were actually used for the intended purpose – employment generation in rural areas.  For example, if a village panchayat was supposed to build a road using MGNREGA funds, the audit will verify if the road was built, and if the money was spent correctly. Section 24 further reinforces this by stating that the accounts *must* be audited.  While the passage doesn't explicitly state a penalty for delay, Section 25 mentions a penalty for non-compliance, which could potentially be applied depending on the severity and reason for the delay. The Central Government also has the power to give directions under Section 27, which they could use to address the issue.  It's all about ensuring the money reaches the workers and is used properly.","MGNREGA Act, Sections 23, 24, 25, 27",Safe,procedural,NREGA_2005__p2__c0,val
QA_253,"अगर किसी व्यक्ति पर एक साल में कई तरह के अपराध हुए हैं, तो क्या उन सभी को एक साथ अदालत में पेश किया जा सकता है?",hindi,Criminal Law,Bharatiya Nagarik Suraksha Sanhita 2023,"भारतीय नागरिक सुरक्षा संहिता 2023 (Bharatiya Nagarik Suraksha Sanhita 2023) के अनुसार, यदि किसी व्यक्ति पर एक वर्ष के भीतर एक ही तरह के कई अपराध हुए हैं, तो अभियोजनकर्ता उन सभी को एक साथ अदालत में पेश कर सकता है। धारा 242 (Section 242) में यह प्रावधान है। इसका मतलब है कि अदालत को एक ही मामले में कई अपराधों पर विचार करने का अवसर मिलेगा, जिससे प्रक्रिया अधिक कुशल हो सकती है। उदाहरण के लिए, मान लीजिए कि किसी व्यक्ति पर चोरी के कई मामले एक ही साल में दर्ज हुए हैं। पुलिस उन सभी मामलों को एक साथ अदालत में पेश कर सकती है। हालांकि, अदालत के पास यह अधिकार है कि वह किसी भी आरोप को अलग से सुनने का फैसला कर सकती है। धारा 243 (Section 243) भी इस प्रक्रिया को नियंत्रित करती है। यह सुनिश्चित करता है कि न्याय प्रक्रिया उचित और निष्पक्ष हो।","Bharatiya Nagarik Suraksha Sanhita 2023, Sections 242 & 243",Safe,procedural,BNSS_2023__p8__c0,test
QA_254,My village has a beautiful old temple that's starting to crumble. Can the government do anything to protect it?,english,Constitutional Law,Constitution of India,"According to Article 49 of the Constitution of India, the State has an obligation to protect monuments or places of artistic or historic interest. This protection extends against actions like spoliation (damage), disfigurement, destruction, removal, disposal, or export. Crucially, this protection only applies to places declared by law made by Parliament as being of national importance. So, the temple needs to have been formally recognized as such. For example, the Archaeological Survey of India (ASI) can declare a site of national importance under the Ancient Monuments and Archaeological Sites and Remains Act, 1958, Section 3. Once declared, the government is legally bound to safeguard it. The State’s responsibility is to take steps to prevent damage and ensure its preservation. This includes preventing unauthorized construction nearby or any activity that could harm the temple’s structure or historical significance. The government’s actions are guided by laws passed by Parliament to ensure the long-term preservation of these cultural assets.","Constitution of India Article 49, Ancient Monuments and Archaeological Sites and Remains Act, 1958 Section 3",Safe,procedural,Constitution_of_India__p24__c0,train
QA_255,"Yaar, suppose A ne B ko Rampur mein 100 bigha ki estate deed se bech di, lekin phir bolta hai ki actually woh estate Rampur mein nahi thi, aur size bhi alag tha. Court mein isko prove karne ke liye koi evidence de sakte hain kya?",code_mixed,Criminal Law,Indian Evidence Act 1872,"Okay, so according to the Indian Evidence Act, 1872, Section 95, agar ek document mein jo language use kiya gaya hai woh khud hi clear hai, toh tum evidence nahi de sakte ki woh document actually kisi different situation ya facts ko apply nahi karta tha. Basically, if the deed clearly states 'my estate at Rampur containing 100 bighas' and A has an estate matching that description, you can't then bring in evidence to say the estate was actually somewhere else or a different size. The law assumes the document means what it says, based on existing facts. 

Let's say A sells a shop to B, mentioning 'my shop at Connaught Place'. If A has a shop at Connaught Place, you can't then present evidence that A actually meant the shop in Lajpat Nagar. The deed's language is plain and refers to an existing fact. The court will consider the deed as referring to the shop at Connaught Place. This prevents people from trying to change the meaning of a document after the fact. It’s about upholding the clarity and integrity of written agreements. The law wants to avoid confusion and ensure documents are interpreted as they are written, based on what already exists.","Indian Evidence Act, 1872 Section 95",Safe,procedural,Indian_Evidence_Act_1872__p44__c1,val
QA_256,"मानसिक स्वास्थ्य अधिनियम, 2017 के अनुसार, राज्य प्राधिकरण को जिले या जिलों के समूह के लिए बोर्ड कैसे गठित करना चाहिए?",hindi,PWD Rights,Mental Healthcare Act 2017,"मानसिक स्वास्थ्य अधिनियम, 2017 की धारा 82 के उप-धारा (2) के खंड (e) के अनुसार, राज्य प्राधिकरण को जिले या जिलों के समूह के लिए बोर्ड का गठन करना होता है। अधिनियम में इस प्रक्रिया के बारे में विशिष्ट विवरण नहीं दिए गए हैं, लेकिन यह स्पष्ट है कि राज्य प्राधिकरण को बोर्ड के गठन के लिए नियम बनाने का अधिकार है। इसका मतलब है कि राज्य सरकार इस प्रक्रिया को परिभाषित करने के लिए नियम जारी कर सकती है, जिसमें बोर्ड के सदस्यों की संख्या, उनकी योग्यताएं और चयन प्रक्रिया शामिल हो सकती है। उदाहरण के लिए, यदि किसी राज्य में कई जिले हैं, तो राज्य प्राधिकरण प्रत्येक जिले के लिए अलग-अलग बोर्ड बना सकता है, या कुछ जिलों को एक साथ मिलाकर एक ही बोर्ड बना सकता है। यह राज्य की आवश्यकताओं और संसाधनों पर निर्भर करेगा। अधिनियम में यह भी कहा गया है कि बोर्ड के अध्यक्ष या सदस्यों के लिए कुछ अयोग्यताएं हो सकती हैं, जिन्हें नियमों में निर्दिष्ट किया जा सकता है। मानसिक स्वास्थ्य अधिनियम, 2017, धारा 82(2)(e) और धारा 82।","Mental Healthcare Act 2017, Section 82(2)(e) & Section 82",Safe,procedural,Mental_Healthcare_Act_2017__p49__c0,train
QA_257,"My brother has been arrested, and his lawyer says he might have a mental condition that makes it hard for him to understand what's happening in court. What will the court do?",english,Criminal Law,Code of Criminal Procedure 1973,"If during a trial, whether before a Magistrate or a Court of Session, it becomes apparent that an accused person is of unsound mind and therefore unable to defend themselves, the court has a specific procedure to follow. According to the Code of Criminal Procedure 1973, Section 329(1), the Magistrate or Court will assess whether the mental condition prevents the accused from participating in their defense. If they determine the accused is incapable of defending themselves, the inquiry will be closed. The court will then proceed to deal with the accused as outlined in Section 330 of the same Act. For example, if someone with a diagnosed intellectual disability is accused of a minor offense and clearly doesn't understand the charges or legal proceedings, the court might decide to place them under observation or provide specialized care rather than proceed with a traditional trial. The focus shifts from punishment to ensuring the person's well-being and safety. The court's primary concern is to ensure fairness and protect individuals who lack the mental capacity to navigate the legal system effectively. Please consult a qualified lawyer for your specific situation.","Code of Criminal Procedure 1973, Sections 329(1) and 330",Safe,procedural,CrPC_1973__p149__c0,test
QA_258,"Yaar, suppose main ek group mein hoon aur hum log ek aisa plan bana rahe hain jiske natije mein kisi ko life imprisonment ya death penalty ho sakta hai. Toh, according to the new law, agar police pata lagati hai toh hum sabko kitna punishment hoga?  Itna complicated hai na?",code_mixed,Criminal Law,Bharatiya Nyaya Sanhita 2023,"Okay, so according to the Bharatiya Nyaya Sanhita 2023, if you're part of a criminal conspiracy – meaning you're involved in planning something that could lead to death, life imprisonment, or at least two years of rigorous imprisonment – then you're in a tricky spot. The law says that if there isn't a specific punishment mentioned for *that particular conspiracy* within the Sanhita, you'll be treated as if you actively helped (abetted) the crime itself.  So, the punishment would be the same as if you had directly participated in the crime.  

For example, imagine a group planning a robbery where they know someone might get killed. Even if you just helped plan the logistics, not the actual killing, you could face charges similar to those of the person who committed the violence.  It doesn't matter if the illegal act was the main goal or just a side effect of the plan. Section 2(2) of the Bharatiya Nyaya Sanhita 2023 clarifies this.  The key is being a party to the conspiracy itself.  This is a serious matter, and the law takes it very seriously.","Bharatiya Nyaya Sanhita 2023, Section 2(2)",Safe,procedural,BNS_2023__p35__c1,val
QA_259,"अगर केंद्र शासित प्रदेशों (Union Territories) को चलाने के लिए राष्ट्रपति एक प्रशासक (Administrator) नियुक्त करते हैं, तो क्या यह राज्यपाल (Governor) की भूमिका से अलग होता है? और संसद (Parliament) इस व्यवस्था में क्या बदलाव कर सकती है?",hindi,Constitutional Law,Constitution of India,"भारतीय संविधान के अनुच्छेद 239 के अनुसार, केंद्र शासित प्रदेशों का प्रशासन राष्ट्रपति द्वारा किया जाता है, जो अपनी इच्छानुसार किसी प्रशासक को नियुक्त कर सकते हैं। यह प्रशासक राष्ट्रपति द्वारा दिए गए निर्देशों के अनुसार काम करता है। महत्वपूर्ण बात यह है कि यह व्यवस्था राज्यों के राज्यपालों से अलग है। राज्यपालों की भूमिका राज्य सरकार के साथ मिलकर काम करने की होती है, जबकि प्रशासक केंद्र सरकार के प्रतिनिधि के रूप में कार्य करते हैं। अनुच्छेद 239(2) में यह भी प्रावधान है कि राष्ट्रपति किसी पड़ोसी राज्य के राज्यपाल को केंद्र शासित प्रदेश का प्रशासक नियुक्त कर सकते हैं, और ऐसे राज्यपाल प्रशासक के रूप में स्वतंत्र रूप से कार्य करेंगे। संसद, कानून बनाकर, इस व्यवस्था में बदलाव कर सकती है, यानी केंद्र शासित प्रदेशों के प्रशासन के तरीके को बदल सकती है। उदाहरण के लिए, जम्मू और कश्मीर पुनर्गठन अधिनियम, 2019 (Jammu and Kashmir Reorganisation Act, 2019) ने केंद्र शासित प्रदेशों की व्यवस्था में महत्वपूर्ण बदलाव किए।","Constitution of India, Article 239, Jammu and Kashmir Reorganisation Act, 2019",Safe,procedural,Constitution_of_India__p121__c0,train
QA_260,"My neighbor is accusing me of stealing his bicycle, and he's told the local police officer. I'm innocent, but he's threatening to file a formal case. What could happen to him if he lies in court to falsely accuse me?",english,Criminal Law,Code of Criminal Procedure 1973,"According to the Code of Criminal Procedure, 1973, your neighbor could face serious legal consequences if he provides false evidence in a judicial proceeding. Specifically, Section 193 deals with this issue. If he lies under oath or fabricates evidence to falsely accuse you, he could be imprisoned for up to seven years and also be fined. This applies if the case goes to trial before a Magistrate of the first class. However, if he were to falsely accuse you with the intention of getting you convicted of a capital offence (like murder, though this is unlikely in a bicycle theft case), the punishment is much harsher – imprisonment for life or a rigorous imprisonment of ten years, along with a fine. This would be handled by a Court of Session. For example, if he presented a fake witness claiming they saw you steal the bicycle with the goal of getting you a severe sentence, he would be committing a serious offence. The severity of the punishment depends on the intent and the nature of the case. Please consult a qualified lawyer for your specific situation.","Code of Criminal Procedure, 1973, Section 193",Safe,procedural,CrPC_1973__p203__c0,test
QA_261,"Okay, so RTI apply karne ke baad, agar koi third party involved hai, toh what happens? Public Information Officer (PIO) unko kaise notice deta hai, aur unka submission kitna important hota hai?",code_mixed,Labour and Social Welfare,Right to Information Act 2005,"Basically, according to the Right to Information Act, 2005, if your RTI request involves information that a third party might be concerned about, the PIO has a specific procedure to follow. Within five days of receiving your request, the PIO *must* send a written notice to that third party. This notice tells them about your request and that the PIO is considering disclosing the information – or a part of it.  The notice also invites the third party to give their opinion, either in writing or verbally, on whether the information should be released.  Think of it like this: let's say you're asking for records related to a contractor working for a government project. The PIO would notify that contractor. Their submission, whatever they say, is taken into account when the PIO makes the final decision about disclosure. It's not the *only* factor, but it's definitely considered. The PIO has to weigh their submission along with other factors before deciding. This ensures fairness and protects potentially sensitive information.  It’s all about balancing transparency with protecting legitimate interests.  Section 11(1) of the RTI Act outlines this process.","Right to Information Act, 2005 Section 11(1)",Safe,procedural,RTI_Act_2005__p12__c0,test
QA_262,अगर कोई कंपनी Maternity Benefit Act के तहत निरीक्षण से रोकने की कोशिश करे तो क्या होगा? क्या मैं कानूनी कार्रवाई कर सकती हूँ?,hindi,Women's Rights,Maternity Benefit Act 1961,"मaternity लाभ अधिनियम, 1961 के अनुसार, यदि कोई कंपनी आपको या किसी अन्य महिला कर्मचारी को अधिनियम या उसके तहत बनाए गए नियमों के तहत निरीक्षण में शामिल होने से रोकती है, तो यह एक अपराध है। इस अपराध के लिए दोषी पाए जाने पर एक वर्ष तक की कैद या पाँच हजार रुपये तक का जुर्माना, या दोनों हो सकते हैं। अधिनियम की धारा 23 में यह भी कहा गया है कि कोई भी असंतुष्ट महिला, ट्रेड यूनियन का पदाधिकारी (जिसमें वह महिला सदस्य हो), या एक पंजीकृत स्वैच्छिक संगठन इस मामले में कानूनी कार्रवाई कर सकता है। उदाहरण के लिए, मान लीजिए कि एक कंपनी एक गर्भवती महिला कर्मचारी को निरीक्षण के लिए उपस्थित होने से रोकती है क्योंकि वे निरीक्षण के दौरान कुछ अनियमितताओं का पता लगने से डरते हैं। ऐसी स्थिति में, वह महिला अधिनियम के तहत कानूनी कार्रवाई कर सकती है। यह सुनिश्चित करना महत्वपूर्ण है कि आप अपने अधिकारों के बारे में जागरूक रहें और यदि आपको लगता है कि आपके अधिकारों का उल्लंघन हो रहा है तो उचित कार्रवाई करें।","Maternity Benefit Act, 1961, Sections 23",Safe,procedural,Maternity_Benefit_Act_1961__p16__c0,train
QA_263,"If I'm a victim of a crime, like theft, does the police or a magistrate have to take my statement, and how will they do it?",english,Criminal Law,Bharatiya Nagarik Suraksha Sanhita 2023,"According to the Bharatiya Nagarik Suraksha Sanhita 2023, if you are a victim of an offence, the Magistrate is required to record your statement as soon as the police are informed about the crime. This applies if the offence falls under sections 70, 71, 74, 75, 76, 77, 78, 79, or 124 of the Bharatiya Nyaya Sanhita, 2023. The specific manner in which your statement will be recorded is outlined in sub-section (5) of the relevant section, though the passage doesn't detail that process. The law prioritizes recording your statement by a woman Magistrate whenever possible. If a woman Magistrate isn't available, a male Magistrate must record it, but only in the presence of a woman. For example, if someone steals your jewellery (an offence potentially covered by these sections), the police would inform the Magistrate, and the Magistrate would then record your statement. This ensures your account of the incident is formally documented. The aim is to ensure a fair and proper recording of the victim's perspective. Please consult a qualified lawyer for your specific situation.","Bharatiya Nagarik Suraksha Sanhita 2023, Sections 70, 71, 74, 75, 76, 77, 78, 79, 124; Bharatiya Nyaya Sanhita, 2023",Safe,procedural,BNSS_2023__p71__c1,train
QA_264,"Okay, so, agar A ne kisi ko bribe accept karne ke liye bola, aur usne accept bhi kar liya, toh A ko kitna punishment hoga? And if A, B ko false evidence dene ko encourage karta hai, aur B woh bhi karta hai, then A ki responsibility kya hogi?",code_mixed,Criminal Law,Indian Penal Code 1860,"According to the Indian Penal Code, 1860, if A encourages someone (let's say, a government official) to accept a bribe, and that person actually does it, A is considered to have abetted the offence defined in Section 161. This means A will be held responsible and can face punishment. Similarly, if A instigates B to give false evidence in court, and B follows through and gives false testimony, A is also guilty of abetting that offence. The crucial point is that A will be liable to the *same* punishment as B, the person who actually gave the false evidence.  For example, imagine A, a businessman, tells B, a witness, to lie about a product's safety to win a lawsuit. If B lies, A is equally culpable. The passage also clarifies that even if A and B conspire to commit a crime, like poisoning someone, and A facilitates the plan by providing the poison, but B actually administers it, A is still accountable. This highlights the broad scope of abetment under the IPC.  It's about encouraging or facilitating a crime, regardless of direct involvement in the final act.","Indian Penal Code, 1860, Sections 161",Safe,procedural,IPC_1860__p45__c0,test
QA_265,"अगर कोई व्यक्ति जानबूझकर किसी इमारत या संपत्ति को आग लगाकर या विस्फोटक पदार्थ का उपयोग करके नुकसान पहुंचाता है, तो उसे किस तरह की सजा मिल सकती है?",hindi,Criminal Law,Bharatiya Nyaya Sanhita 2023,"भारतीय न्याय संहिता, 2023 के अनुसार, यदि कोई व्यक्ति जानबूझकर आग या विस्फोटक पदार्थ का उपयोग करके किसी संपत्ति को नुकसान पहुंचाता है, तो उसे आजीवन कारावास या दस साल तक की कैद हो सकती है। इसके साथ ही, उसे जुर्माना भी लगाया जा सकता है। यह सजा उस नुकसान की गंभीरता और व्यक्ति के इरादे पर निर्भर करती है। उदाहरण के लिए, मान लीजिए कि कोई व्यक्ति किसी फैक्ट्री में आग लगा देता है ताकि बीमा का पैसा मिल सके। ऐसे मामले में, उसे ऊपर वर्णित सजा मिल सकती है। यह ध्यान रखना महत्वपूर्ण है कि यह केवल संहिता का एक हिस्सा है और अदालत मामले की परिस्थितियों के आधार पर अंतिम निर्णय लेगी। कानून का पालन करना और किसी भी प्रकार की विध्वंसक गतिविधि से बचना महत्वपूर्ण है।","Bharatiya Nyaya Sanhita 2023, Section 328",Safe,procedural,BNS_2023__p99__c0,val
QA_266,My neighbor threatened to drop my child unless I gave him my money. Was he committing robbery?,english,Criminal Law,Bharatiya Nyaya Sanhita 2023,"According to the Bharatiya Nyaya Sanhita 2023, the scenario you describe falls under the definition of robbery, but it's crucial to understand the specifics. The passage outlines two examples. In the first, a person threatens immediate harm to a child present to obtain property. In your case, the threat involved your child, which aligns with this aspect of robbery. However, the passage also mentions extortion, which is punishable as such. The second example describes a threat made remotely, stating a gang has the child and will harm them unless money is paid. This is considered extortion. The key difference lies in the immediacy of the threat and the presence of the child during the act. For instance, if your neighbor physically had your child and threatened to drop them while demanding money, it would likely be considered robbery. If the threat was made over the phone, it would be considered extortion. The Bharatiya Nyaya Sanhita 2023 clarifies these distinctions.","Bharatiya Nyaya Sanhita 2023, Sections (c) and (d)",Safe,procedural,BNS_2023__p91__c1,train
QA_267,"Suppose ek member Central Advisory Board pe disqualify ho gaya, toh kya hota hai? Seat vacate ho jaati hai, but kaise?",code_mixed,PWD Rights,Rights of Persons with Disabilities Act 2016,"Okay, so according to the Rights of Persons with Disabilities Act, 2016, if a Member of the Central Advisory Board gets disqualified – basically, they fall under the disqualifications mentioned in Section 62 – then their seat automatically becomes vacant. The Act doesn't go into *how* this disqualification happens, just that *if* it does, the seat is gone. It's a pretty straightforward process, no need for any formal resignation or anything like that. Think of it like this: let's say a member is found to be consistently violating the Board's code of conduct, and that’s deemed a disqualification under Section 62. Then, their seat is considered vacant immediately. The Board then needs to follow whatever procedure is prescribed for filling that vacant seat. Section 64 also mentions that the Board has to meet at least once every six months, and they follow their own rules for how they conduct business during these meetings. This whole process is governed by the Act, specifically Sections 62, 63, 64 and 65.","Rights of Persons with Disabilities Act 2016, Sections 62, 63, 64, 65",Safe,procedural,RPWD_Act_2016__p23__c1,train
QA_268,"अगर किसी मजिस्ट्रेट को लगता है कि मुझे ज़मानत के लिए बाध्य किया जाना चाहिए, तो वो ये कैसे तय करेगा कि ज़मानत की अवधि कितनी होनी चाहिए? क्या ये अवधि हमेशा तीन साल से ज़्यादा नहीं हो सकती?",hindi,Criminal Law,Bharatiya Nagarik Suraksha Sanhita 2023,"भारतीय नागरिक सुरक्षा संहिता 2023 (Bharatiya Nagarik Suraksha Sanhita 2023) के अनुसार, अगर मजिस्ट्रेट धारा 126, 127, 128 या 129 के तहत किसी व्यक्ति को ज़मानत के लिए बाध्य करने के लिए कह रहा है, तो वो ज़मानत की अवधि तय करते समय अपनी राय का इस्तेमाल करेगा। मजिस्ट्रेट यह तय करेगा कि व्यक्ति के अच्छे व्यवहार को सुनिश्चित करने के लिए ज़मानत की अवधि कितनी होनी चाहिए।  ज़मानत की अवधि अधिकतम तीन साल तक ही हो सकती है। मजिस्ट्रेट यह भी सुनिश्चित करेगा कि ज़मानत की राशि उचित हो। उदाहरण के लिए, मान लीजिए कि किसी व्यक्ति पर मामूली अपराध का आरोप है और मजिस्ट्रेट को लगता है कि उसे ज़मानत पर रिहा किया जा सकता है, तो मजिस्ट्रेट एक साल की ज़मानत का आदेश दे सकता है।  मजिस्ट्रेट को ज़मानत की अवधि तय करते समय अपराध की गंभीरता, व्यक्ति के पिछले आपराधिक रिकॉर्ड और भागने के जोखिम जैसे कारकों पर विचार करना होगा। मजिस्ट्रेट को लिखित में एक आदेश देना होगा जिसमें जानकारी का सार और ज़मानत की राशि बताई गई हो।","Bharatiya Nagarik Suraksha Sanhita 2023, Sections 126, 127, 128, 129, 130",Safe,procedural,BNSS_2023__p53__c0,test
QA_269,My friend encouraged a police officer not to stop a robbery that was about to happen. The robbery didn't actually take place. Can my friend still get into trouble for that?,english,Criminal Law,Indian Penal Code 1860,"Yes, your friend could potentially face legal consequences under the Indian Penal Code. Section 117 of the Indian Penal Code deals with abetting the commission of an offence. Specifically, subsection (d) addresses the scenario where someone (like your friend, 'B') encourages a public servant, such as a police officer ('A'), to not prevent an offence they are duty-bound to prevent – in this case, robbery. Even if the robbery itself doesn't occur, the act of abetting is still considered an offence. The law states that 'B' is liable to one-half of the maximum imprisonment term prescribed for robbery, along with a fine. For example, if the maximum punishment for robbery is 10 years, your friend could face up to 5 years imprisonment and a fine. This highlights the seriousness of interfering with law enforcement's ability to prevent crimes. The law aims to ensure public servants fulfill their duties without external pressure or encouragement to ignore their responsibilities.","Indian Penal Code, Section 117(d)",Safe,procedural,IPC_1860__p49__c0,train
QA_270,"Yaar, suppose I unknowingly give some wrong information to the police in a case, like I'm not sure about a detail. What kind of trouble can I get into, especially if it's a serious case?",code_mixed,Criminal Law,Bharatiya Nagarik Suraksha Sanhita 2023,"Okay, so according to the Bharatiya Nagarik Suraksha Sanhita 2023, giving or fabricating false evidence can land you in serious trouble. If it's just any other case, Section 229(2) says you could face imprisonment for up to 3 years and a fine of 5,000 rupees. It's a non-cognizable and bailable offence, meaning police can't arrest you without a warrant and you can get bail. But, things get much worse if the false evidence you provide leads to someone being convicted of a capital offence – that’s a really serious crime, like a death penalty case. In that scenario, Section 230(1) states you could face imprisonment for life, or a rigorous imprisonment of 10 years, along with a fine of 50,000 rupees. This is non-bailable and handled by the Court of Sessions.  Even more tragically, if an innocent person is convicted and executed because of your false evidence (Section 230(2)), the punishment can be death or the same 10-year imprisonment and fine. For example, imagine you tell police you saw someone at a crime scene, but you were mistaken. If that leads to an innocent person being wrongly convicted, the consequences are severe.  It's crucial to be absolutely sure of any information you provide to the police. Apni specific situation ke liye ek qualified lawyer se zaroor milein.","Bharatiya Nagarik Suraksha Sanhita 2023, Sections 229(2), 230(1), 230(2)",Safe,procedural,BNSS_2023__p198__c0,test
QA_271,"अगर मेरे परिवार का कोई सदस्य मानसिक बीमारी से जूझ रहा है और उसे किसी मानसिक स्वास्थ्य संस्थान में भर्ती कराया गया है, तो उसकी भर्ती को जारी रखने के लिए क्या प्रक्रिया है? क्या संस्थान अपने आप ही उसे निकाल नहीं सकता?",hindi,PWD Rights,Mental Healthcare Act 2017,"मानसिक स्वास्थ्य अधिनियम, 2017 (Mental Healthcare Act, 2017) के अनुसार, यदि किसी व्यक्ति को मानसिक बीमारी है और उसे मानसिक स्वास्थ्य संस्थान में भर्ती कराया गया है, तो उसकी भर्ती को जारी रखने के लिए एक निश्चित प्रक्रिया है। यदि कोई नामित प्रतिनिधि (nominated representative) भर्ती जारी रखने के लिए आवेदन करता है, तो संस्थान को उस व्यक्ति की भर्ती जारी रखनी होगी। लेकिन, इसके लिए ज़रूरी है कि पिछले सात दिनों में दो मनोचिकित्सकों (psychiatrists) ने व्यक्ति की स्वतंत्र रूप से जांच की हो और दोनों ने निष्कर्ष निकाला हो कि व्यक्ति को गंभीर मानसिक बीमारी है। यह निष्कर्ष जांच और अन्य लोगों से मिली जानकारी के आधार पर होना चाहिए। उदाहरण के लिए, मान लीजिए कि आपके पिताजी को डिप्रेशन है और उन्हें एक मानसिक स्वास्थ्य संस्थान में भर्ती कराया गया है। यदि आप उनकी ओर से भर्ती जारी रखने के लिए आवेदन करते हैं, तो संस्थान को यह सुनिश्चित करना होगा कि दो मनोचिकित्सकों ने उनकी जांच की है और वे सहमत हैं कि उन्हें अभी भी इलाज की आवश्यकता है। संस्थान बिना उचित प्रक्रिया के व्यक्ति को नहीं निकाल सकता। धारा 2 (2) इस प्रक्रिया को स्पष्ट करती है।","Mental Healthcare Act, 2017, Section 2(2)",Safe,procedural,Mental_Healthcare_Act_2017__p38__c0,test
QA_272,"If someone is committing a crime that lasts for a long time, like stealing electricity over several months, does the time limit for reporting that crime start over every day?",english,Criminal Law,Code of Criminal Procedure 1973,"The Code of Criminal Procedure, 1973 addresses this scenario in Section 472, specifically concerning 'Continuing offences.' It clarifies that when a crime is ongoing, a new limitation period begins at *every* moment the offence persists. This means the usual time limit for reporting a crime doesn't simply run out after a set period; it resets continuously as long as the illegal activity continues. This is designed to ensure that authorities can still take action even if the crime spans a considerable duration. For example, if someone is illegally tapping into an electricity supply and drawing power for six months, the limitation period for reporting this theft doesn't expire after six months; it effectively restarts each day the illegal connection remains active. Section 473 provides for extensions in certain cases, but this passage doesn't detail those circumstances. The key takeaway is that the clock keeps ticking for ongoing crimes. Please consult a qualified lawyer for your specific situation.","Code of Criminal Procedure 1973, Sections 472 & 473",Safe,procedural,CrPC_1973__p193__c0,train
QA_273,"Yeh Warrant to Attach Property ka form 55 kya hota hai? Aur ismein 'principal' ka matlab kya hai, police station ke officer ko warrant kaise issue hota hai?",code_mixed,Criminal Law,Bharatiya Nagarik Suraksha Sanhita 2023,"Okay, so this Form No. 55, it's basically a warrant – a legal order – issued by the police. It's under the Bharatiya Nagarik Suraksha Sanhita, 2023, specifically Section 491.  'Principal' here refers to the person who entered into a bond, a kind of agreement, to keep the peace.  Think of it like this: someone, let's say Rahul, got into trouble and promised the court he wouldn't cause any more problems. He gave a bond for a certain amount of rupees. If Rahul breaks that promise – if he violates the bond – then the police can use this warrant to attach his property. The warrant is issued to the police officer, like the Station House Officer (SHO) at a particular police station. The warrant details the person's name and description, the date they entered the bond, and the amount of rupees involved. It’s a way to ensure the person fulfills their promise and doesn't disrupt peace. The police officer then uses this warrant to seize Rahul’s property to ensure he fulfills his bond obligations.  It’s all about enforcing the bond agreement.  The Sanhita outlines the process for this attachment.","Bharatiya Nagarik Suraksha Sanhita, 2023 Section 491",Safe,procedural,BNSS_2023__p276__c0,train
QA_274,"मानसिक स्वास्थ्य देखभाल अधिनियम, 2017 के अनुसार, मैं अपने लिए 'नॉमिनेटेड रिप्रेजेंटेटिव' किसे चुन सकता हूँ? क्या इसका मतलब है कि अगर मुझे पहले मानसिक बीमारी रही है तो भी मैं ऐसा कर सकता हूँ?",hindi,PWD Rights,Mental Healthcare Act 2017,"मानसिक स्वास्थ्य देखभाल अधिनियम, 2017 की धारा 14 के अनुसार, आप अपनी पसंद के व्यक्ति या व्यक्तियों को 'नॉमिनेटेड रिप्रेजेंटेटिव' के रूप में नियुक्त कर सकते हैं। यह नियुक्ति आपकी प्राथमिकता के क्रम में होनी चाहिए। महत्वपूर्ण बात यह है कि यह अधिनियम आपको मानसिक बीमारी के इतिहास या उसके इलाज से स्वतंत्र रूप से ऐसा करने की अनुमति देता है। इसका मतलब है कि यदि आपको अतीत में मानसिक स्वास्थ्य संबंधी समस्याएँ रही हैं, तो भी आप भविष्य में अपनी देखभाल के लिए एक नॉमिनेटेड रिप्रेजेंटेटिव नियुक्त कर सकते हैं। यह निर्देश केवल तभी लागू होगा जब आप मानसिक स्वास्थ्य देखभाल या उपचार के निर्णय लेने की क्षमता खो देंगे, और तब तक प्रभावी रहेगा जब तक आप फिर से निर्णय लेने में सक्षम नहीं हो जाते। उदाहरण के लिए, मान लीजिए कि आपको अल्जाइमर रोग है और भविष्य में आप अपने इलाज के बारे में निर्णय लेने में असमर्थ हो सकते हैं। आप अपने बच्चे को नॉमिनेटेड रिप्रेजेंटेटिव नियुक्त कर सकते हैं ताकि वह आपकी ओर से निर्णय ले सके। धारा 2 में यह स्पष्ट किया गया है कि यह निर्देश किसी भी पूर्व मानसिक बीमारी या इलाज से प्रभावित नहीं होगा।","Mental Healthcare Act 2017, Section 14, Sub-section (1), (2)",Safe,procedural,Mental_Healthcare_Act_2017__p9__c0,val
QA_275,"My friend found a coin on the street. He didn't know if it was fake or altered, but he gave it to another person anyway. Could he get into trouble for that?",english,Criminal Law,Indian Penal Code 1860,"According to the Indian Penal Code, Section 250, your friend might face legal consequences if he delivered a coin knowing it had been altered or counterfeited. The law specifically addresses situations where someone possesses a coin related to an offence defined in Sections 246 or 248 (which deal with counterfeiting and altering coins) and *knows* that an offence has already occurred. Crucially, the delivery or attempt to induce someone to receive the coin must be done fraudulently or with the intention of committing fraud. For example, if your friend knew the coin was a fake, produced illegally, and then gave it to someone hoping they wouldn't realize it was fake, he could be held liable. Simply finding a coin and giving it away without any knowledge of its altered status wouldn't fall under this section. The key element is the knowledge of the prior offence and the fraudulent intent behind the delivery. The law aims to prevent the circulation of altered coins and protect the public from financial loss. Please consult a qualified lawyer for your specific situation.","Indian Penal Code Section 250, 246, 248",Safe,procedural,IPC_1860__p114__c0,train
QA_276,"Yaar, suppose someone, like A, pata karega ki dacoity hone wali hai, but phir woh Magistrate ko jhooth bol dega, keh dega ki dacoity C jagah hone wali hai, jo ki B se completely opposite direction mein hai. Toh usko kya punishment hogi? Maximum kiti saal jail ho sakti hai?",code_mixed,Criminal Law,Indian Penal Code 1860,"Okay, so according to the Indian Penal Code, 1860, if someone like A knowingly misleads a Magistrate with false information about a dacoity, intending to help the dacoity happen, they can face serious consequences. The passage specifically mentions that if the dacoity *is* committed because of this misleading information, the person can be imprisoned for up to seven years. And even if the dacoity *doesn't* happen, they still could get imprisoned for up to three years. Plus, there's also a fine involved in either case.  Think of it this way: A knows a robbery is planned at a bank (B), but tells the police it's happening at a school across town (C). This diverts the police, making it easier for the robbers to succeed. That's exactly the kind of scenario the law addresses. The intent to facilitate the crime is key here. It's not just about lying; it's about lying to help a crime happen. This section aims to prevent obstruction of justice and ensure law enforcement isn't misled.  It's a serious offense under the law.","Indian Penal Code, 1860 - Illustration A (Implied Section related to False Information to Public Servant)",Safe,procedural,IPC_1860__p50__c0,train
QA_277,"अगर कोई महिला किसी ऐसे घर में काम करती है जहाँ उसे वेतन मिलता है, लेकिन वह जगह 'वर्किंग प्लेस' की परिभाषा में नहीं आती, तो उसके साथ अगर यौन उत्पीड़न होता है तो किससे शिकायत करनी चाहिए?",hindi,Women's Rights,Sexual Harassment of Women at Workplace Act 2013,"Sexual Harassment of Women at Workplace (Prevention, Prohibition and Redressal) Act, 2013 के अनुसार, अगर कोई महिला घरेलू कामगार है और उसका कार्यस्थल उप-खंड (i) के अंतर्गत नहीं आता है, लेकिन राज्य के क्षेत्र में आता है, तो उसे राज्य सरकार के पास शिकायत दर्ज करानी चाहिए। Act में 'स्थानीय शिकायत समिति' (Local Complaints Committee) की नियुक्ति का प्रावधान है, जो इन मामलों की जांच करती है। उदाहरण के लिए, मान लीजिए कि एक महिला किसी परिवार के घर में नौकरानी के तौर पर काम करती है और वहां उसके साथ यौन उत्पीड़न होता है। चूंकि यह जगह किसी कंपनी या संगठन का हिस्सा नहीं है, इसलिए उसे सीधे कंपनी के आंतरिक शिकायत निवारण समिति (Internal Complaints Committee) के पास नहीं जा सकता। ऐसे में, उसे राज्य सरकार को सूचित करना होगा, जो आगे कार्रवाई करेगी। Act का उद्देश्य यह सुनिश्चित करना है कि हर महिला, चाहे वह किसी भी प्रकार का काम करती हो, सुरक्षित माहौल में काम कर सके।","Sexual Harassment of Women at Workplace Act, 2013, Section 7, sub-clause (i), sub-clause (ii), (c), (d), (e)",Safe,procedural,POSH_Act_2013__p4__c0,test
QA_278,"If my child's abuser is also accused of another crime, like theft, can the court handle both cases at the same time?",english,Children's Rights,Protection of Children from Sexual Offences Act 2012,"Yes, according to the Protection of Children from Sexual Offences Act (POCSO), 2012, a Special Court can try multiple offences simultaneously. Section 2(2) of the Act states that while trying a case under POCSO, the Special Court can also try any other offence, as per the Code of Criminal Procedure, 1973, with which the accused could be charged. This means the court doesn't necessarily need to have separate trials for each crime. For example, if someone is accused of sexually abusing a child and also stealing from the child's family, the Special Court can handle both the POCSO case and the theft case in a single trial. This aims to streamline the legal process and avoid unnecessary delays for the victim and the court. However, it's important to note that this provision only applies to offences that the accused can be charged with under the Code of Criminal Procedure. The Act also clarifies that existing Child Rights Courts or Special Courts designated for similar purposes are considered Special Courts under POCSO. Please consult a qualified lawyer for your specific situation.","Protection of Children from Sexual Offences Act, 2012, Section 2(2)",Safe,procedural,POCSO_2012__p12__c1,train
QA_279,"Yaar, suppose Central Government ko lagta hai ki State Governments National Food Security Act ko properly implement nahi kar rahe hain, toh Central Government kya kar sakta hai? They can just, you know, tell them to do better, or is there something more official?",code_mixed,Labour and Social Welfare,National Food Security Act 2013,"According to the National Food Security Act, 2013, Section 38 gives the Central Government significant power. Basically, if the Central Government feels that State Governments aren't effectively implementing the Act's provisions, they can issue directions – as many times as they deem necessary. These aren't just suggestions; State Governments are legally bound to comply with these directions. It's a pretty strong mechanism to ensure the Act is followed uniformly across the country. For example, let's say the Central Government notices that some states aren't distributing food grains to eligible beneficiaries as per the Act's guidelines. They can then direct those states to improve their distribution system and provide regular updates. Section 38 ensures that the Central Government has the authority to oversee and guide the implementation process. The Act also states that any notifications issued under this section must be laid before both Houses of Parliament. This ensures transparency and accountability.","National Food Security Act 2013, Section 38",Safe,procedural,National_Food_Security_Act_2013__p14__c1,train
QA_280,"अगर मैं किसी कंपनी से 10 करोड़ रुपये से ज़्यादा का सामान खरीदता हूँ और मुझे लगता है कि अनुबंध अनुचित है, तो मुझे क्या करना चाहिए?",hindi,Consumer and Cyber Law,Consumer Protection Act 2019,"उपभोक्ता संरक्षण अधिनियम, 2019 के अनुसार, यदि आप किसी कंपनी से 10 करोड़ रुपये से अधिक मूल्य का सामान या सेवा खरीदते हैं और आपको लगता है कि अनुबंध अनुचित है, तो आप शिकायत दर्ज कर सकते हैं। अधिनियम की धारा 21(b)(ii) में यह स्पष्ट रूप से उल्लेख किया गया है कि इस तरह की शिकायतों को निपटाया जा सकता है। मान लीजिए, आपने एक रियल एस्टेट डेवलपर से 12 करोड़ रुपये का एक अपार्टमेंट खरीदा, और अनुबंध में ऐसी शर्तें हैं जो आपके लिए अनुचित हैं, जैसे कि अचानक निर्माण लागत में भारी वृद्धि या देरी के लिए कोई मुआवजा नहीं। ऐसे में, आप उपभोक्ता अदालत में शिकायत दर्ज कर सकते हैं। यह ध्यान रखना महत्वपूर्ण है कि केंद्रीय सरकार आवश्यकतानुसार इस मूल्य सीमा को बदल सकती है। अधिनियम आपको उपभोक्ता विवादों को हल करने के लिए एक मंच प्रदान करता है, जहाँ आप अपने अधिकारों की रक्षा कर सकते हैं।","Consumer Protection Act, 2019, Section 21(b)(ii)",Safe,procedural,Consumer_Protection_Act_2019__p26__c1,test
QA_281,"If I encourage someone to commit a crime, but they don't actually go through with it, can I still be arrested and punished?",english,Criminal Law,Bharatiya Nyaya Sanhita 2023,"According to the Bharatiya Nyaya Sanhita 2023, Section 56 addresses the punishment for abetment of an offence. The law states that if you abet an offence punishable with imprisonment, you *can* be held liable even if the crime isn't committed as a direct result of your encouragement, *provided* there isn't a specific provision within the Sanhita outlining a different punishment for the abetment itself. In such cases, the punishment would be imprisonment, the type and length of which would be determined based on the original offence. The maximum imprisonment term you could face would be one-fourth of the longest possible sentence for that original crime. For example, if the crime you abetted carries a maximum sentence of 20 years imprisonment, the maximum you could be sentenced for abetment would be 5 years. This highlights that encouraging criminal activity, even if unsuccessful, can still have serious legal consequences. The law aims to deter individuals from inciting others to commit crimes. Please consult a qualified lawyer for your specific situation.","Bharatiya Nyaya Sanhita 2023, Section 56",Safe,procedural,BNS_2023__p34__c0,train
QA_282,"Sir, prosecution ne witness examine kar liya, toh accused ko defence mein evidence present karne ka right hai na? Aur agar Magistrate chahe toh cross-examination ko postpone bhi kar sakta hai, right?",code_mixed,Criminal Law,Code of Criminal Procedure 1973,"Haan, absolutely! According to the Code of Criminal Procedure, 1973, once the prosecution has finished examining all their witnesses, the accused is given the opportunity to present their defence and provide their own evidence. This is clearly stated in Section 243.  The Magistrate will then ask the accused to start his defence. If the accused submits a written statement, the Magistrate will keep it as part of the official record. Now, regarding your second point, yes, the Magistrate has the power to defer the cross-examination of a witness or even recall a witness for further questioning. This is mentioned in the provision preceding Section 243. For example, if a witness's testimony is crucial to the accused's defence but they are currently unavailable, the Magistrate can postpone their cross-examination until they are present.  The Magistrate has discretion in managing the proceedings to ensure a fair trial.  It's all about ensuring both sides get a chance to present their case properly.","Code of Criminal Procedure, 1973, Sections 243 and preceding provision",Safe,procedural,CrPC_1973__p116__c1,train
QA_283,"अगर किसी व्यक्ति को अदालत में जुर्माना लगाया जाता है, तो उस जुर्माने की रकम का क्या होता है? क्या वह पूरी तरह से सरकार के खजाने में चला जाता है?",hindi,Criminal Law,Code of Criminal Procedure 1973,"भारतीय दंड प्रक्रिया संहिता, 1973 (Code of Criminal Procedure, 1973) के अनुसार, जब कोई अदालत किसी व्यक्ति को जुर्माना लगाती है, तो अदालत उस जुर्माने की रकम का कुछ या पूरा हिस्सा मुकदमे चलाने में हुए खर्चों को पूरा करने के लिए इस्तेमाल कर सकती है। इसका मतलब है कि जुर्माने की रकम का उपयोग पुलिस, वकील, और अदालत के कर्मचारियों के वेतन, सबूत इकट्ठा करने और अन्य संबंधित खर्चों को कवर करने के लिए किया जा सकता है। उदाहरण के लिए, मान लीजिए कि किसी व्यक्ति को चोरी के आरोप में 5000 रुपये का जुर्माना लगाया गया है। अदालत यह आदेश दे सकती है कि जुर्माने की 1000 रुपये का उपयोग मुकदमे के खर्चों को पूरा करने के लिए किया जाए। बाकी 4000 रुपये सरकार के खजाने में जमा हो सकते हैं। यह प्रावधान धारा 357 में दिया गया है। अदालत के पास यह अधिकार है कि वह जुर्माने की पूरी रकम या उसका कुछ हिस्सा खर्चों के लिए इस्तेमाल करने का आदेश दे।","Code of Criminal Procedure, 1973, Section 357",Safe,procedural,CrPC_1973__p156__c1,train
QA_284,Can the Indian Parliament create new courts if they think the existing ones aren't handling laws properly?,english,Constitutional Law,Constitution of India,"Yes, according to Article 247 of the Constitution of India, Parliament has the power to establish additional courts through legislation. This power is specifically granted to improve the administration of laws made by Parliament itself, or existing laws related to subjects listed in the Union List. The Union List covers areas of national importance like defense, foreign affairs, and currency. This doesn't override any other provisions in Chapter V of the Constitution. Furthermore, Article 248(1) grants Parliament exclusive power to legislate on any matter not listed in the Concurrent List or the State List. This includes the power to impose taxes not already mentioned in those lists. For example, if Parliament passes a new law concerning cybercrime, and the existing court system is overwhelmed, it can create specialized cyber courts to handle these cases efficiently. This demonstrates Parliament's ability to adapt the judicial system to meet evolving legislative needs. The power is rooted in ensuring effective implementation of laws passed by the legislature.","Constitution of India, Article 247, Article 248(1)",Safe,procedural,Constitution_of_India__p153__c0,train
QA_285,"Okay, so if someone, like, they do something wrong, but the court finds out they weren't in their right mind at that time – like, they didn't even know what they were doing was wrong – what happens then? Does the case still go on?",code_mixed,Criminal Law,Bharatiya Nagarik Suraksha Sanhita 2023,"According to the Bharatiya Nagarik Suraksha Sanhita 2023, if an accused person is found to be of unsound mind at the time of committing an offence, and therefore incapable of understanding the nature of the act or that it was wrong, the Magistrate will proceed with the case. However, the crucial point is that if the accused should ideally be tried by the Court of Session (a higher court), the Magistrate will then commit them for trial before the Court of Session. This means the case doesn't just disappear; it's transferred to a court better equipped to handle the situation. For example, imagine a person with severe mental illness, experiencing a psychotic episode, commits an act that would normally be considered a crime. If it's proven they were genuinely unaware of their actions' wrongfulness due to their mental state, they might be acquitted based on this provision. The Sanhita specifically addresses this scenario to ensure fairness and appropriate legal proceedings. It’s a safeguard for individuals whose mental state significantly impacted their actions. The focus is on ensuring the right court handles the case, even with this mitigating circumstance. 

Apni specific situation ke liye ek qualified lawyer se zaroor milein.","Bharatiya Nagarik Suraksha Sanhita 2023, Sections 373",Safe,procedural,BNSS_2023__p132__c0,train
QA_286,"अगर किसी व्यक्ति को आजीवन कारावास या 10 साल या उससे ज़्यादा की जेल की सजा सुनाई जाती है, तो आगे की कार्यवाही कौन करेगा? क्या यह सजा मजिस्ट्रेट या सत्र न्यायालय द्वारा दी जा सकती है?",hindi,Criminal Law,Code of Criminal Procedure 1973,"भारतीय दंड प्रक्रिया संहिता, 1973 (Code of Criminal Procedure, 1973) के अनुसार, यदि किसी व्यक्ति को आजीवन कारावास या 10 साल या उससे अधिक की जेल की सजा सुनाई जाती है, तो यह सजा प्रथम श्रेणी के मजिस्ट्रेट (Magistrate of the first class) या सत्र न्यायालय (Court of Session) द्वारा दी जा सकती है। यदि किसी व्यक्ति को मृत्युदंड की सजा सुनाई जाती है, तो भी आजीवन कारावास या 10 साल और जुर्माना लगाया जा सकता है, और यह भी सत्र न्यायालय द्वारा ही दिया जाएगा। उदाहरण के लिए, मान लीजिए किसी व्यक्ति को चोरी के गंभीर मामले में आजीवन कारावास की सजा सुनाई जाती है। इस मामले में, सत्र न्यायालय इस सजा को सुना सकता है। यदि कोई लोक सेवक (public servant) जानबूझकर किसी अपराधी को पकड़ने में विफल रहता है या उसे भागने देता है, तो उसे 3 साल तक की जेल या जुर्माना या दोनों हो सकते हैं, और यह सजा गैर-संज्ञेय ज़मानती मजिस्ट्रेट (Non-cognizable Bailable Magistrate) द्वारा दी जाएगी।","Code of Criminal Procedure, 1973, Sections 225A",Safe,procedural,CrPC_1973__p206__c0,train
QA_287,My child has a disability and we are looking to adopt internationally. Does this give us an advantage in the adoption process?,english,Children's Rights,Juvenile Justice (Care and Protection of Children) Act 2015,"According to the Juvenile Justice (Care and Protection of Children) Act 2015, children with physical and mental disabilities may indeed be given preference in inter-country adoptions. Section 41(1) of the Act specifically states that such children, along with siblings and children over five years old, can be prioritized. However, this preference is subject to the adoption regulations that are framed by the Authority. These regulations will outline the specific criteria and procedures for considering these children for international adoption. For example, if a child with Down syndrome is available for adoption, the Authority might prioritize applications from families with experience or resources to support a child with that specific condition. Furthermore, the Act also prioritizes non-resident Indians, overseas citizens of India, and persons of Indian origin for inter-country adoption. It's important to understand that preference doesn't guarantee adoption, but it does indicate a potential advantage in the selection process. The Authority’s regulations are key to understanding the full scope of this preference.","Juvenile Justice (Care and Protection of Children) Act 2015, Section 41(1)",Safe,procedural,Juvenile_Justice_Act_2015__p33__c0,train
QA_288,"Okay, so, agar main kisi ke liye bail ka surety stand karta hoon, toh mujhe court ko kya declare karna padega? Kya mujhe sab logon ke naam batana padega jinke liye main pehle bhi surety raha hoon?",code_mixed,Criminal Law,Bharatiya Nagarik Suraksha Sanhita 2023,"According to the Bharatiya Nagarik Suraksha Sanhita 2023, Section 486, if you are standing surety for someone getting bail, you *have* to make a declaration to the court. This declaration needs to include the total number of people you've stood surety for, including the person you're currently bailing out. You also need to give all the relevant details – basically, you need to be transparent about your previous surety engagements.  Section 487 then clarifies that once the bail bond is executed, the accused should be released, and if they're in jail, the court will send a release order to the jail officer.  For example, let's say you've been surety for two people before, and now you're doing it for your friend accused of a minor offense. You need to tell the court about those previous two cases, along with the details. It's important to be honest and provide accurate information to avoid any complications later on.  The whole process is designed to ensure accountability and proper adherence to bail conditions.  Remember, this is just about the declaration process itself, not the bail conditions. Apni specific situation ke liye ek qualified lawyer se zaroor milein.","Bharatiya Nagarik Suraksha Sanhita 2023, Sections 486 & 487",Safe,procedural,BNSS_2023__p163__c0,train
QA_289,"अगर राष्ट्रपतिजी कोई proclamation जारी करते हैं, तो उसे संसद में कब तक पेश करना होता है और वो कितने समय तक लागू रहता है?",hindi,Constitutional Law,Constitution of India,"भारतीय संविधान के अनुच्छेद 356 के तहत राष्ट्रपतिजी द्वारा जारी किया गया proclamation (Presidential Proclamation) संसद में पेश किया जाना अनिवार्य है। इसे प्रत्येक सदन (House) में पेश किया जाना चाहिए। इसके बाद, proclamation दो महीने की अवधि के लिए ही लागू रहता है, जब तक कि संसद के दोनों सदनों द्वारा इसे मंजूरी नहीं दे दी जाती। इसका मतलब है कि दो महीने के भीतर, संसद को proclamation को मंजूरी देने के लिए संकल्प पारित करना होगा। उदाहरण के लिए, मान लीजिए कि राष्ट्रपतिजी किसी राज्य में संवैधानिक आपातकाल घोषित करते हैं। यह proclamation दो महीने में संसद द्वारा अनुमोदित किया जाना चाहिए। यदि ऐसा नहीं होता है, तो यह स्वतः ही समाप्त हो जाएगा। यदि इस दौरान लोकसभा भंग हो जाती है या लोकसभा का विघटन होता है, तो राज्य परिषद (Council of States) द्वारा अनुमोदित होने पर भी proclamation को मंजूरी के लिए नए लोकसभा के पास जाना होगा।","Constitution of India, Article 356(b), 356(c)",Safe,procedural,Constitution_of_India__p229__c0,test
QA_290,My neighbor is forcing his 14-year-old son to sell small packets of cannabis in the market. What punishment will he face if caught?,english,Children's Rights,Juvenile Justice (Care and Protection of Children) Act 2015,"According to the Juvenile Justice (Care and Protection of Children) Act 2015, using a child for activities related to intoxicating substances carries severe penalties. Specifically, Section 79 addresses exploitation of a child employee, and the preceding sections deal with the use of children in illicit drug activities. If your neighbor is found to be using his son for vending, peddling, carrying, supplying, or smuggling cannabis (a narcotic drug), he faces rigorous imprisonment for up to seven years. Furthermore, he will also be liable to a fine of up to one lakh rupees. This law overrides any other existing laws that might seem to offer a lesser penalty. For example, if he argues that he’s simply helping his son earn money, the law still applies, and he’ll face these consequences. The Act aims to protect children from exploitation and involvement in illegal activities. It’s crucial to report such instances to the authorities to ensure the child's safety and well-being and to hold the exploiter accountable.","Juvenile Justice (Care and Protection of Children) Act 2015, Section 79",Safe,procedural,Juvenile_Justice_Act_2015__p38__c1,train
QA_291,"Yaar, IT Act mein likha hai ki agar koi rule ya regulation electronic form mein publish ho gaya hai, toh kya phir paper document ki zaroorat nahi rahegi? Basically, if something is already available digitally, do I still need to provide a physical copy?",code_mixed,Consumer and Cyber Law,Information Technology Act 2000,"According to the Information Technology Act, 2000, if a rule, regulation, order, by-law, notification, or any other relevant matter is already published in electronic form, then the requirement for providing a physical document is generally deemed to be satisfied. The Act specifically states that existing provisions for auditing documents, records, or information that are already in force, also apply to those processed and maintained electronically. So, if a government notification, for example, is available on their official website, you likely wouldn't need to submit a printed copy unless specifically asked for. Section 9 clarifies that the Act doesn't give anyone the right to insist on a document being accepted in electronic form, but it does acknowledge the validity of electronic documentation if it fulfills existing audit requirements. This is a significant shift towards digital governance. However, it's crucial to understand that this doesn't negate all paper requirements; it simply provides an alternative. Apni specific situation ke liye ek qualified lawyer se zaroor milein.","Information Technology Act, 2000, Section 9",Safe,procedural,IT_Act_2000__p10__c1,train
QA_292,"अगर किसी सर्टिफाइंग अथॉरिटी का लाइसेंस निलंबित कर दिया जाता है, तो क्या वे निलंबन के दौरान डिजिटल हस्ताक्षर प्रमाणपत्र जारी कर सकते हैं?",hindi,Consumer and Cyber Law,Information Technology Act 2000,"सूचना प्रौद्योगिकी अधिनियम, 2000 के अनुसार, यदि किसी सर्टिफाइंग अथॉरिटी का लाइसेंस निलंबित किया जाता है, तो वे निलंबन की अवधि के दौरान कोई भी इलेक्ट्रॉनिक हस्ताक्षर प्रमाणपत्र जारी नहीं कर सकते हैं। अधिनियम का धारा 26(3) स्पष्ट रूप से यह कहता है कि निलंबित लाइसेंस वाले सर्टिफाइंग अथॉरिटी को निलंबन के दौरान कोई प्रमाणपत्र जारी करने की अनुमति नहीं है। उदाहरण के लिए, मान लीजिए कि 'सुरक्षित हस्ताक्षर' नामक एक सर्टिफाइंग अथॉरिटी का लाइसेंस नियंत्रक द्वारा कुछ नियमों का उल्लंघन करने के कारण दस दिनों के लिए निलंबित कर दिया गया है। इस निलंबन के दौरान, 'सुरक्षित हस्ताक्षर' किसी भी व्यक्ति को डिजिटल हस्ताक्षर प्रमाणपत्र जारी नहीं कर सकता है, चाहे वह पहले से ग्राहक हो या नया। यह सुनिश्चित करता है कि निलंबित अथॉरिटी द्वारा जारी किए गए प्रमाणपत्रों की वैधता पर सवाल न उठें और जनता का विश्वास बना रहे। निलंबन की अवधि से अधिक समय तक लाइसेंस निलंबित नहीं किया जा सकता, और सर्टिफाइंग अथॉरिटी को निलंबन के खिलाफ अपना पक्ष रखने का उचित अवसर दिया जाना चाहिए।","Information Technology Act, 2000, Section 26(3)",Safe,procedural,IT_Act_2000__p15__c0,train
QA_293,"If the police suspect my neighbor is selling stolen goods from their house, can they just search it without asking me anything?",english,Criminal Law,Bharatiya Nagarik Suraksha Sanhita 2023,"According to the Bharatiya Nagarik Suraksha Sanhita 2023, the police can obtain a warrant to search a suspected place of deposit, like a house, if they have information and conducted an inquiry that leads them to believe it's being used for illegal activities such as storing or selling stolen property. The warrant is issued to a police officer above the rank of a constable. The warrant will specifically describe the house or place being searched. It's important to note that the passage doesn't mention any requirement for consulting the homeowner or neighbors before obtaining this warrant. For example, if police receive a tip that a particular house is regularly used to sell electronics believed to be stolen, they could seek a warrant to search that house. The warrant must be based on credible information and a preliminary investigation. The law outlines a process for obtaining authorization before conducting such a search. The passage only details the warrant itself, not the process of obtaining it. Please consult a qualified lawyer for your specific situation.","Bharatiya Nagarik Suraksha Sanhita 2023, Section 97",Safe,procedural,BNSS_2023__p231__c0,test
QA_294,"Yeh Pradhan Mantri Matru Vandana Yojana mein, delivery ke baad mujhe kitne rupay milenge? Aur yeh kaise pata chalega ki mujhe incentive milega ya nahi?",code_mixed,Government Schemes,Pradhan Mantri Matru Vandana Yojana Guidelines,"Okay, so according to the Pradhan Mantri Matru Vandana Yojana guidelines, you're eligible for a total of around ₹6000. Now, how it works is this: you'll receive an incentive under the Janani Suraksha Yojana (JSY) for having an institutional delivery – meaning you delivered at a hospital or clinic. This JSY incentive will be counted towards your overall maternity benefits under the PMVVY.  Plus, you get the three installments under the Yojana itself.  The first installment is given after at least one ante-natal check-up (ANC), and the third installment, which is ₹2000, is given after the child is registered and has completed the first cycle of BCG, OPV, DPT, and Hepatitis-B vaccinations.  For example, if you have a delivery at a government hospital and get the JSY incentive of, say, ₹4000, that will be accounted for, and you'll receive the remaining ₹2000 in installments under PMVVY.  It's all conditional on getting those vaccinations done.  So, make sure you keep all your records handy. Pradhan Mantri Matru Vandana Yojana Section 2.3.2 and 2.4.1.",Pradhan Mantri Matru Vandana Yojana Sections 2.3.2 & 2.4.1,Safe,procedural,PMMVY_Maternity_Scheme__p17__c0,test
QA_295,"अगर मैं किसी को चोट पहुँचा देता हूँ, तो क्या यह हमेशा अपराध होगा? क्या कुछ परिस्थितियाँ हैं जिनमें मुझे दोषी नहीं ठहराया जा सकता?",hindi,Criminal Law,Indian Penal Code 1860,"भारतीय दंड संहिता, 1860 के अनुसार, किसी व्यक्ति को चोट पहुँचाना अपराध हो सकता है, लेकिन कुछ अपवाद भी हैं। यह इस बात पर निर्भर करता है कि चोट कितनी गंभीर है और चोट पहुँचाने वाले व्यक्ति का इरादा क्या था। धारा 84 में कुछ अपवादों का उल्लेख है। उदाहरण के लिए, यदि आपने किसी व्यक्ति को चोट पहुँचाई है, लेकिन आपका इरादा उसे नुकसान पहुँचाने का नहीं था, और आपको यह भी नहीं पता था कि आपकी कार्रवाई से उसे चोट लग सकती है, तो आपको दोषी नहीं ठहराया जा सकता। हालांकि, यदि आपने जानबूझकर किसी को चोट पहुँचाई है, या आपको पता था कि आपकी कार्रवाई से उसे गंभीर चोट लग सकती है, तो आप दोषी ठहराए जा सकते हैं। मान लीजिए, आप किसी को बचाने के लिए धक्का देते हैं और उसे मामूली चोट लगती है, तो यह अपराध नहीं होगा। लेकिन, यदि आप गुस्से में किसी को मारते हैं और उसे गंभीर चोट लगती है, तो यह अपराध होगा। यह ध्यान रखना महत्वपूर्ण है कि यह केवल एक सामान्य जानकारी है और हर मामले की परिस्थितियाँ अलग होती हैं।","Indian Penal Code, 1860 Section 84",Safe,procedural,IPC_1860__p33__c0,train
QA_296,"If a magistrate doesn't follow the usual procedures for dealing with an assault case (section 325) or a case involving a minor (section 360), can they still punish the accused?",english,Criminal Law,Code of Criminal Procedure 1973,"Yes, according to the Code of Criminal Procedure, 1973, a magistrate can still pass a sentence on an accused person even if they didn't strictly adhere to sections 325 or 360. Section 252(2) states that if the magistrate finds the accused guilty, they must pass a sentence according to the law. This means that procedural deviations don't automatically invalidate a conviction. Furthermore, Section 255 allows a magistrate to convict someone of an offence triable under this chapter, regardless of the original complaint or summons, provided they are satisfied that the accused won't be unfairly prejudiced. For example, imagine a magistrate handling a theft case where the initial complaint was vague, but the evidence clearly proves the accused committed the crime. The magistrate can still convict them. The key is ensuring fairness and preventing prejudice to the accused, even if the initial process wasn't perfect. The magistrate retains the power to deliver justice within the bounds of the law. Please consult a qualified lawyer for your specific situation.","Code of Criminal Procedure, 1973, Sections 252(2), 255, 325, 360",Safe,procedural,CrPC_1973__p120__c0,test
QA_297,"Yaar, suppose A ne Z ki ek picture bana di ki Z, B ki watch leke bhaag raha hai, aur A chaahta hai ki log maane ki Z ne watch churaayi. Kya yeh defamation hai? Aur agar A sach bol raha hai, toh phir kya hota hai? Explain karo thoda.",code_mixed,Criminal Law,Indian Penal Code 1860,"Okay, so according to the Indian Penal Code, 1860, this *could* be defamation. Basically, if A draws a picture intending people to believe Z stole B's watch, it's potentially defamatory. However, there are exceptions. The first exception is really important – it says that if A is telling the truth, and it's for the 'public good' to make that statement, then it's *not* defamation.  'Public good' is a tricky thing, it's a question of fact that a court would decide.  Think of it this way: if a journalist publishes a picture showing a corrupt government official accepting a bribe, even if it's a picture, it could be considered public good, even if it's potentially damaging to the official’s reputation. The second exception deals with public servants and their public conduct, but that's not relevant to this specific scenario. The key takeaway is that truth, when made for public good, is a defense against defamation under this section.  It's not always straightforward, though.","Indian Penal Code, 1860, Section 499 (Exceptions 1 & 2)",Safe,definitional,IPC_1860__p219__c0,train
QA_298,"अगर मेरे पति/पत्नी बिना किसी उचित कारण के मुझसे दूर रह रहे हैं, तो मैं क्या कर सकती हूँ? मुझे अदालत में कैसे जाना होगा और क्या अदालत मुझे वापस लाने का आदेश दे सकती है?",hindi,Women's Rights,Hindu Marriage Act 1955,"हिंदू विवाह अधिनियम, 1955 के अनुसार, यदि आपके पति या पत्नी ने बिना किसी उचित कारण के आपसे दूर रहने का फैसला किया है, तो आप जिला न्यायालय में याचिका दायर करके अपने वैवाहिक अधिकारों की बहाली के लिए आवेदन कर सकती हैं। न्यायालय इस याचिका की सच्चाई से संतुष्ट होने के बाद और यह सुनिश्चित करने के बाद कि आपके आवेदन को अस्वीकार करने का कोई कानूनी आधार नहीं है, आपको वैवाहिक अधिकारों की बहाली का आदेश दे सकता है। इसका मतलब है कि अदालत आपके पति/पत्नी को आपसे फिर से साथ रहने का आदेश देगी। उदाहरण के लिए, मान लीजिए कि आपके पति/पत्नी ने बिना किसी ठोस कारण के, जैसे कि कोई गंभीर विवाद या कानूनी मामला, आपको छोड़कर कहीं और रहने चले गए हैं। इस स्थिति में, आप अदालत में याचिका दायर करके उन्हें वापस लाने का अनुरोध कर सकती हैं। अदालत आपकी याचिका पर सुनवाई करेगी और उचित फैसला देगी। यह ध्यान रखना महत्वपूर्ण है कि अदालत केवल तभी आदेश देगी जब उसे यह विश्वास हो जाएगा कि आपके पति/पत्नी ने बिना किसी उचित कारण के आपसे दूर रहने का फैसला किया है।","Hindu Marriage Act, 1955 Section 9",Safe,procedural,Hindu_Marriage_Act_1955__p5__c1,train
QA_299,"If the Central Authority is having trouble doing its job, can the Central Government step in and take over?",english,PWD Rights,Mental Healthcare Act 2017,"Yes, the Central Government has the power to supersede the Central Authority under the Mental Healthcare Act, 2017. Section 112(1) states that if the Central Government believes the Central Authority is unable to perform its functions or duties due to circumstances beyond its control, the government can intervene. This provision is designed to ensure continuity of care and proper functioning of the mental healthcare system. For example, if a natural disaster severely disrupts the Central Authority's operations and prevents them from fulfilling their responsibilities, the Central Government could temporarily take over to ensure patients continue to receive necessary support. However, before the Central Government makes any decisions, Section 112(1) also specifies that the Authority should, as far as possible, be given a chance to share its views. Ultimately, the Central Government’s decision on whether a situation warrants superseding the Central Authority is final.","Mental Healthcare Act 2017, Section 112(1)",Safe,procedural,Mental_Healthcare_Act_2017__p45__c1,train
QA_300,"Yaar, mujhe yeh samajh nahi aa raha hai, Bharatiya Nyaya Sanhita 2023 mein punishments ke baare mein kya rules hain? Basically, punishments kaise decide hote hain?",code_mixed,Criminal Law,Bharatiya Nyaya Sanhita 2023,"Okay, so according to the Bharatiya Nyaya Sanhita 2023, Chapter II deals specifically with punishments. Section 4 outlines the punishments that can be imposed. It's a broad section, but it establishes the framework. Then, Section 5 talks about 'Commutation of Sentence,' which means reducing a sentence – maybe because of good behavior or some other reason. Section 6 discusses how punishment terms can be broken down into fractions, and Section 7 clarifies that in certain imprisonment cases, the sentence can be either 'rigorous' (hard labor) or 'simple' (without labor).  For example, if someone is convicted of theft, the court might decide on a rigorous imprisonment sentence if they have a history of similar offenses, or a simple imprisonment sentence if it's a first-time offense.  Section 8 covers fines – how much they can be, and what happens if you don't pay. Finally, Section 9 addresses situations where an offense is made up of multiple smaller offenses, and Section 10 deals with punishing the guilty person. The whole chapter lays out the legal basis for determining and applying punishments.  It's quite detailed, but these are the key points from the passage. Apni specific situation ke liye ek qualified lawyer se zaroor milein.","Bharatiya Nyaya Sanhita 2023, Sections 4, 5, 6, 7, 8, 9, 10",Safe,procedural,BNS_2023__p3__c0,train
QA_301,"मानसिक स्वास्थ्य सेवाओं के लिए राज्य प्राधिकरण के पास कौन-कौन सी संपत्ति मानी जाएगी? क्या इसमें केवल नकद राशि और बैंक खाते शामिल हैं, या कुछ और भी शामिल है?",hindi,PWD Rights,Mental Healthcare Act 2017,"मानसिक स्वास्थ्य अधिनियम, 2017 (Mental Healthcare Act, 2017) के अनुसार, राज्य प्राधिकरण के पास मानसिक स्वास्थ्य सेवाओं के लिए जो भी संपत्ति है, वह राज्य प्राधिकरण के पास मानी जाएगी। इसमें केवल नकद राशि और बैंक खाते ही नहीं, बल्कि सभी प्रकार की चल और अचल संपत्तियां शामिल हैं। उदाहरण के लिए, यदि राज्य प्राधिकरण के पास कोई जमीन, भवन, या कोई अन्य संपत्ति है, तो वह भी राज्य प्राधिकरण की संपत्ति मानी जाएगी। इसके अतिरिक्त, इसमें सभी प्रकार के निवेश, अधिकार और ऐसे संपत्तियों से उत्पन्न होने वाले अन्य लाभ भी शामिल हैं। राज्य प्राधिकरण की देनदारियों में सभी ऋण और दायित्व भी शामिल हैं। मान लीजिए कि राज्य प्राधिकरण ने किसी मानसिक स्वास्थ्य संस्थान के निर्माण के लिए ऋण लिया है, तो वह ऋण भी राज्य प्राधिकरण की देनदारी मानी जाएगी। अधिनियम में यह स्पष्ट किया गया है कि राज्य प्राधिकरण के पास सभी संबंधित खाते और दस्तावेज भी होंगे।","Mental Healthcare Act, 2017, Section (Passage does not specify a section number, but refers to the Act generally)",Safe,procedural,Mental_Healthcare_Act_2017__p23__c1,val
QA_302,My child hasn't been to school yet. What does the law say about this?,english,Children's Rights,Right to Education Act 2009,"The Right to Education Act, 2009 addresses situations where children haven't attended or completed elementary education. Section 4 of the Act outlines 'Special provisions for children not admitted to, or who have not completed, elementary education.' Essentially, it mandates that the appropriate government must identify out-of-school children and provide them with an opportunity to complete their elementary education. This means the government has a responsibility to ensure these children are enrolled and receive the necessary support to catch up. For example, if a child has migrated with their family and hasn't been enrolled in a new school, the government must actively locate them and facilitate their admission. The Act aims to bridge the gap and ensure no child is left behind due to circumstances preventing their initial or continued schooling. It’s a crucial provision for ensuring equitable access to education for all children within India. The Act prioritizes getting these children back into the education system. Please consult a qualified lawyer for your specific situation.","Right to Education Act, 2009 Section 4",Safe,procedural,RTE_Act_2009__p1__c0,train
QA_303,"Yeh Protection of Women from Domestic Violence Act, ismein rules banane ka power kiske paas hai? Aur yeh Act dusre laws ko affect nahi karta, yeh kaafi clear hai na?",code_mixed,Women's Rights,Protection of Women from Domestic Violence Act 2005,"According to the Protection of Women from Domestic Violence Act 2005, the Central Government has the power to make rules. Section 37(1) specifically states that the Central Government can do this through a notification. Basically, they can create rules to help carry out the Act's provisions. It's important to understand that this Act doesn't override any other existing laws. Section 36 makes it very clear – it's 'in addition to, and not in derogation of' other laws. So, it works alongside other legal frameworks. For example, if a woman is seeking maintenance under Hindu Law, and also needs protection under this Act, both can be pursued simultaneously. The Act doesn't stop her from using other legal avenues. The government can make rules to implement the Act, but it doesn't change or invalidate other laws already in place. This ensures a comprehensive approach to protecting women facing domestic violence.","Protection of Women from Domestic Violence Act 2005, Sections 36 & 37",Safe,procedural,PWDVA_2005__p11__c1,train
QA_304,"अगर कोई व्यक्ति मानसिक रूप से अस्थिर है और उसने मुझ पर हमला किया, तो क्या मुझे आत्मरक्षा का अधिकार होगा? मुझे कैसे पता चलेगा कि मुझे आत्मरक्षा का अधिकार कब इस्तेमाल करना चाहिए?",hindi,Criminal Law,Bharatiya Nyaya Sanhita 2023,"भारतीय न्याय संहिता, 2023 के अनुसार, यदि कोई व्यक्ति मानसिक रूप से अस्थिर है, या उसकी समझदारी में कमी है, या वह नशे में है, या यदि उसने किसी गलतफहमी के कारण कोई कार्य किया है, तो भी उसे आत्मरक्षा का समान अधिकार होगा, जैसे कि वह कार्य सामान्य अपराध नहीं होता। इसका मतलब है कि यदि कोई मानसिक रूप से अस्थिर व्यक्ति आप पर हमला करता है, तो भी आप अपनी सुरक्षा के लिए उचित कदम उठा सकते हैं। उदाहरण के लिए, मान लीजिए कि 'ज़ेड' नामक एक व्यक्ति, जो मानसिक रूप से अस्थिर है, 'ए' नामक व्यक्ति को मारने की कोशिश करता है। ऐसे में, 'ज़ेड' किसी अपराध के लिए दोषी नहीं ठहराया जाएगा, लेकिन 'ए' को आत्मरक्षा का पूरा अधिकार होगा, जैसे कि 'ज़ेड' सामान्य अवस्था में होता। यह अधिकार आपको यह समझने में मदद करता है कि किसी व्यक्ति की मानसिक स्थिति या गलतफहमी के कारण होने वाले खतरे के खिलाफ आप अपनी रक्षा कर सकते हैं। यह ध्यान रखना महत्वपूर्ण है कि आत्मरक्षा का अधिकार तभी लागू होता है जब खतरा वास्तविक और तत्काल हो। धारा 96 इस अधिकार को स्पष्ट करती है।","भारतीय न्याय संहिता, 2023 धारा 96",Safe,procedural,BNS_2023__p28__c1,test
QA_305,"If my friend and I are accused of the same crime, and my friend admits guilt in court, can that admission be used against me, even if I didn't confess anything?",english,Criminal Law,Indian Evidence Act 1872,"Yes, potentially. According to the Indian Evidence Act, 1872, Section 30, a confession made by one person jointly accused with another for the same offence can be considered by the court even against the other accused. This means that if your friend confesses and their confession implicates you in the crime, the court can take that into account when deciding your case. It doesn't matter if you weren't warned about your right to remain silent or if you didn't confess yourself. For example, if both you and your friend are accused of theft, and your friend admits to stealing the item but says you helped him plan it, the court can consider that statement when assessing your involvement. The court is allowed to consider the confession to determine the extent of each person's involvement. However, the court must carefully evaluate the confession’s reliability and relevance before using it against you. Please consult a qualified lawyer for your specific situation.","Indian Evidence Act 1872, Section 30",Safe,procedural,Indian_Evidence_Act_1872__p22__c0,train
QA_306,"Yaar, mujhe ek doubt hai. IT Act mein likha hai fees ka payment kaise hoga, electronic record create karte waqt?  Koi specific rule hai kya, ya government decide karega?",code_mixed,Consumer and Cyber Law,Information Technology Act 2000,"Okay, so according to the Information Technology Act, 2000, specifically section 6A, the manner or method of payment for fees or charges related to filing, creating, or issuing electronic records isn't explicitly detailed in this passage. It just states that the appropriate Government can authorize service providers to set up and maintain computerised facilities for delivering services electronically.  The key thing here is that the government, through an order, will decide *how* these fees will be paid.  Think of it like this: maybe they'll allow online payment through UPI, or perhaps they'll have designated bank branches.  The passage doesn't specify, it just gives the government the power to decide.  It's all about ensuring efficient delivery of services through electronic means.  This section focuses on authorizing service providers, not detailing the payment process itself.  It’s a broad authorization for the government to delegate this responsibility.  So, the specifics will depend on the government's order.","Information Technology Act, 2000, Section 6A",Safe,procedural,IT_Act_2000__p10__c0,train
QA_307,"अगर किसी पर अपराध का आरोप लगाया जाता है, तो उसके साथ क्या होता है? क्या उसे तुरंत सजा हो जाएगी?",hindi,Criminal Law,Bharatiya Nagarik Suraksha Sanhita 2023,"भारतीय नागरिक सुरक्षा संहिता 2023 (Bharatiya Nagarik Suraksha Sanhita 2023) के अनुसार, जब किसी पर अपराध का आरोप लगाया जाता है, तो मजिस्ट्रेट (Magistrate) सबसे पहले उस आरोप को आरोपी (accused) को पढ़कर सुनाएगा और समझाएगा। फिर, मजिस्ट्रेट आरोपी से पूछेगा कि क्या वह उस आरोप को स्वीकार करता है या उसे मुकदमे की सुनवाई (trial) चाहिए। यदि आरोपी आरोप स्वीकार कर लेता है, तो मजिस्ट्रेट उसका रिकॉर्ड करेगा और अपनी विवेकाधिकार (discretion) से उसे दोषी (convict) भी घोषित कर सकता है। उदाहरण के लिए, मान लीजिए किसी व्यक्ति पर चोरी का आरोप है और वह स्वीकार करता है कि उसने चोरी की है, तो मजिस्ट्रेट उसे दोषी घोषित कर सकता है। लेकिन, अगर आरोपी आरोप स्वीकार नहीं करता है या मुकदमे की सुनवाई चाहता है, तो मजिस्ट्रेट गवाहों की गवाही के लिए एक तारीख तय करेगा। धारा 264 और 265 में इस प्रक्रिया का वर्णन किया गया है।  यह ध्यान रखना महत्वपूर्ण है कि सिर्फ आरोप लगने से सजा नहीं होती; उचित कानूनी प्रक्रिया का पालन किया जाना चाहिए।","Bharatiya Nagarik Suraksha Sanhita 2023, Sections 264 & 265",Safe,procedural,BNSS_2023__p99__c0,test
QA_308,"My girlfriend is pregnant, and she says she doesn't want the baby. What are the legal consequences if someone tries to force her to have an abortion against her will?",english,Criminal Law,Bharatiya Nagarik Suraksha Sanhita 2023,"The Bharatiya Nagarik Suraksha Sanhita 2023 outlines serious legal repercussions for actions related to pregnancy and abortion. Specifically, Section 90 deals with offenses concerning miscarriage. If someone causes a miscarriage without a woman's consent, they face imprisonment for life or a term of 10 years, along with a fine. This is considered a cognizable and non-bailable offense, meaning the police can arrest without a warrant, and bail is not easily granted. Furthermore, if the act results in the death of the fetus, the punishment is imprisonment for 10 years and a fine. For example, if a man forces his partner to undergo a procedure intending to terminate the pregnancy without her agreement, he could face life imprisonment. The law also addresses actions intended to prevent a child from being born alive or to cause it to die after birth, carrying a potential imprisonment of 10 years. All these offenses are to be tried in a Court of Session, a higher court with more judicial power. Please consult a qualified lawyer for your specific situation.","Bharatiya Nagarik Suraksha Sanhita 2023, Section 90",Safe,procedural,BNSS_2023__p180__c0,train
QA_309,Magistrate ko summary trial ke dauran agar lagta hai ki case summarily try karna theek nahi hai toh unko kya karna chahiye? Aur ye kaise decide hoga ki case summarily try kar sakte hain ya nahi?,code_mixed,Criminal Law,Bharatiya Nagarik Suraksha Sanhita 2023,"Okay, so according to the Bharatiya Nagarik Suraksha Sanhita 2023, if a Magistrate is conducting a summary trial – which is a faster, simpler way of dealing with certain offences – and during the trial, they feel that the case is not suitable for a summary trial, they have a specific procedure to follow. Basically, they need to recall any witnesses they’ve already examined. They can’t just continue with the summary trial. They have to then re-hear the entire case, following the regular procedures outlined in the Sanhita. 

Section 283 and 284 tell us about this. The High Court can also give Magistrates of the second class the power to conduct summary trials for offences that are only punishable with fines. For example, if someone is accused of a minor traffic violation punishable only with a fine, a Magistrate of the second class might be able to handle it quickly through a summary trial. But if during that trial, new evidence emerges suggesting a more serious crime, the Magistrate would need to stop the summary trial and proceed with a full hearing. It’s all about ensuring fairness and proper investigation. 

Apni specific situation ke liye ek qualified lawyer se zaroor milein.","Bharatiya Nagarik Suraksha Sanhita 2023, Sections 283 & 284",Safe,procedural,BNSS_2023__p103__c1,val
QA_310,"अगर किसी आदमी पर बलात्कार का मुकदमा चल रहा है और महिला गवाही देते हुए कहती है कि उसके साथ यौन संबंध सहमति से नहीं हुआ, तो अदालत को क्या मानना होगा?",hindi,Criminal Law,Indian Evidence Act 1872,"भारतीय साक्ष्य अधिनियम, 1872 की धारा 114A में इस स्थिति को स्पष्ट किया गया है। यदि किसी व्यक्ति पर धारा 376, उप-धारा (2) के किसी भी खंड (a से n तक) के तहत बलात्कार का मुकदमा चल रहा है, और अभियोजन पक्ष यह साबित कर देता है कि आरोपी ने यौन संबंध स्थापित किया, तो अदालत को यह मानना होगा कि यह यौन संबंध महिला की सहमति के बिना हुआ है, जब तक कि महिला अपने गवाही में यह न बताए कि सहमति थी। इसका मतलब है कि आरोपी को यह साबित करना होगा कि महिला ने सहमति दी थी, न कि महिला को यह साबित करना होगा कि सहमति नहीं थी। उदाहरण के लिए, यदि किसी महिला को अपने पति द्वारा जबरदस्ती यौन संबंध बनाने के लिए मजबूर किया जाता है, तो अदालत धारा 114A के तहत मान सकती है कि सहमति नहीं थी। यह अधिनियम महिलाओं को न्याय दिलाने में मदद करने के लिए बनाया गया है, क्योंकि अक्सर बलात्कार के मामलों में सहमति साबित करना मुश्किल होता है।","Indian Evidence Act 1872, Section 114A, Indian Penal Code 45 of 1860, Section 376(2)",Safe,procedural,Indian_Evidence_Act_1872__p50__c0,test
QA_311,"If the police think I'm hiding to plan a crime, can they just throw me in jail without a trial?",english,Criminal Law,Bharatiya Nagarik Suraksha Sanhita 2023,"The Bharatiya Nagarik Suraksha Sanhita 2023 outlines a process if the police believe someone is concealing their presence within a district with the intention of committing a cognizable offence. According to Form No. 17, if the police find reason to believe this, they can issue a warrant of commitment to jail. This isn't a trial; it's a measure taken when they believe you pose a risk. The warrant is directed to the officer in charge of the jail, essentially ordering your detention. For example, if someone is suspected of planning a robbery and is found hiding in a different district than where the robbery is planned, the police might use this procedure. The passage doesn't detail the length of this detention or the process for release, only that a warrant can be issued based on the suspicion of concealing presence and intent to commit a cognizable offence. It’s important to understand this is a preventative measure, not a conviction based on guilt. The Act and Section 141 govern this process.","Bharatiya Nagarik Suraksha Sanhita 2023, Section 141",Safe,procedural,BNSS_2023__p236__c0,train
QA_312,"Yeh IPC ke amendments, matlab changes, kaise hue? Act 3 of 1951 ne kya badla, aur Act 10 of 1927 ne kya changes kiye?",code_mixed,Criminal Law,Indian Penal Code 1860,"Okay, so according to the passage, the Indian Penal Code, 1860, has seen quite a few changes over the years. Act 3 of 1951, Section 3 and Schedule, substituted 'the States' for something that was previously there – the passage doesn't specify what exactly. Act 10 of 1927, Section 2 and Schedule I, made multiple substitutions. It replaced 'and Navy' with something else, and also changed 'or sailor' and 'or Navy' with different wording.  It also substituted 'and soldier' and removed references to 'Articles of War'.  There were also amendments through A.O. 1950, replacing 'Queen' with a different term.  Act 27 of 1870 inserted a section, and Act 25 of 1934 also added something through its Schedule. For example, imagine a historical case where the Navy's role was different; Act 10 of 1927 would have reflected that change in the legal language. These amendments show how the IPC has been updated to reflect changes in the country and its legal system.  It's a continuous process of refinement.  The passage only details the substitutions, not the reasons behind them.","Indian Penal Code 1860, Act 3 of 1951, s. 3, Act 10 of 1927, s. 2, Act 27 of 1870, Act 25 of 1934",Safe,explanatory,IPC_1860__p59__c0,train
QA_313,मुझे समझ नहीं आ रहा कि 'गोद लेना' का कानूनी मतलब क्या है? क्या गोद लिए गए बच्चे को जैविक माता-पिता के साथ कोई अधिकार या रिश्ता रहता है?,hindi,Children's Rights,Juvenile Justice (Care and Protection of Children) Act 2015,"Juvenile Justice (Care and Protection of Children) Act, 2015 के अनुसार, 'गोद लेना' एक ऐसी प्रक्रिया है जिसके द्वारा गोद लिए गए बच्चे को उसके जैविक माता-पिता से स्थायी रूप से अलग कर दिया जाता है और वह कानूनी रूप से अपने दत्तक माता-पिता का बच्चा बन जाता है। इसका मतलब है कि गोद लिए गए बच्चे को एक जैविक बच्चे के समान सभी अधिकार, विशेषाधिकार और जिम्मेदारियां प्राप्त होती हैं। जैविक माता-पिता का उसके जीवन में कोई कानूनी अधिकार नहीं रहता। उदाहरण के लिए, मान लीजिए कि एक बच्चा अनाथालय में है और एक दंपत्ति उसे गोद लेना चाहता है। गोद लेने की प्रक्रिया पूरी होने के बाद, वह बच्चा कानूनी रूप से उस दंपत्ति का बच्चा बन जाएगा, जैसे कि वे बच्चे को जन्म से ही अपने साथ पा रहे हों। जैविक माता-पिता अब बच्चे के लिए कोई कानूनी अभिभावक नहीं होंगे और बच्चे को उनके साथ रहने का कोई अधिकार नहीं होगा। Act के Section 2 में इस प्रक्रिया को स्पष्ट रूप से परिभाषित किया गया है।","Juvenile Justice (Care and Protection of Children) Act, 2015, Section 2",Safe,definitional,Juvenile_Justice_Act_2015__p7__c0,train
QA_314,"If I buy a washing machine and it breaks down shortly after purchase due to a fault in how it was made, can I sue the company that made it?",english,Consumer and Cyber Law,Consumer Protection Act 2019,"Yes, you potentially can. The Consumer Protection Act, 2019 outlines product liability, allowing you to take action against the manufacturer if a product is defective and causes you harm. Section 83 of the Act states that a product liability action can be brought against a product manufacturer, product service provider, or product seller. Specifically, Section 84(1)(a) clarifies that a product manufacturer is liable if the product contains a manufacturing defect. This means if the washing machine wasn't made correctly, leading to its breakdown and causing you inconvenience or damage, you have grounds for a claim. For example, if a washing machine’s drum is improperly welded, causing it to crack and flood your house, you could sue the manufacturer for the resulting damage. The Act aims to protect consumers from harm caused by faulty products. It’s important to understand that this is a simplified explanation and the specifics of your case will determine the outcome. Please consult a qualified lawyer for your specific situation.","Consumer Protection Act, 2019, Sections 83 & 84",Safe,procedural,Consumer_Protection_Act_2019__p31__c1,test
QA_315,"Court ko agar koi offence dekhne ko mile, toh kya court kar sakti hai? Kya procedure follow karna padta hai?",code_mixed,Criminal Law,Code of Criminal Procedure 1973,"Okay, so according to the Code of Criminal Procedure, 1973, if a court observes an offence being committed, it has a few options. First, it has to give the offender a reasonable chance – a 'showing cause' opportunity, you know – to explain why they shouldn't be punished. Then, the court can choose to conduct a 'summary trial,' which is a quicker, less formal process.  They can sentence the person to up to three months imprisonment, a fine of up to five hundred rupees, or both. For example, imagine a vendor selling expired food items. The court might observe this and give them a chance to explain, then proceed with a summary trial and impose a fine.  The court *must* follow the procedure usually used for summary trials as closely as possible. However, the court also retains the power to file a formal complaint under Section 340 if it decides not to proceed with the summary trial. This section doesn't restrict that power at all. Basically, it gives the court flexibility in how they handle the situation.  It's all about ensuring fairness and efficient justice.  (Code of Criminal Procedure, 1973, Sections 281(1), (2), (3))","Code of Criminal Procedure, 1973, Sections 281(1), (2), (3)",Safe,procedural,CrPC_1973__p153__c0,train
QA_316,"अगर मैं महात्मा गांधी राष्ट्रीय ग्रामीण रोजगार गारंटी अधिनियम के तहत कोई काम करते समय गलती से कुछ ऐसा कर देता हूँ जो भारतीय दंड संहिता के तहत अपराध माना जा सकता है, लेकिन मेरा इरादा अच्छा था, तो क्या होगा?",hindi,Labour and Social Welfare,Mahatma Gandhi National Rural Employment Guarantee Act 2005,"महात्मा गांधी राष्ट्रीय ग्रामीण रोजगार गारंटी अधिनियम, 2005 (MGNREGA) की धारा 31 में यह स्पष्ट किया गया है कि यदि कोई व्यक्ति इस अधिनियम या इसके तहत बनाए गए नियमों और योजनाओं के तहत अच्छे विश्वास में कुछ करता है या करने का इरादा रखता है, तो भारतीय दंड संहिता की धारा 21 लागू नहीं होगी। इसका मतलब है कि यदि आपका इरादा ईमानदार था और आपने अधिनियम के प्रावधानों का पालन करने की कोशिश की थी, तो आपको दंडित नहीं किया जाएगा, भले ही आपके कार्य से कोई नुकसान हुआ हो। उदाहरण के लिए, मान लीजिए कि आप एक तालाब की खुदाई कर रहे हैं और गलती से एक पुरानी पाइपलाइन तोड़ देते हैं जिससे पानी लीक होने लगता है। यदि आपने यह काम अच्छे विश्वास में किया था और नुकसान पहुंचाने का कोई इरादा नहीं था, तो आप भारतीय दंड संहिता के तहत अपराध के लिए उत्तरदायी नहीं होंगे। अधिनियम सरकार को नियम बनाने की शक्ति भी देता है ताकि अधिनियम के प्रावधानों को प्रभावी ढंग से लागू किया जा सके। यह सुनिश्चित करता है कि अधिनियम के तहत काम करने वाले लोगों को अच्छे इरादे से किए गए कार्यों के लिए अनावश्यक रूप से दंडित न किया जाए।","MGNREGA Section 31, Indian Penal Code Section 21",Safe,procedural,NREGA_2005__p12__c1,val
QA_317,"If several states want to share a single Public Service Commission, how does that actually happen?",english,Constitutional Law,Constitution of India,"According to Article 312(2) of the Constitution of India, multiple states can indeed agree to form a joint Public Service Commission. This isn't automatic, though. First, the states involved must pass a resolution. If there's only one legislative house in a state, that house needs to pass the resolution. If there are two houses (like the Legislative Assembly and Legislative Council), both houses of each state must approve the resolution. Once these resolutions are passed, Parliament can then create a law establishing the Joint State Public Service Commission. This law can include any necessary or consequential provisions to ensure the commission functions effectively. For example, imagine Karnataka, Kerala, and Tamil Nadu wanting to share a commission for recruiting engineers. They would each need to pass resolutions in their respective legislatures, and then Parliament would need to enact a law to formally create the Joint Commission. The law would detail the commission's powers, responsibilities, and how it will operate across the three states. The passage doesn't specify the exact process Parliament follows after the resolutions are passed, only that it *may* create the law.","Constitution of India, Article 312(2)",Safe,procedural,Constitution_of_India__p186__c0,train
QA_318,"Yeh Maternity Benefit Act 1961 mein, agar ek woman factory ya establishment mein kaam karti hai, toh usko maternity benefit kab milna shuru hoga? Aur Employees’ State Insurance Act apply hone ke case mein kya rule hai?",code_mixed,Women's Rights,Maternity Benefit Act 1961,"Okay, so according to the Maternity Benefit Act, 1961, a woman already employed in a factory or establishment continues to be entitled to maternity benefit. Basically, her existing rights don't disappear just because she's pregnant. However, Section 5B specifically addresses situations where the Employees’ State Insurance Act, 1948 also applies. This means if your establishment falls under both acts, the maternity benefit rules are a bit more defined.  For example, let's say Priya is working in a textile mill. The mill is covered by both the Maternity Benefit Act and the Employees’ State Insurance Act. Priya's wages, excluding overtime, need to exceed the amount specified in sub-clause (b) of Section 5B to be eligible for maternity benefits under this specific provision. The Act clarifies that she's still entitled, but the ESI Act's provisions also come into play regarding the amount and process. It's important to note that this section focuses on establishments where the ESI Act applies.  The Act doesn't specify the exact wage amount, it just mentions 'the amount specified'.","Maternity Benefit Act, 1961 - Section 5B",Safe,procedural,Maternity_Benefit_Act_1961__p10__c0,train
QA_319,"अगर मुझे पता चले कि कोई व्यक्ति किसी गंभीर अपराध को करने की योजना बना रहा है, तो मुझे पुलिस को क्या करना चाहिए?",hindi,Criminal Law,Bharatiya Nagarik Suraksha Sanhita 2023,"भारतीय नागरिक सुरक्षा संहिता 2023 (Bharatiya Nagarik Suraksha Sanhita 2023) के अनुसार, यदि आपको किसी गंभीर अपराध (cognizable offence) को करने की योजना के बारे में जानकारी मिलती है, तो आपको तुरंत पुलिस को सूचित करना चाहिए। धारा 169 में यह स्पष्ट रूप से कहा गया है कि ऐसी जानकारी पुलिस को देनी आवश्यक है। उदाहरण के लिए, मान लीजिए कि आपको पता चलता है कि कुछ लोग किसी सार्वजनिक कार्यक्रम में तोड़फोड़ करने की योजना बना रहे हैं। इस स्थिति में, आपको तुरंत पुलिस को सूचित करना चाहिए ताकि वे आवश्यक कार्रवाई कर सकें और संभावित नुकसान को रोक सकें। पुलिस इस जानकारी का उपयोग अपराध को रोकने और अपराधियों को पकड़ने के लिए करेगी। यह ध्यान रखना महत्वपूर्ण है कि जानकारी देने में देरी से गंभीर परिणाम हो सकते हैं। पुलिस को जानकारी देने से आप कानून का पालन कर रहे हैं और समाज की सुरक्षा में योगदान दे रहे हैं।","Bharatiya Nagarik Suraksha Sanhita 2023, Section 169",Safe,procedural,BNSS_2023__p6__c0,train
QA_320,"I'm curious, how many representatives from different states will be on this council, and who decides that number?",english,Labour and Social Welfare,Mahatma Gandhi National Rural Employment Guarantee Act 2005,"According to the Mahatma Gandhi National Rural Employment Guarantee Act 2005, the Central Government has the power to determine the number of representatives from each state that will be part of the Central Council. This determination is done through rules established by the Central Government. The Act doesn't specify a fixed number; it leaves it to the Central Government's discretion to decide how many representatives each state should have. For example, if the Central Government believes that states with larger rural populations require more representation to ensure their concerns are adequately addressed, they could set a higher number of representatives for those states. Furthermore, the Act also outlines that the Central Government will prescribe the terms and conditions for appointing the Chairperson and other members of the Central Council, as well as the procedures for meetings, including the required quorum. This demonstrates the Central Government's significant role in structuring and managing the Central Council. Please consult a qualified lawyer for your specific situation.","Mahatma Gandhi National Rural Employment Guarantee Act 2005, Section (e), Section 4, Section 11(1)",Safe,procedural,NREGA_2005__p7__c0,test
QA_321,"Yaar, suppose ek witness hai, jo case mein bohot important statement de sakta hai, lekin police ko lagta hai ki woh disappear ho jayega ya phir usse milna bahut mushkil hai. Then kya hota hai? Can uski deposition, jo record kar li gayi hai, use court mein evidence ke taur pe use kiya ja sakta hai?",code_mixed,Criminal Law,Bharatiya Nagarik Suraksha Sanhita 2023,"According to the Bharatiya Nagarik Suraksha Sanhita (BNSS) 2023, yes, it is possible. The law states that if a witness is dead, incapable of giving evidence, cannot be found, or their presence cannot be procured without unreasonable delay, expense, or inconvenience, their recorded deposition can be used as evidence against the accused. This is applicable during the inquiry or trial for the offence they are charged with.  

For example, imagine a case where a crucial witness saw the crime happen, but they suddenly leave the country due to a family emergency.  Police can then use the deposition recorded before they left as evidence. The key is that procuring their presence would be unreasonable under the circumstances.  The BNSS allows for this flexibility to ensure justice isn't hindered by logistical difficulties in securing witness testimony, especially in serious cases involving death or life imprisonment. It’s a safeguard against situations where a vital witness becomes unavailable.  This provision is designed to facilitate fair trials even when witness availability is a challenge. 

Bharatiya Nagarik Suraksha Sanhita 2023, Section (Implied from passage context - no specific section number provided).",Bharatiya Nagarik Suraksha Sanhita 2023 (Implied),Safe,procedural,BNSS_2023__p114__c1,train
QA_322,"अगर कोई किसी जहाज को नुकसान पहुंचाता है, तो उसे कितने साल की जेल हो सकती है?",hindi,Criminal Law,Indian Penal Code 1860,"भारतीय दंड संहिता, 1860 के सेक्शन 437 के अनुसार, यदि कोई व्यक्ति किसी डेक्ड जहाज (decked vessel) या 20 टन या उससे अधिक भार वाले जहाज को नुकसान पहुंचाता है, जिसका इरादा उसे नष्ट करने या असुरक्षित बनाने का है, तो उसे दस साल तक की कैद और जुर्माने से दंडित किया जा सकता है। यहाँ 'डेक्ड जहाज' का मतलब है एक ऐसा जहाज जिसकी ऊपरी सतह पर डेक (deck) बनी हुई है। यह कानून जहाजों की सुरक्षा और समुद्री व्यापार को सुरक्षित रखने के लिए बनाया गया है। उदाहरण के लिए, मान लीजिए कि कोई व्यक्ति किसी मालवाहक जहाज में आग लगा देता है ताकि वह डूब जाए, तो उसे इस धारा के तहत दोषी ठहराया जा सकता है। इस धारा में यह भी शामिल है कि यदि किसी को पता है कि उसके कार्य से जहाज असुरक्षित हो सकता है, तो भी वह दोषी माना जाएगा। यह कानून जहाजों के मालिकों और कर्मचारियों के लिए एक महत्वपूर्ण सुरक्षा उपाय है। इस कानून का उद्देश्य जहाजों को जानबूझकर नुकसान पहुंचाने वालों को रोकना है।","Indian Penal Code, 1860 Section 437",Safe,procedural,IPC_1860__p193__c0,train
QA_323,My organization helps children with cerebral palsy and receives funding from the National Trust. How often are we required to have our annual general meeting?,english,PWD Rights,"National Trust for Welfare of Persons with Autism, Cerebral Palsy, Mental Retardation and Multiple Disabilities Act 1999","According to the National Trust for Welfare of Persons with Autism, Cerebral Palsy, Mental Retardation and Multiple Disabilities Act, 1999, your organization is required to hold an annual general meeting (AGM) every year. Section 20(1) of the Act mandates this. The law specifies that the time between one AGM and the next cannot exceed six months. This means you must schedule your AGMs regularly to comply with the Act’s requirements. For instance, if you held your AGM on January 15th, 2024, you would need to hold the next one no later than July 15th, 2024. The Act also requires that you send a notice of the AGM, along with a statement of accounts and records of your activities from the previous year, to the Board. This ensures transparency and accountability in how the financial assistance from the Trust is being utilized and managed by registered organizations. Failure to adhere to this schedule could potentially impact your organization’s funding. Please consult a qualified lawyer for your specific situation.","National Trust Act, 1999, Section 20(1)",Safe,procedural,National_Trust_Act_1999__p9__c0,train
QA_324,"Yeh Form No. 52 kya hai? Agar mujhe ye notice mile toh mujhe kya karna chahiye, aur kitne din ka time milega?",code_mixed,Criminal Law,Code of Criminal Procedure 1973,"Okay, so this Form No. 52, according to the Code of Criminal Procedure, 1973, is a notice related to the forfeiture of a bond you’ve given – a bond to keep the peace, basically. It means you previously promised not to do something, and now there's proof that you might have broken that promise. The notice is being sent to you, the person who gave the bond.  It’s telling you that the court has recorded proof of this forfeiture. Now, you have two options. You can either pay the penalty amount mentioned in the bond, or you can show cause – meaning you can explain to the court why they shouldn't enforce that penalty against you. You have a specific number of days, as mentioned in the notice, to do either of these things. For example, let's say you gave a bond not to harass a neighbour, and now there's evidence you did. You'll get this notice.  It's crucial to respond within the given timeframe.  This is all under Section 446 of the Code of Criminal Procedure.  Ignoring it can lead to serious consequences. Apni specific situation ke liye ek qualified lawyer se zaroor milein.","Code of Criminal Procedure, 1973 Section 446",Safe,procedural,CrPC_1973__p258__c0,train
QA_325,"अगर कोई व्यक्ति किसी अपराध को खुद नहीं करता, लेकिन किसी और को करने के लिए साजिश रचता है, तो क्या वह भी दोषी माना जा सकता है? यह कैसे काम करता है?",hindi,Criminal Law,Indian Penal Code 1860,"भारतीय दंड संहिता, 1860 के अनुसार, यदि कोई व्यक्ति किसी अपराध को खुद नहीं करता है, लेकिन किसी अपराध को अंजाम देने के लिए साजिश में शामिल होता है, तो वह भी दोषी माना जा सकता है। इसका मतलब है कि अपराध करने के लिए योजना बनाने और उसे आगे बढ़ाने में मदद करने वाला व्यक्ति भी अपराध के लिए जिम्मेदार हो सकता है। उदाहरण के लिए, मान लीजिए कि 'अ' और 'ब' मिलकर 'स' को जहर देने की योजना बनाते हैं। 'अ' जहर देने का काम करने वाला है। 'ब' योजना के बारे में 'क' को बताता है कि एक तीसरा व्यक्ति जहर देगा, लेकिन 'अ' का नाम नहीं बताता। 'क' जहर लाने और 'ब' को देने के लिए सहमत हो जाता है। 'अ' जहर देता है और 'स' की मृत्यु हो जाती है। इस मामले में, 'अ', 'ब' और 'क' तीनों ही दोषी हो सकते हैं, भले ही 'क' ने जहर न दिया हो। यह साजिश में उनकी भागीदारी के कारण है। भारतीय दंड संहिता की धारा 149 इस तरह के मामलों में सामूहिक जिम्मेदारी के सिद्धांत को संबोधित करती है।","Indian Penal Code, 1860 Section 149",Safe,procedural,IPC_1860__p44__c0,train
QA_326,"If a Magistrate issues an order against me, can I challenge it in a regular court like a civil court?",english,Criminal Law,Code of Criminal Procedure 1973,"According to the Code of Criminal Procedure, 1973, Section 134, an order made by a Magistrate under this section cannot be challenged in a Civil Court. This means that if a Magistrate issues an order, you generally cannot appeal it directly to a civil court. However, the law provides a process for you to respond to the order. If you object to appearing before the Magistrate, you have the right to appear before another Executive Magistrate who is subordinate to the original Magistrate. This subordinate Magistrate will then fix a time and place for you to 'show cause,' essentially explaining why the Magistrate’s initial order shouldn’t be made permanent. For example, if a Magistrate orders you to stop obstructing a public pathway, and you disagree, you can request to appear before a different Magistrate to explain your reasons. The passage also clarifies that a 'public place' includes not just roads, but also state property and areas used for recreation or sanitation. The law aims to keep these matters within the criminal justice system, preventing interference from civil courts.","Code of Criminal Procedure 1973, Section 134",Safe,procedural,CrPC_1973__p72__c1,train
QA_327,"Yaar, main ek gaon mein rehta hoon. Mujhe MNREGA ke under kaam chahiye, toh mujhe job card kaise mil sakta hai? Process kya hai, bhai?",code_mixed,Labour and Social Welfare,Mahatma Gandhi National Rural Employment Guarantee Act 2005,"Okay, so according to the Mahatma Gandhi National Rural Employment Guarantee Act, 2005, agar aap ek adult member hain, and you live in a rural area and are willing to do unskilled manual work, toh you have the right to get a job card. Basically, you need to go to the Gram Panchayat in your village – that’s the local government body. There, you have to submit your name, age, and the address of your household.  It’s a simple registration process.  For example, let's say Ramu lives in a village and wants work. He goes to the Gram Panchayat, gives them his details, and they register his household for a job card.  This is for everyone, including single women, disabled people, older people, those who were previously bonded labourers – everyone who’s willing to work.  The Gram Panchayat is responsible for issuing these job cards.  It’s a fundamental right under this Act to be able to register and get a job card if you meet these criteria.  This ensures you can access employment opportunities under MNREGA.  Remember, this is just the initial step.","MGNREGA Act, 2005, Schedule II, Clause 1",Safe,procedural,NREGA_2005__p25__c0,val
QA_328,"अगर मैं अपने बच्चों और पत्नी के लिए मासिक भरण-पोषण (maintenance) के लिए आवेदन करता हूँ, तो मुझे यह आवेदन कब तक निपटाया जाना चाहिए?",hindi,Criminal Law,Code of Criminal Procedure 1973,"भारतीय दंड प्रक्रिया संहिता, 1973 (Code of Criminal Procedure, 1973) के अनुसार, यदि आप अपने बच्चों और पत्नी के लिए मासिक भरण-पोषण के लिए आवेदन करते हैं, तो अदालत को यथासंभव 60 दिनों के भीतर इस पर निर्णय लेना चाहिए। यह समय सीमा उस तारीख से शुरू होती है जब आपको उस व्यक्ति को आवेदन की सूचना दी जाती है जिसके खिलाफ आपने आवेदन किया है। इसका मतलब है कि अदालत को जल्द से जल्द सुनवाई करने और निर्णय लेने का प्रयास करना चाहिए। उदाहरण के लिए, मान लीजिए कि आपने 15 मई को भरण-पोषण के लिए आवेदन किया और 16 मई को आपके पति को नोटिस दिया गया। तो, अदालत को 16 मई से 60 दिनों के भीतर निर्णय लेने का प्रयास करना चाहिए। यह प्रावधान यह सुनिश्चित करने के लिए है कि महिलाओं और बच्चों को समय पर वित्तीय सहायता मिले।  यह ध्यान रखना महत्वपूर्ण है कि यह केवल एक दिशानिर्देश है, और कुछ मामलों में, निर्णय में अधिक समय लग सकता है।","Code of Criminal Procedure, 1973, Section (Second Proviso)",Safe,procedural,CrPC_1973__p67__c0,val
QA_329,"If the court tells someone to leave an area, and they don't leave or come back without permission, what can the court do?",english,Labour and Social Welfare,Scheduled Castes and Scheduled Tribes (Prevention of Atrocities) Act 1989,"According to the Scheduled Castes and Scheduled Tribes (Prevention of Atrocities) Act, 1989, Section 11 outlines the procedure when a person doesn't comply with a direction issued under Section 10 to leave a specific area. Essentially, if someone is ordered to leave and either refuses to do so or returns to that area within the timeframe specified in the court order without written permission from the Special Court, the Special Court has the power to take action. They can order the police to arrest the person and remove them to a location outside of that area. This ensures the order is enforced and prevents further disruption or potential harm. For example, if a court orders a person to leave a village due to harassment of a Scheduled Tribe member, and they return within a month without the Special Court’s written permission, the court can have them arrested and relocated. The Act prioritizes the safety and well-being of vulnerable communities by providing mechanisms to enforce court orders.","Scheduled Castes and Scheduled Tribes (Prevention of Atrocities) Act 1989, Section 11",Safe,procedural,SC_ST_Atrocities_Act_1989__p12__c0,val
QA_330,"Yeh Karnataka Amendment section 363 mein kya bola hai? Prosecuting Officer ko certified copy free mein milta hai, kaise?",code_mixed,Criminal Law,Code of Criminal Procedure 1973,"Okay, so according to the Karnataka Amendment to the Code of Criminal Procedure, 1973, section 363 has been changed. Basically, it says that the State, specifically the Prosecuting Officer, is entitled to a certified copy of any judgment or order *free of cost*. This is a significant change. Earlier, even the prosecuting officer had to pay fees to get a certified copy. Now, they can apply and get it without any charges. This is meant to help the prosecution process, you know, so they have all the necessary documents readily available. For example, imagine a prosecuting officer needs a copy of a court order to prepare for an appeal. Under this amendment, they won't have to worry about paying fees for that copy. It’s a direct benefit to the State’s legal team. This is all under the Code of Criminal Procedure, 1973, specifically the Karnataka Amendment to section 363. It’s a procedural change designed to streamline things for the prosecution. Apni specific situation ke liye ek qualified lawyer se zaroor milein.","Code of Criminal Procedure, 1973, Section 363 (Karnataka Amendment)",Safe,procedural,CrPC_1973__p161__c1,train
QA_331,"अगर किसी ने मुझे अचानक गुस्से में आकर धक्का दिया जिससे मुझे चोट लगी, तो क्या उसे सजा होगी? और सजा क्या हो सकती है?",hindi,Criminal Law,Bharatiya Nyaya Sanhita 2023,"भारतीय न्याय संहिता, 2023 के धारा 122 के अनुसार, यदि किसी व्यक्ति ने अचानक और गंभीर उत्तेजना में किसी को चोट पहुंचाई है, और उसका इरादा किसी और को चोट पहुंचाने का नहीं था, बल्कि केवल उत्तेजना देने वाले व्यक्ति को चोट पहुंचाने का था, तो उसे सजा हो सकती है। सजा के तौर पर एक महीने तक की कैद या पाँच हजार रुपये तक का जुर्माना, या दोनों हो सकते हैं। यह ध्यान रखना महत्वपूर्ण है कि उत्तेजना 'गंभीर और अचानक' होनी चाहिए। उदाहरण के लिए, मान लीजिए कि आप किसी बहस में हैं और दूसरा व्यक्ति आपको अपमानित करता है। गुस्से में आकर आप उसे धक्का मार देते हैं जिससे उसे मामूली चोट लगती है। इस स्थिति में, धारा 122 लागू हो सकती है। हालाँकि, यदि आपकी चोट गंभीर है, जैसे कि गंभीर चोट, तो सजा अलग हो सकती है। यह धारा केवल उन मामलों पर लागू होती है जहाँ चोट 'उत्तेजना' के कारण हुई हो।","Bharatiya Nyaya Sanhita 2023, Section 122",Safe,procedural,BNS_2023__p53__c0,val
QA_332,"My brother was convicted of multiple crimes, some handled by the central government. The judge said his sentences would run together. Does that mean he has to serve the full time, or can the government do something about it?",english,Criminal Law,Code of Criminal Procedure 1973,"According to the Code of Criminal Procedure, 1973, the effect of sentences running concurrently is dependent on an order from the Central Government. Specifically, Section 1 of the Act states that the concurrent sentences will only remain in effect if the Central Government issues an order for suspension, remission, or commutation of those sentences related to the offences concerning matters under the executive power of the Union. This means the court's order regarding concurrent sentences isn't final until the Central Government takes action. For example, if your brother committed a crime under a central law and another under a state law, and the sentences are concurrent, the Central Government’s decision regarding the central law offence will impact the overall sentence. The Central Government has the power to reduce or eliminate the time your brother needs to serve. However, this is entirely at their discretion and depends on various factors. The amendment to this section was introduced by Act 45 of 1978, Section 32.","Code of Criminal Procedure 1973, Section 1, Act 45 of 1978, Section 32",Safe,procedural,CrPC_1973__p179__c1,train
QA_333,Court ko koi report chahiye toh woh kaise le sakta hai? Aur Collector ya subordinate court ko report dene ke liye kya powers hain?,code_mixed,Children's Rights,Guardians and Wards Act 1890,"Okay, so according to the Guardians and Wards Act, 1890, the Court has the power to ask the Collector, or any lower court (subordinate court), for a report on anything related to a case under this Act. And get this – the Court can treat that report as actual evidence! Now, when the Collector or the Judge of the subordinate court is preparing this report, they have to do an inquiry, right? They can investigate as they see fit.  They can even force witnesses to come and give testimony, or make them show documents, just like a regular court can under the Code of Civil Procedure.  For example, let's say the court wants to know about a child's living conditions. The Collector might need to interview neighbors and see the house to form an opinion.  Basically, they have the same powers a court would have to gather information for the report. This is all under Section 2 of the Guardians and Wards Act. It’s all about ensuring the court has the best information possible to make decisions.  It’s a pretty important provision for getting a complete picture of the situation.","Guardians and Wards Act 1890, Section 2",Safe,procedural,Guardians_Wards_Act_1890__p15__c1,train
QA_334,"हिमाचल प्रदेश में, किसी मामले की सुनवाई किस इलाके में हो सकती है? क्या यह हमेशा उसी जिले में होगा जहाँ अपराध हुआ है?",hindi,Criminal Law,Code of Criminal Procedure 1973,"भारतीय दंड प्रक्रिया संहिता, 1973 (Code of Criminal Procedure, 1973) के अनुसार, हिमाचल प्रदेश में किसी मामले की सुनवाई किसी भी जिले में नहीं, बल्कि किसी भी 'स्थानीय क्षेत्र' में हो सकती है। इसका मतलब है कि अदालत का अधिकार क्षेत्र सिर्फ जिले तक सीमित नहीं है, बल्कि यह छोटे-छोटे इलाकों में भी फैला हो सकता है। मुख्य न्यायिक मजिस्ट्रेट (Chief Judicial Magistrate), उच्च न्यायालय के नियंत्रण में, समय-समय पर यह तय कर सकते हैं कि धारा 11 या धारा 13 के तहत नियुक्त मजिस्ट्रेट किस क्षेत्र में अधिकार का प्रयोग कर सकते हैं। उदाहरण के लिए, मान लीजिए कि शिमला जिले में एक अपराध हुआ, लेकिन अदालत का फैसला सोलन जिले के किसी स्थानीय क्षेत्र में भी सुना जा सकता है, यदि मुख्य न्यायिक मजिस्ट्रेट ने ऐसा निर्धारित किया है। यह व्यवस्था स्थानीय परिस्थितियों और अदालत की सुविधा को ध्यान में रखते हुए मामलों की सुनवाई को अधिक लचीला बनाती है। स्थानीय मजिस्ट्रेट के अधिकार क्षेत्र की सीमाएँ मुख्य न्यायिक मजिस्ट्रेट द्वारा परिभाषित की जाती हैं।","Code of Criminal Procedure, 1973, Sections 11, 13, 14",Safe,procedural,CrPC_1973__p29__c0,train
QA_335,I want to know if I'll receive money directly into my bank account under the Beti Bachao Beti Padhao scheme if my district participates. I heard about DBT for some government schemes.,english,Government Schemes,Beti Bachao Beti Padhao Scheme Guidelines,"According to the guidelines of the Beti Bachao Beti Padhao (BBBP) scheme, there is no provision for Direct Benefit Transfer (DBT). The scheme operates under the Centrally Sponsored Umbrella Scheme, Mission for Protection and Empowerment for Women, with 100% financial assistance for the district-level component. The Grant in Aid (GIA) is released by the Ministry of Women and Child Development to the selected district, not directly to individuals. For instance, if a district receives funding for awareness campaigns or improving school facilities, the money goes to the district administration to implement those initiatives, not to individual beneficiaries. The financial requirements for the years 2017-18, 2018-19, and 2019-20 are detailed in Annexure-IV of the scheme guidelines. This clearly indicates that funds are channeled through the district, not via DBT. The BBBP scheme guidelines explicitly state this lack of DBT provision. Please consult a qualified lawyer for your specific situation.","Beti Bachao Beti Padhao Scheme Guidelines, Section 13.1 & 13.2",Safe,procedural,Beti_Bachao_Beti_Padhao__p17__c0,train
QA_336,"PMAY mein, agar ek project mein sanctioned houses hain lekin infrastructure, like power supply aur water supply complete nahi hai, toh kya 20% ka final instalment mil payega?",code_mixed,Government Schemes,Pradhan Mantri Awas Yojana Guidelines,"According to the Pradhan Mantri Awas Yojana guidelines, the final 20% instalment is only released when the project has been completed with the requisite infrastructure. This specifically mentions power supply, water supply, and drainage/sanitation. So, if your project has sanctioned houses, but these essential services aren't fully operational, you won't be eligible for that final instalment. The guidelines clearly state that completion includes these infrastructural elements. For example, let's say a project has 100 sanctioned houses, but the water supply is still under construction. Even though the houses are built, the project won't qualify for the final instalment until the water supply is fully functional. This is to ensure that beneficiaries actually receive a habitable dwelling. The passage doesn't mention any specific exceptions or grace periods. It's a strict requirement. The focus is on ensuring the project meets the defined criteria before releasing the final funds.  There's no specific Act or Section mentioned in this excerpt, it's a guideline document.",Pradhan Mantri Awas Yojana Guidelines - No specific Act or Section,Safe,procedural,PMAY_Guidelines__p56__c0,train
QA_337,"अगर कोई व्यक्ति सार्वजनिक अधिकार या रीति-रिवाज के बारे में राय देता है, तो क्या उसकी राय अदालत में सबूत के तौर पर इस्तेमाल की जा सकती है? और कब इस्तेमाल की जा सकती है?",hindi,Criminal Law,Indian Evidence Act 1872,"भारतीय साक्ष्य अधिनियम, 1872 की धारा 4 के अनुसार, यदि कोई व्यक्ति सार्वजनिक अधिकार, रीति-रिवाज या सामान्य हित के किसी विषय पर अपनी राय देता है, और वह व्यक्ति उस अधिकार, रीति-रिवाज या विषय के अस्तित्व के बारे में जानकारी रखने वाला होना चाहिए, तो उसकी राय अदालत में सबूत के तौर पर इस्तेमाल की जा सकती है। लेकिन यह तभी संभव है जब वह राय किसी विवाद के उत्पन्न होने से पहले दी गई हो। इसका मतलब है कि अगर कोई विवाद शुरू हो गया है, तो उस राय को सबूत के तौर पर स्वीकार करना मुश्किल हो सकता है। उदाहरण के लिए, मान लीजिए कि गाँव के एक बुजुर्ग व्यक्ति ने गाँव में एक पुरानी परंपरा के बारे में एक बयान दिया है, और यह बयान किसी विवाद से पहले दिया गया था। अदालत इस बयान को उस परंपरा के अस्तित्व के सबूत के तौर पर देख सकती है। यह ध्यान रखना महत्वपूर्ण है कि यह राय केवल तभी स्वीकार्य है जब व्यक्ति को उस विषय के बारे में जानकारी होने की संभावना हो।","Indian Evidence Act 1872, Section 4",Safe,procedural,Indian_Evidence_Act_1872__p23__c0,train
QA_338,"I work as a warden in a remand home. Could I be in trouble with the law if I have sexual contact with someone under my care, even if they consent?",english,Criminal Law,Bharatiya Nyaya Sanhita 2023,"According to the Bharatiya Nyaya Sanhita 2023, Section 68 specifically addresses sexual intercourse by a person in authority. The law states that if you are in a position of authority or hold a fiduciary relationship, or are a public servant, or are a superintendent or manager of a jail, remand home, or other place of custody, and engage in sexual intercourse, you could face legal consequences. Your role as a warden in a remand home falls directly under the definition of 'superintendent or manager of a place of custody.' The law doesn't mention consent as a defense in this context. For example, if a warden in a remand home has sexual contact with a minor residing there, even if the minor claims it was consensual, the warden would still be in violation of Section 68. The law aims to protect vulnerable individuals from abuse of power. It's crucial to understand that your position of authority creates a power imbalance, and any sexual contact is likely to be considered an abuse of that position. Please consult a qualified lawyer for your specific situation.","Bharatiya Nyaya Sanhita 2023, Section 68",Safe,procedural,BNS_2023__p38__c1,test
QA_339,"Yeh Child Labour Act, 1986 mein likha hai, but agar koi bachcha ya teenager ko kisi dangerous kaam mein laga raha hai, toh uske khilaf kya action le sakte hain? Kya koi specific procedure hai?",code_mixed,Children's Rights,Child Labour (Prohibition and Regulation) Act 1986,"Okay, so according to the Child and Adolescent Labour (Prohibition and Regulation) Act, 1986, it specifically prohibits the engagement of adolescents in hazardous occupations and processes. Basically, it's illegal to make children and teenagers work in dangerous jobs. The Act, in its preliminary section, mentions this as a core purpose.  There's no specific procedure detailed *within this passage* about how to take action, but the Act's existence itself is the foundation for legal recourse. For example, if a factory owner is forcing a 16-year-old to operate heavy machinery without proper safety training, that's a violation.  The Act aims to prevent this kind of exploitation.  This particular section (Section 1) just deals with the short title, extent, and commencement of the Act – it doesn't outline the enforcement mechanisms or penalties. It sets the stage for the rest of the law.  It's important to understand that this Act is the starting point, and further sections would detail the specifics of enforcement.  Remember, this passage only covers the introductory part.","Child and Adolescent Labour (Prohibition and Regulation) Act, 1986, Section 1",Safe,procedural,Child_labour_Act_1986__p2__c0,train
QA_340,"अगर किसी अदालत ने कोई फैसला दिया, और मैंने उस फैसले का पालन किया, लेकिन बाद में पता चला कि अदालत के पास वह फैसला देने का अधिकार नहीं था, तो क्या मैं अपराध करूँगा?",hindi,Criminal Law,Bharatiya Nyaya Sanhita 2023,"भारतीय न्याय संहिता, 2023 के धारा 17 के अनुसार, यदि आपने किसी अदालत के आदेश या फैसले का पालन किया है, भले ही बाद में पता चले कि अदालत के पास वह आदेश या फैसला देने का अधिकार नहीं था, तो भी आप अपराध नहीं करेंगे। यह शर्त है कि आपने सद्भाव में यह विश्वास किया हो कि अदालत के पास वह अधिकार था। इसका मतलब है कि आपको ईमानदारी से विश्वास होना चाहिए था कि अदालत सही थी। उदाहरण के लिए, मान लीजिए कि एक स्थानीय अदालत ने किसी संपत्ति के स्वामित्व पर फैसला दिया, लेकिन बाद में उच्च न्यायालय ने पाया कि उस स्थानीय अदालत के पास उस मामले की सुनवाई करने का अधिकार नहीं था। यदि आपने सद्भाव में स्थानीय अदालत के फैसले का पालन किया, तो आप अपराध नहीं करेंगे। यह कानून लोगों को उन फैसलों का पालन करने के लिए प्रोत्साहित करता है जो उन्हें सही लगते हैं, भले ही वे बाद में गलत साबित हों, जब तक कि उनका इरादा गलत न हो।","Bharatiya Nyaya Sanhita 2023, Section 17",Safe,procedural,BNS_2023__p24__c1,test
QA_341,"If I'm convicted in a lower court under sections 383, 384, 388, or 389, can I appeal the decision, and to which court do I appeal?",english,Criminal Law,Bharatiya Nagarik Suraksha Sanhita 2023,"Yes, you have the right to appeal if convicted under sections 383, 384, 388, or 389 of the Bharatiya Nagarik Suraksha Sanhita 2023, provided the conviction was delivered by a court that isn't a High Court. The Sanhita states that you can appeal to the court where decrees or orders from the lower court are typically appealed. Essentially, you're appealing to the higher court that normally handles appeals from that specific lower court. For example, if you were convicted in a District Court under one of these sections, you would appeal to the High Court of the state where the District Court is located. Section 390(1) of the Sanhita explicitly grants this right, overriding any other provisions within the Sanhita that might suggest otherwise. Furthermore, Chapter XXXI of the Sanhita will apply to your appeal as far as it is relevant. This chapter likely outlines the procedures and rules governing appeals. It's important to understand the specific rules of the appellate court.","Bharatiya Nagarik Suraksha Sanhita 2023, Section 390, Chapter XXXI",Safe,procedural,BNSS_2023__p136__c0,train
QA_342,"Yeh IPC section 478 mein likha hai 'Trade Mark' ke baare mein, lekin abhi iska kya hua? Kya ye still valid hai, ya kuch aur act ne replace kar diya?",code_mixed,Criminal Law,Indian Penal Code 1860,"Okay, so according to the passage, section 478 of the Indian Penal Code (IPC) related to 'Trade Mark'. However, it's been repealed, meaning it's no longer in effect. The Trade and Merchandise Marks Act, 1958 (Act 43 of 1958) replaced it. Specifically, section 135 and Schedule of that Act, effective from November 25, 1959, did the replacing.  It's important to note that there were also previous amendments – Act 26 of 1955 substituted 'transportation for life', Act 3 of 1895 added something, and Act 4 of 1889 made changes to the heading and sections 478 to 489.  Also, the word 'trade' itself was removed by the 1958 Act. For example, if someone is using a trademark illegally, you wouldn't refer to IPC section 478 anymore; you'd need to look at the Trade and Merchandise Marks Act, 1958 for the relevant provisions and remedies.  So, basically, IPC section 478 is history now. It's all governed by the newer Act.","Indian Penal Code 1860, Section 478; Trade and Merchandise Marks Act, 1958, Section 135",Safe,clarification,IPC_1860__p209__c0,train
QA_343,"अगर मैं झुग्गी बस्ती में रहता हूँ और मेरी बस्ती को फिर से बसाया जाना है, तो मुझे क्या उम्मीद करनी चाहिए? क्या सरकार मेरी मदद करेगी?",hindi,Government Schemes,Pradhan Mantri Awas Yojana Guidelines,"प्रधानमंत्री आवास योजना (Pradhan Mantri Awas Yojana) के तहत, अगर आपकी झुग्गी बस्ती को फिर से बसाया जाना है, तो आपको कुछ खास उम्मीदें हो सकती हैं। सबसे पहले, बस्ती को फिर से बसाने के लिए एक निजी पार्टनर को खुली नीलामी प्रक्रिया के माध्यम से चुना जाएगा। राज्य सरकारें और शहर, परियोजनाओं को आर्थिक रूप से व्यवहार्य बनाने के लिए अतिरिक्त फ्लोर एरिया रेशियो (FAR) या फ्लोर स्पेस इंडेक्स (FSI) या ट्रांसफरएबल डेवलपमेंट राइट्स (TDR) प्रदान कर सकते हैं।  इसके अलावा, सरकार झुग्गी निवासियों के लिए बनाए गए प्रत्येक घर के लिए औसतन एक लाख रुपये का पुनर्वास अनुदान (rehabilitation grant) देगी। उदाहरण के लिए, मान लीजिए दिल्ली में एक झुग्गी बस्ती को फिर से बसाया जा रहा है। सरकार बस्ती के निवासियों के लिए नए घर बनाने के लिए वित्तीय सहायता प्रदान करेगी। यह योजना आपको बेहतर आवास और जीवन स्तर प्रदान करने का प्रयास करती है। यह योजना आवास और शहरी गरीबी उन्मूलन मंत्रालय (Ministry of Housing and Urban Poverty Alleviation) द्वारा संचालित है।  यह ध्यान रखना महत्वपूर्ण है कि यह जानकारी केवल इस विशिष्ट मार्गदर्शिका पर आधारित है।","Pradhan Mantri Awas Yojana Guidelines, Section 4.2",Safe,procedural,PMAY_Guidelines__p9__c0,train
QA_344,"If a group of people attack someone and seriously injure them because they belong to a different religion, what punishment could they face?",english,Criminal Law,Bharatiya Nyaya Sanhita 2023,"According to the Bharatiya Nyaya Sanhita 2023, if five or more people act together and cause serious physical harm (grievous hurt) to someone based on their religion, caste, community, sex, place of birth, language, personal belief, or similar grounds, each member of that group is guilty of the offense. The law specifies that each person involved will be sentenced to imprisonment. The length of this imprisonment can be either a fixed term or life imprisonment. Life imprisonment, as defined in the Sanhita, means imprisonment for the rest of the person’s natural life. For instance, if a group attacks a person due to their religious beliefs, resulting in severe injuries, each member of the group could face a prison sentence ranging from ten years to life. The law aims to deter group violence motivated by prejudice and discrimination. It’s important to understand that this section focuses specifically on group actions motivated by these discriminatory factors.","Bharatiya Nyaya Sanhita 2023, Section 4",Safe,procedural,BNS_2023__p51__c1,test
QA_345,"Yaar, agar main accidentally koi fake property mark use kar dunga, toh mujhe kya hoga? Fine lag jayega ya jail bhi ho sakta hai?",code_mixed,Criminal Law,Indian Penal Code 1860,"Okay, so according to the Indian Penal Code, Section 482, if you use a false property mark, you *can* face punishment. But there's a crucial point – it depends on your intent. The law says that unless you prove you didn't intend to cheat anyone, you could be jailed for up to one year, fined, or even both! Section 483 then talks about counterfeiting someone else’s property mark, which also carries a jail sentence.  Think of it like this: let's say you're starting a small business and mistakenly use a logo that's very similar to an established brand, without realizing it. If you can show you genuinely didn't know it was a false mark and weren't trying to mislead customers, you might avoid the worst penalties. However, if it's clear you knew it was fake and were trying to profit from it, then you're in trouble. The law focuses on the 'intent to defraud' – that's the key.  It's a serious matter, so don't take any chances.  The IPC, Section 482 and 483, clearly outlines these penalties.","Indian Penal Code, Sections 482 & 483",Safe,procedural,IPC_1860__p210__c0,val
QA_346,"अगर कोई भीड़ में दंगा हो रहा है और एक पुलिस वाला उसे रोकने की कोशिश कर रहा है, तो अगर कोई उस पुलिस वाले को धक्का दे दे या उसे रोकने की कोशिश करे, तो उस व्यक्ति पर क्या कार्रवाई हो सकती है?",hindi,Criminal Law,Indian Penal Code 1860,"भारतीय दंड संहिता, 1860 के धारा 152 के अनुसार, यदि कोई व्यक्ति किसी सार्वजनिक सेवक को उसकी ड्यूटी करते हुए, यानी किसी गैरकानूनी सभा को तितर-बितर करने या दंगे या झगड़े को दबाने के प्रयास में, हमला करता है या हमला करने की धमकी देता है, या रोकता है या रोकने की कोशिश करता है, या उस सार्वजनिक सेवक पर आपराधिक बल का उपयोग करता है, धमकी देता है या उपयोग करने की कोशिश करता है, तो उस व्यक्ति को दंडित किया जा सकता है।  यह धारा विशेष रूप से उन स्थितियों को संबोधित करती है जहां सार्वजनिक सेवक कानून और व्यवस्था बनाए रखने के लिए काम कर रहे होते हैं। उदाहरण के लिए, मान लीजिए कि एक दंगा हो रहा है और पुलिस वाले लोगों को अलग करने की कोशिश कर रहे हैं। यदि कोई व्यक्ति जानबूझकर एक पुलिस वाले को धक्का देता है या उसे रास्ता रोकने की कोशिश करता है, तो वह धारा 152 के तहत अपराध करेगा।  यह ध्यान रखना महत्वपूर्ण है कि यह धारा केवल उन स्थितियों पर लागू होती है जहां सार्वजनिक सेवक अपनी ड्यूटी का निर्वहन कर रहे होते हैं।","Indian Penal Code 1860, Section 152",Safe,procedural,IPC_1860__p66__c0,val
QA_347,I have some old fireworks left over from Diwali. I'm worried about keeping them safely. Could I get into trouble if something happens because I wasn't careful enough?,english,Criminal Law,Bharatiya Nyaya Sanhita 2023,"The Bharatiya Nyaya Sanhita 2023 addresses this concern. Section 289 specifically deals with negligent conduct, particularly concerning machinery, but the broader principle applies to explosive substances as well. The law states that if you possess explosive substances and fail to take necessary precautions to prevent danger to human life, you could face legal consequences. This means you are expected to take reasonable steps to ensure the safety of those around you. The punishment for such negligent conduct can be imprisonment for up to six months, a fine of up to five thousand rupees, or both. For example, if you store fireworks improperly near a school and a fire starts due to your negligence, endangering children, you could be held liable under this section. The law emphasizes the responsibility of individuals to safeguard against probable danger arising from explosive materials they possess. It’s crucial to prioritize safety and handle these items with utmost care to avoid legal repercussions. Please consult a qualified lawyer for your specific situation.","Bharatiya Nyaya Sanhita 2023, Section 289",Safe,procedural,BNS_2023__p85__c1,train
QA_348,"Okay, so let's say someone finds a valuable antique, like a painting, and they later come to know that it was looted during a war, as mentioned in sections 125 and 126. If they keep it, what kind of punishment they can face, yaar?",code_mixed,Criminal Law,Indian Penal Code 1860,"According to the Indian Penal Code, 1860, if you knowingly receive property that has been taken during war or depredation – meaning it was acquired through offences described in sections 125 and 126 – you can face serious consequences. Section 127 specifically addresses this. The punishment can be imprisonment, either simple or rigorous, for up to seven years.  Plus, you'll also be liable to pay a fine.  And importantly, the property you received – that antique painting, for example – can be forfeited, meaning the government can take it away.  It's not enough to just not *intend* to receive stolen goods; you must *know* it was taken illegally.  Imagine someone finds a gold statue in a village after a conflict; if they are told it was taken from a temple during the fighting, and they still keep it, they could be held accountable under this section.  This law aims to prevent people from profiting from the spoils of war and to ensure that stolen property is eventually returned.  It’s a strict provision designed to deter receiving illegally obtained assets.","Indian Penal Code, 1860 Section 127",Safe,procedural,IPC_1860__p57__c0,train
QA_349,जिला मजिस्ट्रेट या कलेक्टर किस परिस्थिति में संपत्ति को जब्त करने का आदेश दे सकते हैं?,hindi,Criminal Law,Bharatiya Nagarik Suraksha Sanhita 2023,"भारतीय नागरिक सुरक्षा संहिता 2023 (Bharatiya Nagarik Suraksha Sanhita 2023) के अनुसार, जिला मजिस्ट्रेट या कलेक्टर किसी व्यक्ति की संपत्ति को जब्त करने का आदेश दे सकते हैं यदि उनके पास यह शिकायत हो कि किसी व्यक्ति ने कोई अपराध किया है या करने की आशंका है। यह आदेश फॉर्म नंबर 9 के तहत जारी किया जाता है।  शिकायत में व्यक्ति का नाम, विवरण और पता, साथ ही उस अपराध का उल्लेख होना चाहिए जो उसने किया है या करने की आशंका है, और उस धारा का उल्लेख होना चाहिए जिसके तहत अपराध दंडनीय है। उदाहरण के लिए, मान लीजिए कि किसी व्यक्ति पर धोखाधड़ी करके बैंक से पैसे निकालने का आरोप है, और पुलिस ने उसके खिलाफ मामला दर्ज कर दिया है। यदि जिला मजिस्ट्रेट को लगता है कि वह व्यक्ति भाग सकता है या संपत्ति बेच सकता है, तो वे उसकी संपत्ति को जब्त करने का आदेश दे सकते हैं ताकि बाद में पीड़ित को मुआवजा मिल सके। यह सुनिश्चित करने के लिए कि संपत्ति का दुरुपयोग न हो, जब्त की गई संपत्ति की सुरक्षा की जाती है। धारा 85 इस प्रक्रिया को नियंत्रित करती है।","Bharatiya Nagarik Suraksha Sanhita 2023, Section 85",Safe,procedural,BNSS_2023__p228__c0,val
QA_350,"My son is accused of a crime, and he's refusing to say anything in court. What will happen?",english,Criminal Law,Code of Criminal Procedure 1973,"If your son refuses to plead, or simply doesn't plead, or claims he wants to be tried, the court will proceed according to the Code of Criminal Procedure, 1973. Specifically, Section 273(5) outlines what happens next. The Magistrate will require him to state, at the beginning of the next hearing, or potentially immediately if the Magistrate deems it necessary and records the reason, whether he wants to cross-examine any of the prosecution witnesses whose evidence has already been presented. If he indicates he does want to cross-examine certain witnesses, those witnesses will be brought back for that purpose, and they will be cross-examined and then re-examined. For example, if the prosecution presented three witnesses, and your son wants to question only the second one, only that witness will be recalled. The court isn't obligated to force him to cross-examine anyone, but he must indicate his desire to do so. The Magistrate has discretion in how this process unfolds, ensuring fairness within the legal framework. This section focuses on the procedure following a refusal to plead.","Code of Criminal Procedure 1973, Section 273(5)",Safe,procedural,CrPC_1973__p117__c1,train
QA_351,"Beti Bachao Beti Padhao scheme mein, CSR decline ko tackle karne ke liye kya strategies use ki jaati hain? Basically, what are the main steps they're taking?",code_mixed,Government Schemes,Beti Bachao Beti Padhao Scheme Guidelines,"The Beti Bachao Beti Padhao scheme, as per its guidelines, tackles the decline in Child Sex Ratio (CSR) with a multi-sectoral approach. It's all about respecting, protecting, and fulfilling the rights of girls and women, and ending gender discrimination and violence. The main strategy is a sustained Mass Media Advocacy Outreach Campaign. Think of it as a 360° media approach – they're using everything from TV and radio to social media to create a sense of equal value for the girl child and really push for her education.  They want to change the mindset, you know?  For example, they might run a campaign showing girls excelling in STEM fields to challenge traditional gender roles.  The scheme recognizes that this issue is complex and needs a wide-ranging solution, not just one thing. It’s not explicitly mentioned what other steps are taken beyond the media campaign in this passage, but the core principle is to promote the value of girls.  It’s a long-term effort to shift societal norms.  This is all about ensuring girls get the same opportunities as boys.","Beti Bachao Beti Padhao Scheme Guidelines, Section 8",Safe,procedural,Beti_Bachao_Beti_Padhao__p9__c0,val
QA_352,"अगर कोई सरकारी कर्मचारी जानबूझकर कानून का उल्लंघन करता है और इससे किसी व्यक्ति को नुकसान होता है, तो उसे किस तरह की सजा मिल सकती है?",hindi,Criminal Law,Indian Penal Code 1860,"भारतीय दंड संहिता, 1860 की धारा 166 के अनुसार, यदि कोई सरकारी कर्मचारी जानबूझकर कानून के उस तरीके का उल्लंघन करता है जिस तरह से उसे अपने पद पर रहते हुए व्यवहार करना चाहिए, और उसका इरादा किसी व्यक्ति को नुकसान पहुंचाने का होता है, या उसे पता होता है कि इस उल्लंघन से नुकसान होने की संभावना है, तो उसे एक वर्ष तक की साधारण कारावास या जुर्माना, या दोनों से दंडित किया जा सकता है। यहाँ 'सरकारी कर्मचारी' का अर्थ है कोई भी व्यक्ति जो सरकार की ओर से कोई कार्य करता है। 

उदाहरण के लिए, मान लीजिए कि एक पुलिस अधिकारी को किसी पीड़ित की शिकायत दर्ज करनी चाहिए, लेकिन वह जानबूझकर ऐसा नहीं करता है क्योंकि उसे रिश्वत मिली हुई है, और इस वजह से पीड़ित को न्याय नहीं मिल पाता। यह धारा 166 के तहत अपराध होगा। इस मामले में, पुलिस अधिकारी को ऊपर बताए गए दंडों में से कोई एक या दोनों से दंडित किया जा सकता है। यह ध्यान रखना महत्वपूर्ण है कि केवल कानून का उल्लंघन ही पर्याप्त नहीं है; नुकसान पहुंचाने का इरादा या नुकसान होने की संभावना भी आवश्यक है।","Indian Penal Code, 1860 Section 166",Safe,procedural,IPC_1860__p71__c0,train
QA_353,"If the police arrest me and bring me before a magistrate, will I have to sign a bond? What does this bond actually mean?",english,Criminal Law,Bharatiya Nagarik Suraksha Sanhita 2023,"Yes, if you are arrested under a warrant and brought before the District Magistrate, you might be asked to sign a bond, as outlined in Form No. 4 of the Bharatiya Nagarik Suraksha Sanhita 2023. This bond, formally called a bail-bond, is essentially a promise to appear in court when required to answer the charges against you. The form requires you to provide your name and address, and it specifies the charge you are facing. You are binding yourself to attend the Court of the specified court. The District Magistrate uses this bond to ensure your presence during the legal proceedings. For example, if you are accused of theft and brought before the magistrate, you would sign a bond committing to appear in court for your trial. Failure to appear could lead to serious consequences, including a warrant being issued for your arrest and potentially additional penalties. The bond is a crucial part of the bail process, ensuring accountability and facilitating the judicial process. It’s a legally binding agreement.","Bharatiya Nagarik Suraksha Sanhita 2023, Section 83",Safe,procedural,BNSS_2023__p223__c0,train
QA_354,"Okay, so, agar ek lady divorce le leti hai, aur phir Magistrate ne uske favour mein Section 144 ka order issue kiya hai, toh kya hota hai? Agar woh phir se shaadi kar leti hai, toh kya us order ko cancel kar sakte hain?",code_mixed,Criminal Law,Bharatiya Nagarik Suraksha Sanhita 2023,"According to the Bharatiya Nagarik Suraksha Sanhita 2023, Section 144 orders issued in favour of a divorced woman can be cancelled under specific circumstances. The Magistrate has the power to do so. Specifically, if the woman, after getting divorced, remarries, the Magistrate *can* cancel the Section 144 order from the date of her remarriage. This is because the original order was likely based on her status as a divorced woman needing protection.  The law also considers if the woman has been divorced by her husband and has received all the money that was supposed to be paid to her according to customary or personal law applicable to them, whether that payment happened before or after the Section 144 order.  For example, imagine a woman gets a Section 144 order against her ex-husband for harassment. Later, she gets remarried. The Magistrate, upon being satisfied, can then cancel the order, as her circumstances have changed.  It's all about ensuring the order remains relevant and necessary. The Magistrate needs to be convinced that these conditions are met before cancelling the order.","Bharatiya Nagarik Suraksha Sanhita 2023, Section 144(3)",Safe,procedural,BNSS_2023__p59__c0,train
QA_355,"अगर मैं एक होटल में रहने के लिए जाता हूँ और होटल का मालिक मुझे सिर्फ इसलिए रहने से मना कर देता है क्योंकि मैं एक अलग जाति का हूँ, तो क्या यह कानूनी है?",hindi,Constitutional Law,Constitution of India,"नहीं, यह कानूनी नहीं है। भारतीय संविधान का अनुच्छेद 15, राज्य को किसी भी नागरिक के साथ केवल धर्म, जाति, लिंग, जन्म स्थान या इनमें से किसी भी आधार पर भेदभाव करने से रोकता है। इसका मतलब है कि होटल मालिक को आपको केवल आपकी जाति के आधार पर रहने से मना नहीं कर सकता। यह भेदभाव है और कानून के खिलाफ है। अनुच्छेद 15(2) विशेष रूप से यह स्पष्ट करता है कि किसी भी नागरिक को केवल धर्म, जाति, लिंग, जन्म स्थान या इनमें से किसी भी आधार पर दुकानों, सार्वजनिक रेस्तरां, होटलों और सार्वजनिक मनोरंजन स्थलों तक पहुँच से वंचित नहीं किया जा सकता। उदाहरण के लिए, यदि एक दलित व्यक्ति को एक रेस्तरां में प्रवेश करने से रोका जाता है क्योंकि रेस्तरां का मालिक उसे दलित होने के कारण सेवा देने से इनकार करता है, तो यह अनुच्छेद 15 का उल्लंघन होगा। यह भेदभावपूर्ण व्यवहार है। इस मामले में, आप संबंधित अधिकारियों के पास शिकायत दर्ज करा सकते हैं।","Constitution of India, Article 15",Safe,procedural,Constitution_of_India__p7__c0,train
QA_356,"If the judge reads out only the important parts of the verdict in court, does that mean I can get a copy of the full judgment later?",english,Criminal Law,Code of Criminal Procedure 1973,"Yes, according to the Code of Criminal Procedure, 1973, you are entitled to a copy of the full judgment, or at least a copy of the operative part, if the judge reads it out under clause (b) or (c) of sub-section (1). This provision ensures transparency and allows parties to understand the reasoning behind the decision. The law specifically states that the entire judgment or a copy thereof must be made available immediately for you or your lawyer to review, and this service is provided free of charge. For instance, if a judge summarizes the findings and sentence in court, you are still legally guaranteed access to the complete written judgment afterward. The presiding officer must date and sign the judgment, and if they don't write it themselves, they must sign each page. This is to ensure authenticity and accountability. The purpose is to allow you to properly understand the court's decision and any subsequent legal actions you might consider. Please consult a qualified lawyer for your specific situation.","Code of Criminal Procedure 1973, Section 3",Safe,procedural,CrPC_1973__p155__c0,train
QA_357,Sessions Judge ko kab aur kaise further investigation karne ka right milta hai? Gujarat mein iska kya matlab hai?,code_mixed,Criminal Law,Code of Criminal Procedure 1973,"Okay, so according to the Code of Criminal Procedure, 1973, a Sessions Judge has the power to order further investigation into a case. Basically, if the Sessions Judge feels, either through an application or otherwise, that more investigation is needed, they can overturn any previous order related to sub-section (5) and direct the police to do more digging. They can also give specific instructions regarding bail or other related matters – it’s completely up to their discretion. Now, specifically for Gujarat, there's a state amendment. In Gujarat, the proviso to sub-section (2) of Section 167 has been modified. This means the rules regarding when and how further investigation can be ordered might be slightly different than in other states. For example, let's say police arrest someone under Section 167 and are supposed to file a report within 24 hours. If the Sessions Judge feels the investigation wasn't thorough enough, they can intervene and order more investigation, even if the 24-hour deadline has passed. This is all under the Code of Criminal Procedure, 1973, specifically referencing the amendments for Gujarat.","Code of Criminal Procedure 1973, Section 167, Sub-section (2) & (5)",Safe,procedural,CrPC_1973__p87__c0,train
QA_358,"अगर मैंने पहले और दूसरे किश्त का दावा नहीं किया है, और अब मैं सीधे दूसरी और तीसरी किश्त दोनों का दावा करना चाहता हूँ, तो मुझे कौन से फॉर्म भरने होंगे?",hindi,Government Schemes,Pradhan Mantri Matru Vandana Yojana Guidelines,"प्रधानमंत्री मातृ वंदना योजना के अंतर्गत, यदि आपने पहले और दूसरे किश्त का दावा नहीं किया है और अब आप सीधे दूसरी और तीसरी किश्त दोनों का दावा करना चाहते हैं, तो आपको फॉर्म 1-ए, फॉर्म 1-बी और फॉर्म 1-सी भरने होंगे। यह सुनिश्चित करें कि आपके पास कम से कम एक ANC (Ante Natal Care) का प्रमाण हो, बच्चे का जन्म पंजीकरण प्रमाण पत्र हो, और बच्चे को बीसीजी, ओपीवी, डीपीटी और हेपेटाइटिस-बी का पहला चक्र (या इसके समकक्ष/विकल्प) प्राप्त हो।  उदाहरण के लिए, मान लीजिए कि एक महिला ने गर्भावस्था के दौरान पहली बार स्वास्थ्य केंद्र में जाँच कराई और उसे ANC प्रमाण मिला।  फिर, बच्चे के जन्म के बाद, उसने जन्म पंजीकरण करवाया और बच्चे को सभी आवश्यक टीके लगवाए। अब, वह सीधे दूसरी और तीसरी किश्त का दावा करने के लिए इन दस्तावेजों के साथ फॉर्म भर सकती है। यह योजना मातृत्व लाभ अधिनियम, 1961 (Maternity Benefit Act, 1961) के प्रावधानों के अनुरूप है, हालांकि यह अधिनियम सीधे तौर पर किश्तों के बारे में नहीं बताता, बल्कि मातृत्व लाभों से संबंधित है।","Maternity Benefit Act, 1961 (Relevant to overall context of maternity benefits)",Safe,procedural,PMMVY_Maternity_Scheme__p23__c0,train
QA_359,"If a company doesn't submit reports to the committee in charge of handling sexual harassment cases, what happens?",english,Women's Rights,Sexual Harassment of Women at Workplace Act 2013,"The Sexual Harassment of Women at Workplace Act, 2013 outlines responsibilities for ensuring reports are submitted promptly. Specifically, both the Internal Committee within a company and the Local Committee are subject to monitoring. The Act states that employers must treat sexual harassment as misconduct under their service rules and take appropriate action. Furthermore, the Act mandates that the Internal Committee monitor the timely submission of reports. Similarly, the District Officer, as detailed in Chapter VII, Section 20, is responsible for monitoring the timely submission of reports furnished by the Local Committee. For example, if a factory consistently fails to submit reports detailing complaints received and actions taken, the District Officer can intervene and ensure compliance. Failure to do so could result in further action against the company. The Act aims to ensure accountability and timely redressal of grievances related to sexual harassment.","Sexual Harassment of Women at Workplace Act, 2013 Section 20",Safe,procedural,POSH_Act_2013__p12__c0,train
QA_360,"Police ne koi cheez seize kar li, toh unko kya karna chahiye? Aur agar woh cheez court mein easily nahi le jaa sakte toh?",code_mixed,Criminal Law,Code of Criminal Procedure 1973,"Okay, so according to the Code of Criminal Procedure, 1973, if a police officer seizes something under sub-section (1), they have to immediately report the seizure to the Magistrate who has the jurisdiction. Basically, they need to inform the court. Now, the interesting part is what happens if the seized property is something big or delicate, like a huge piece of machinery, or something that’s difficult to move to the court. Or, if it’s tough to find a safe place to keep it, or if the police don't really need to hold onto it for the investigation anymore, then the police officer can give the custody of that property to someone else. But, there's a catch! That person has to sign a bond, a promise, saying they’ll bring the property to the court whenever it’s needed. For example, imagine police seize a large tractor from a farm. Moving that tractor to the court might be a hassle. So, they could give it back to the farmer, with a bond to produce it later. This is all under Section 1(3) of the Code of Criminal Procedure, 1973. It’s about making sure the property is handled properly and doesn’t cause any problems. Apni specific situation ke liye ek qualified lawyer se zaroor milein.","Code of Criminal Procedure, 1973 Section 1(3)",Safe,procedural,CrPC_1973__p56__c0,val
QA_361,"क्या इस कानून के तहत अधिकारियों को नियमित रूप से प्रशिक्षण दिया जाता है? और अगर हाँ, तो किस बारे में?",hindi,Children's Rights,Juvenile Justice (Care and Protection of Children) Act 2015,"हाँ, Juvenile Justice (Care and Protection of Children) Act, 2015 के अनुसार, केंद्र सरकार, राज्य सरकार और अन्य संबंधित अधिकारियों को इस अधिनियम के प्रावधानों को लागू करने से संबंधित मामलों पर नियमित प्रशिक्षण दिया जाता है। इसका उद्देश्य यह सुनिश्चित करना है कि अधिकारी बच्चों की सुरक्षा और कल्याण से जुड़े मामलों को सही ढंग से समझें और उनका समाधान कर सकें। प्रशिक्षण में बच्चों के अधिकारों, बाल श्रम, यौन शोषण, और अन्य संबंधित मुद्दों पर जानकारी शामिल होती है। उदाहरण के लिए, एक पुलिस अधिकारी को प्रशिक्षण में सिखाया जा सकता है कि बाल श्रम से जुड़े मामले में बच्चे को कैसे सुरक्षित निकाला जाए और उसे उचित सहायता कैसे प्रदान की जाए। यह प्रशिक्षण अधिकारियों को कानून के अनुसार उचित कार्रवाई करने में सक्षम बनाता है। Section 109(1) में राष्ट्रीय बाल अधिकार संरक्षण आयोग या राज्य बाल अधिकार संरक्षण आयोग (मामले के अनुसार) को इस अधिनियम के कार्यान्वयन की निगरानी करने का अधिकार दिया गया है।","Juvenile Justice (Care and Protection of Children) Act, 2015, Section 109(1)",Safe,procedural,Juvenile_Justice_Act_2015__p45__c0,train
QA_362,"My daughter got married when she was a minor, but now she's had a child. Will this child be considered legally legitimate?",english,Women's Rights,Prohibition of Child Marriage Act 2006,"According to the Prohibition of Child Marriage Act 2006, the legitimacy of a child born from a child marriage is explicitly addressed. Section 6 of the Act states that any child born before or after the Act came into effect, even if the parents were married before the legal age, will be considered a legitimate child for all purposes. This means the child’s legal rights and status are not affected by the fact that their parents’ marriage was a child marriage. For example, if a couple married when they were both under 18 and subsequently have a child, that child will still be legally recognized as legitimate. The Act aims to protect the rights of children born from such marriages. Furthermore, Section 7 grants the district court the power to modify orders related to sections 4 or 5, even after the petition is finalized, if circumstances change. This demonstrates the court's flexibility in addressing evolving situations related to child marriage cases. The Act prioritizes the well-being and legal standing of the child.","Prohibition of Child Marriage Act 2006, Sections 6 & 7",Safe,procedural,Child_Marriage_Prohibition_Act_2006__p6__c0,train
QA_363,Yeh article kehta hai ki Supreme Court ka jurisdiction kahan tak hai? Agar koi agreement mein dispute ho toh court jaa sakte hain ya nahi?,code_mixed,Constitutional Law,Constitution of India,"Okay, so according to this article, Supreme Court, or any other court for that matter, doesn't have jurisdiction – meaning they can't hear cases – regarding disputes arising from any agreement, covenant, or similar document that someone has signed. Basically, if you have a disagreement about the terms of a contract, you can't take it directly to the Supreme Court. This is specifically mentioned in sub-clause (a) of section (3). Parliament can, however, make a law to change this, but as of now, this is the rule.  It's important to understand that this doesn't mean you can't resolve the dispute; it just means the Supreme Court isn't the place to do it initially. For example, if two companies have a contract and disagree on payment terms, they can't go straight to the Supreme Court. They'd need to explore other avenues like arbitration or civil court. This article is limiting the court's power in these specific situations.  The power to regulate service conditions of people is still with other legislatures, as mentioned in clause (2).","Constitution of India, Article 13, Section (2) & (3)(a)",Safe,procedural,Constitution_of_India__p185__c0,train
QA_364,"अगर कोई सरकारी अधिकारी मुझे कुछ करने से मना करता है या मेरी संपत्ति के साथ कुछ करने का आदेश देता है, और मैं उसका पालन नहीं करता, तो मुझे क्या हो सकता है?",hindi,Criminal Law,Bharatiya Nyaya Sanhita 2023,"भारतीय न्याय संहिता, 2023 के धारा 223 के अनुसार, यदि कोई व्यक्ति जानता है कि एक सार्वजनिक सेवक, जिसे ऐसा आदेश जारी करने का अधिकार है, ने उसे किसी विशेष कार्य से बचने या अपनी संपत्ति के साथ कुछ करने का निर्देश दिया है, और वह उस निर्देश का पालन नहीं करता है, तो उसे दंडित किया जा सकता है।  हालांकि, यह दंड तभी लगेगा जब उस अवज्ञा से किसी व्यक्ति को, जो कानूनी रूप से कार्यरत है, बाधा, परेशानी या चोट, या बाधा, परेशानी या चोट का खतरा होता है। उदाहरण के लिए, मान लीजिए कि एक सरकारी अधिकारी आपको एक सार्वजनिक विरोध प्रदर्शन में भाग लेने से रोकता है, क्योंकि यह कानून के विरुद्ध है। यदि आप फिर भी विरोध प्रदर्शन में भाग लेते हैं और इससे दूसरों को परेशानी होती है, तो धारा 223 के तहत आपको दंडित किया जा सकता है।  यह ध्यान रखना महत्वपूर्ण है कि केवल आदेश का पालन न करना ही अपराध नहीं है; अवज्ञा को बाधा, परेशानी या चोट का कारण बनना चाहिए।","Bharatiya Nyaya Sanhita 2023, Section 223",Safe,procedural,BNS_2023__p74__c0,val
QA_365,My neighbor is a police officer. He knows a person committed a crime but hasn't arrested them. Is he breaking the law?,english,Criminal Law,Bharatiya Nyaya Sanhita 2023,"The Bharatiya Nyaya Sanhita 2023 addresses situations where public servants fail to fulfill their duties. Specifically, Sections 259 and 260 deal with intentional omissions by public servants who are legally obligated to apprehend someone. If a police officer, knowing a person is under sentence or should be lawfully committed, intentionally fails to arrest them, they could be in violation of the law. This applies if the officer has a legal duty to apprehend that individual. For example, if a court has issued a warrant for a person's arrest, and the police officer knows about it but deliberately doesn't act, that could constitute an intentional omission. The law aims to ensure public servants diligently perform their duties related to apprehending individuals who have broken the law or are subject to legal proceedings. Failure to do so can lead to legal consequences for the public servant. The specific penalties would depend on the circumstances and the court's discretion. Please consult a qualified lawyer for your specific situation.","Bharatiya Nyaya Sanhita 2023, Sections 259, 260",Safe,procedural,BNS_2023__p12__c0,train
QA_366,"Court ko fine nahi lagana hai, toh phir kaise Court compensation order de sakti hai? Aur agar victim Scheduled Caste ka hai toh kya hota hai?",code_mixed,Criminal Law,Code of Criminal Procedure 1973,"Okay, so according to the Code of Criminal Procedure, 1973, if a court is sentencing someone and fine is *not* part of the sentence, they have the power to order the accused to pay compensation. This is specifically for the person who suffered loss or injury because of the crime. Now, the crucial part is this: if the victim belongs to a Scheduled Caste or Scheduled Tribe, the court *must* order compensation. It's not just a possibility anymore, it's mandatory. The amount of compensation is decided by the court and mentioned in the order itself. Basically, the court is trying to make things right for the victim who has been harmed. For example, let's say someone assaults a member of the Scheduled Caste, and the court convicts them. Even if they don't impose a fine, the court *has* to order the accused to pay compensation to the victim for their medical bills, lost wages, or any other damages they suffered. This is under Section 357A of the Code of Criminal Procedure, 1973. It’s all about ensuring justice and providing relief to vulnerable communities. Apni specific situation ke liye ek qualified lawyer se zaroor milein.","Code of Criminal Procedure, 1973 Section 357A",Safe,procedural,CrPC_1973__p158__c1,train
QA_367,"अगर किसी नगर पालिका (Municipality) का कार्यकाल खत्म होने वाला है, तो चुनाव कब तक होना चाहिए?",hindi,Constitutional Law,Constitution of India,"भारतीय संविधान के अनुच्छेद 243K (Article 243K) के खंड 3(a) के अनुसार, किसी नगर पालिका का चुनाव उसके कार्यकाल की समाप्ति से पहले ही पूरा कर लेना चाहिए। इसका मतलब है कि जब नगर पालिका का कार्यकाल समाप्त होने वाला हो, तो चुनाव ऐसा होना चाहिए कि कार्यकाल खत्म होने से पहले ही नई पालिका का गठन हो जाए। हालांकि, अगर नगर पालिका भंग (dissolve) हो जाती है, तो खंड 3(b) कहता है कि भंग होने की तारीख से छह महीने के भीतर चुनाव होना चाहिए। लेकिन, अगर भंग होने के बाद पालिका का कार्यकाल छह महीने से कम बचा है, तो उस बचे हुए समय के लिए चुनाव करना ज़रूरी नहीं है। उदाहरण के लिए, मान लीजिए कि एक नगर पालिका का कार्यकाल 31 दिसंबर को समाप्त हो रहा है, तो चुनाव 31 दिसंबर से पहले ही होना चाहिए। अगर पालिका 15 नवंबर को भंग हो जाती है, तो 15 मई तक चुनाव होना चाहिए, जब तक कि कार्यकाल छह महीने से कम न बचा हो।","Constitution of India, Article 243K, Section 3",Safe,procedural,Constitution_of_India__p143__c0,val
QA_368,My child has been asked to testify in court about something terrible that happened. I'm really worried about them having to go through that repeatedly and being questioned harshly. What protections are in place to protect them during the trial?,english,Children's Rights,Protection of Children from Sexual Offences Act 2012,"The Protection of Children from Sexual Offences Act, 2012, provides specific safeguards to protect children who testify in court. Section 6 outlines these protections. Primarily, the Special Court handling the case is obligated to ensure your child isn't repeatedly called to testify. Furthermore, the court is prohibited from allowing aggressive questioning or any attempts to damage your child’s character. The court’s paramount duty is to maintain the child’s dignity throughout the trial process. For instance, if the lawyer is asking questions that seem overly aggressive or designed to embarrass your child, the judge must intervene. Additionally, Section 7 emphasizes the importance of protecting your child’s identity. The court must ensure their identity isn't revealed during the investigation or trial. Disclosure is only permitted if the court, after recording the reasons in writing, believes it’s in the child’s best interest. This ensures a more supportive and less traumatic experience for the child involved in legal proceedings. Please consult a qualified lawyer for your specific situation.","Protection of Children from Sexual Offences Act, 2012, Section 6 & 7",Safe,procedural,POCSO_2012__p13__c1,train
QA_369,"Yeh Pradhan Mantri Awas Yojana mein, agar trunk infrastructure already available hai ya phir AMRUT scheme se provide kiya jaa raha hai, toh humko kaise pata chalega? Aur civic infrastructure, jaise ki water supply, sewerage, road, woh sab state norms ke hisaab se hai ya nahin, yeh kaise check karenge?",code_mixed,Government Schemes,Pradhan Mantri Awas Yojana Guidelines,"Okay, so according to the Pradhan Mantri Awas Yojana guidelines, the first thing you need to check is whether the trunk infrastructure – basically the main lines for utilities – is already there or being provided through AMRUT or some other government scheme. The guidelines specifically ask for a Yes/No answer to this. Then, you need to verify if the civic infrastructure, like water supply, sewerage, roads, storm water drains, external electrification, and solid waste management, is being provided as per applicable norms. These norms could be State norms, CPHEEO norms, IS Code, or NBC.  For example, if a project is being considered, you'd need to confirm that the water supply meets the required standards outlined in the IS Code for potable water.  The guidelines require a Yes/No answer for each of these infrastructure components. If any infrastructure is missing, you need to document the reasons why it hasn't been proposed. There's no specific Act or Section mentioned in this excerpt, it's purely a procedural checklist within the Yojana guidelines. Apni specific situation ke liye ek qualified lawyer se zaroor milein.",Pradhan Mantri Awas Yojana Guidelines (No specific Act/Section),Safe,procedural,PMAY_Guidelines__p51__c0,train
QA_370,"अगर मेरे पास आधार कार्ड नहीं है और मैं प्रधानमंत्री मातृत्व वंदना योजना के तहत लाभ लेना चाहती हूँ, तो मुझे क्या करना चाहिए?",hindi,Government Schemes,Pradhan Mantri Matru Vandana Yojana Guidelines,"प्रधानमंत्री मातृत्व वंदना योजना के अंतर्गत लाभ प्राप्त करने के लिए, यदि आपके पास आधार कार्ड नहीं है या आपने अभी तक इसके लिए आवेदन नहीं किया है, तो आपको योजना में पंजीकरण कराने के 90 दिनों के भीतर आधार नामांकन के लिए आवेदन करना होगा। यह प्रक्रिया केन्द्रों अथवा प्राथमिक स्वास्थ्य केन्द्रों पर की जा सकती है। योजना के दिशानिर्देशों के अनुसार, यह अनिवार्य है कि आप आधार नामांकन के लिए आवेदन करें ताकि आप इस योजना का लाभ उठा सकें। यह प्रावधान आधार अधिनियम (The Aadhaar Act) की धारा 3 के उपखंडों के अनुसार है। उदाहरण के लिए, मान लीजिए कि आपने एक प्राथमिक स्वास्थ्य केंद्र में योजना के लिए पंजीकरण कराया है, तो आपको अगले 90 दिनों में आधार नामांकन के लिए आवेदन करना होगा, अन्यथा आपका पंजीकरण रद्द हो सकता है। आपको जल्द से जल्द आधार नामांकन प्रक्रिया शुरू करने की सलाह दी जाती है।","The Aadhaar Act, Section 3",Safe,procedural,PMMVY_Maternity_Scheme__p69__c0,train
QA_371,"If I see something illegal happening in court, can the Attorney General step in and represent me or my case?",english,Constitutional Law,Constitution of India,"The passage from the Constitution of India outlines the Attorney General's duties and powers, but it doesn't directly address representing individual citizens in court. It states the Attorney General has the right of audience – the right to speak and present arguments – in all courts across India. This means they can appear in court, but primarily to perform legal duties assigned by the President or under existing laws. Their role is more focused on advising the government and representing the government in legal matters, rather than acting as a personal advocate for individuals. For example, if the government is being sued, the Attorney General might represent them. The Constitution doesn't grant them the power to intervene in a private dispute unless specifically directed to do so by the President or another law. The Attorney General holds office at the President's pleasure and receives a determined remuneration. This power is detailed within the Constitution of India, specifically concerning the duties and powers of the Attorney General.","Constitution of India, Article 76 (3), (4)",Safe,procedural,Constitution_of_India__p37__c0,train
QA_372,"Yaar, suppose main accidentally ek aisa machine buy kar leta hoon jo currency notes ko imitate kar sakta hai, even if I didn't intend to use it for forging.  Will I get into trouble? And kitna trouble, exactly?",code_mixed,Criminal Law,Bharatiya Nagarik Suraksha Sanhita 2023,"Okay, so according to the Bharatiya Nagarik Suraksha Sanhita 2023, if you're found making, buying, selling, or even possessing machinery or materials that *can* be used for forging currency notes, you're in serious trouble. Section 182(1) states that you could face imprisonment for life, or a minimum of 10 years, along with a fine. This is a cognizable and non-bailable offense, meaning the police can arrest you without a warrant, and you'll have a tough time getting bail.  It's a big deal. Now, if you're just using documents that *resemble* currency notes, not actually forging them, Section 182(2) says you might just get a fine of 300 rupees. That's a non-cognizable and bailable offense, so police can't arrest you without a warrant, and bail is easier to get. For example, if someone is printing a design that looks a bit like a note for a school project, that falls under the lighter penalty. However, possessing the machine itself, even without using it, is a much more serious offense.  Remember, the law is strict about this. Apni specific situation ke liye ek qualified lawyer se zaroor milein.","Bharatiya Nagarik Suraksha Sanhita 2023, Sections 182(1) and 182(2)",Safe,procedural,BNSS_2023__p191__c0,train
QA_373,"अगर कोई अपराध भारत के बाहर हुआ है, तो क्या भारतीय अदालतें उस पर कार्यवाही कर सकती हैं? और अगर कर सकती हैं, तो किस प्रक्रिया का पालन किया जाएगा?",hindi,Criminal Law,Code of Criminal Procedure 1973,"भारतीय दंड प्रक्रिया संहिता, 1973 (Code of Criminal Procedure, 1973) के अनुसार, यदि कोई अपराध भारत के बाहर किया गया है, तो भारतीय अदालतें कुछ शर्तों के अधीन कार्यवाही कर सकती हैं। धारा 188 में इस बात का उल्लेख है कि भारत के बाहर किए गए अपराधों के संबंध में कार्यवाही की जा सकती है। हालांकि, यह प्रक्रिया जटिल हो सकती है और इसमें विदेशी कानूनों और संधियों का ध्यान रखना आवश्यक होता है। उदाहरण के लिए, मान लीजिए कि एक भारतीय नागरिक विदेश में किसी अपराध में शामिल है। भारतीय अदालतें उस व्यक्ति के खिलाफ कार्यवाही शुरू करने के लिए विदेशी सरकार से सहायता मांग सकती हैं। इसके बाद, धारा 189 के तहत, विदेशी स्रोतों से प्राप्त सबूतों को अदालत में स्वीकार किया जा सकता है। कार्यवाही शुरू करने की शर्तों के बारे में धारा 190, 191, 192, 193 और 194 में भी जानकारी दी गई है, जो मजिस्ट्रेट और सत्र न्यायालयों की भूमिकाओं को परिभाषित करती हैं।","Code of Criminal Procedure, 1973 Sections 188, 189, 190, 191, 192, 193, 194",Safe,procedural,CrPC_1973__p8__c0,val
QA_374,"My friend is experiencing domestic violence and needs a safe place to stay. Can she just go to any shelter home and ask for help, or does she need to go through some process?",english,Women's Rights,Protection of Women from Domestic Violence Act 2005,"According to the Protection of Women from Domestic Violence Act, 2005, your friend can directly request shelter at a shelter home. The Act states that if an aggrieved person, or someone acting on her behalf like a Protection Officer or a service provider, asks the person in charge of a shelter home to provide shelter, that person *must* provide it. There's no requirement for a formal application or prior approval. This provision aims to ensure immediate safety and support for women facing domestic violence. For example, if your friend feels threatened and needs immediate refuge, she can go to a shelter home and request assistance. Similarly, a Protection Officer accompanying her can also make the request on her behalf. The Act also mandates that medical facilities provide medical aid if requested by the aggrieved person or through a Protection Officer or service provider. This highlights the Act's focus on providing accessible and immediate support to victims of domestic violence. Please consult a qualified lawyer for your specific situation.","Protection of Women from Domestic Violence Act 2005, Section 6 & 7",Safe,procedural,PWDVA_2005__p5__c1,train
QA_375,"Yaar, Rights of Persons with Disabilities Act mein accessibility ke baare mein kya kehta hai? Basically, government ko kya karna chahiye?",code_mixed,PWD Rights,Rights of Persons with Disabilities Act 2016,"Okay, so according to the Rights of Persons with Disabilities Act, 2016, Section 40, the Central Government has a responsibility to make things accessible for people with disabilities. They need to create rules, and they’re supposed to do this *with* the Chief Commissioner. These rules should cover a lot – physical spaces like buildings and roads, transportation like buses and trains, and also information and communication, like websites and phone services. It’s about making sure everything is usable. For example, if a university is building a new library, they need to ensure ramps and accessible restrooms are included from the start, not as an afterthought. The government isn’t just thinking about big things either; it’s about making sure information is available in formats people can actually use, like braille or audio. The whole point is to create an inclusive environment. This Act emphasizes that accessibility is a fundamental right, and the government has a duty to ensure it.  It’s a pretty comprehensive approach to making sure everyone can participate. Apni specific situation ke liye ek qualified lawyer se zaroor milein.","Rights of Persons with Disabilities Act, 2016, Section 40",Safe,procedural,RPWD_Act_2016__p18__c0,train
QA_376,"अगर किसी कोर्ट को किसी दूसरे राज्य या क्षेत्र से किसी अभियुक्त के लिए समन, गिरफ्तारी वारंट, या दस्तावेज़ पेश करने के लिए नोटिस मिलता है, तो ये दस्तावेज़ कैसे भेजे जाएंगे?",hindi,Criminal Law,Bharatiya Nagarik Suraksha Sanhita 2023,"भारतीय नागरिक सुरक्षा संहिता 2023 (Bharatiya Nagarik Suraksha Sanhita 2023) के अनुसार, जब किसी कोर्ट को किसी दूसरे राज्य या क्षेत्र से समन, गिरफ्तारी वारंट, या दस्तावेज़ पेश करने के लिए नोटिस मिलता है, तो ये दस्तावेज़ किस रूप में, किस कोर्ट, जज या मजिस्ट्रेट को निर्देशित होकर, और किस प्राधिकरण को भेजने के लिए केंद्रीय सरकार अधिसूचना द्वारा निर्दिष्ट करेगी। इसका मतलब है कि सरकार एक निश्चित प्रक्रिया तय करेगी जिसके अनुसार ये कानूनी दस्तावेज़ भेजे जाएंगे। उदाहरण के लिए, मान लीजिए कि दिल्ली की एक कोर्ट को राजस्थान से किसी अभियुक्त के लिए गिरफ्तारी वारंट मिलता है। तो, वारंट को एक विशेष प्रारूप में, दिल्ली के संबंधित कोर्ट को निर्देशित होकर, और राजस्थान सरकार के निर्दिष्ट प्राधिकरण को भेजने के लिए केंद्रीय सरकार द्वारा निर्धारित प्रक्रिया का पालन करना होगा। यह सुनिश्चित करता है कि दस्तावेज़ सही तरीके से और सुरक्षित रूप से भेजे जाएं। इस प्रक्रिया का उद्देश्य कानूनी कार्यवाही में पारदर्शिता और दक्षता बनाए रखना है।","Bharatiya Nagarik Suraksha Sanhita 2023, Section (2)(a)-(d), (I)",Safe,procedural,BNSS_2023__p46__c1,train
QA_377,"If a magistrate asks me to give bail money for over a year, and I can't afford it, what will happen to me?",english,Criminal Law,Bharatiya Nagarik Suraksha Sanhita 2023,"According to the Bharatiya Nagarik Suraksha Sanhita 2023, if a Magistrate orders you to provide security (bail money) for a period longer than one year, and you are unable to pay it, the Magistrate is required to issue a warrant. This warrant will direct your detention in prison while the Sessions Judge reviews the case. The proceedings from the Magistrate’s court will then be presented to the Sessions Judge as soon as possible. The Sessions Judge will examine these proceedings, potentially requesting additional information or evidence from the Magistrate, and will ensure you have a reasonable opportunity to present your side. For example, imagine someone accused of a serious property offense is ordered to provide bail of ₹10 lakhs for two years. If they genuinely cannot afford this amount, they won't be released and will be held in prison pending the Sessions Judge’s review. The Sessions Judge then decides whether the bail conditions are appropriate or if further action is needed. This process aims to balance ensuring your appearance in court with your ability to meet the bail requirements. The law prioritizes judicial oversight in such situations.","Bharatiya Nagarik Suraksha Sanhita 2023, Section 3",Safe,procedural,BNSS_2023__p55__c1,train
QA_378,"Yaar, suppose agar kisi accused ko court mein itna mental nahi lag raha hai, toh kya hota hai? Magistrate kya kar sakta hai, according to law?",code_mixed,Criminal Law,Code of Criminal Procedure 1973,"Okay, so according to the Code of Criminal Procedure, 1973, if a Magistrate believes that an accused person might not be of sound mind – meaning they're not mentally stable – then the proceedings can be postponed. The law specifically mentions this. The Magistrate won't just continue the trial immediately. Instead, they'll get an opinion from a psychiatrist or a clinical psychologist. They'll assess how much time the accused needs for treatment.  For example, imagine a person accused of theft, but during the trial, they seem confused and disoriented, unable to understand the charges against them. The Magistrate might then order a psychiatric evaluation.  The Magistrate will then postpone the proceedings for the period suggested by the psychiatrist or psychologist and deal with the accused as per Section 330 of the Code. Basically, the focus shifts to getting them the necessary mental health treatment before any further legal action is taken. It's all about ensuring fairness and understanding the accused's mental state.","Code of Criminal Procedure 1973, Section 330",Safe,procedural,CrPC_1973__p148__c1,train
QA_379,"अगर किसी अदालत ने बाल विवाह रोकने का आदेश दिया है, और फिर भी कोई बच्चा विवाह करता है, तो उस विवाह का क्या होगा? क्या वह विवाह कानूनी रूप से मान्य होगा?",hindi,Women's Rights,Prohibition of Child Marriage Act 2006,"बाल विवाह निषेध अधिनियम, 2006 (Prohibition of Child Marriage Act, 2006) के अनुसार, यदि कोई विवाह धारा 13 के तहत जारी किए गए निषेधाज्ञा (injunction) आदेश का उल्लंघन करते हुए किया जाता है, चाहे वह आदेश अस्थायी हो या अंतिम, तो वह विवाह शून्य (void) होगा। इसका मतलब है कि यह विवाह कानूनी रूप से मान्य नहीं होगा। कर्नाटक राज्य ने इस अधिनियम में संशोधन किया है, जिसके अनुसार ऐसे अपराध के लिए न्यूनतम एक वर्ष की कैद का प्रावधान है, जो दो वर्ष तक बढ़ाया जा सकता है। उदाहरण के लिए, मान लीजिए कि अदालत ने एक विशेष परिवार को किसी बच्चे का विवाह करने से रोकने का आदेश दिया है। यदि वे आदेश का पालन नहीं करते हैं और फिर भी विवाह करते हैं, तो वह विवाह शून्य माना जाएगा। अदालत इस मामले में सख्त कार्रवाई कर सकती है और दोषियों को दंडित कर सकती है। यह अधिनियम बच्चों के अधिकारों की रक्षा करने और बाल विवाह को रोकने के लिए महत्वपूर्ण है।","Prohibition of Child Marriage Act, 2006, Section 13, Section 14",Safe,procedural,Child_Marriage_Prohibition_Act_2006__p8__c0,train
QA_380,"I'm curious, what kind of information can I request about the salaries of the Information Commissioners in my state?",english,Labour and Social Welfare,Right to Information Act 2005,"According to the Right to Information Act, 2005, you have the right to request information regarding the salaries, allowances, and other terms and conditions of service for several key figures involved in the RTI process. This includes the State Chief Information Commissioner and the State Information Commissioners. Specifically, the Act mentions this applies to those appointed under sections 16(1) and 16(2), as well as the Information Commissioners under sections 13(1) and 13(2), and the Chief Information Commissioner and Information Commissioners under section 13(5) and section 16(5). For example, if you wanted to know the basic salary and any additional allowances received by a State Information Commissioner, you could file an RTI application requesting this information. The Act explicitly lists these details as accessible under the RTI framework. It’s important to note that this right extends to understanding the compensation structure for these officials who oversee the implementation of the RTI Act. The Act was amended in 2019, as indicated by the reference to Act 24 of 2019, section 4.","Right to Information Act 2005, Sections 13, 16, Act 24 of 2019, s. 4",Safe,procedural,RTI_Act_2005__p21__c1,test
QA_381,"Yeh Warrant to Discharge ka form, Form No. 18, actually kya hota hai? Court kisi ko release karne ke liye isko kaise use karta hai?",code_mixed,Criminal Law,Bharatiya Nagarik Suraksha Sanhita 2023,"Okay, so this Form No. 18, the 'Warrant to Discharge a Person Imprisoned on Failure to Give Security', is basically a court order. It's used when someone is in jail because they couldn't give the security the court asked for – you know, like a bail bond. The passage tells us it's issued to the officer in charge of the jail, or whoever is holding the prisoner. It references sections 141 and 142 of the Bharatiya Nagarik Suraksha Sanhita 2023. The warrant will mention the prisoner's name and details, and the date of the original warrant that sent them to jail.  Think of it like this: let's say someone is accused of a minor offense and the court asks for a security of ₹10,000. If they can't pay, they stay in jail. But later, the court might decide to release them, and that's when this Warrant to Discharge comes in. It formally tells the jail to let the person go. It’s a crucial document ensuring the prisoner’s release is legally authorized. It’s all about ensuring due process and following the law.","Bharatiya Nagarik Suraksha Sanhita 2023, Sections 141 and 142",Safe,procedural,BNSS_2023__p237__c0,train
QA_382,प्रधानमंत्री मातृत्व वंदना योजना (PMMVY) में स्वास्थ्य ब्लॉक स्तर पर स्टीयरिंग और मॉनिटरिंग कमेटी की क्या भूमिका है?,hindi,Government Schemes,Pradhan Mantri Matru Vandana Yojana Guidelines,"प्रधानमंत्री मातृत्व वंदना योजना (PMMVY) के अंतर्गत, स्वास्थ्य ब्लॉक स्तर पर स्टीयरिंग और मॉनिटरिंग कमेटी का मुख्य कार्य योजना के प्रभावी कार्यान्वयन को सुनिश्चित करना है। यह कमेटी योजना की प्रगति की निगरानी करती है, लाभार्थियों की संख्या और उन्हें मिलने वाले किश्तों की जानकारी रखती है। इसके अतिरिक्त, यह कमेटी योजना से संबंधित समस्याओं और चुनौतियों की पहचान करती है और उन्हें हल करने के लिए सुझाव देती है। उदाहरण के लिए, यदि किसी ब्लॉक में लाभार्थियों को समय पर किश्तें नहीं मिल रही हैं, तो कमेटी इस समस्या की जांच करेगी और संबंधित अधिकारियों को आवश्यक कार्रवाई करने के लिए कहेगी। यह योजना मातृत्व लाभ अधिनियम, 1961 (Maternity Benefit Act, 1961) के प्रावधानों के अनुरूप है, हालांकि यह अधिनियम सीधे तौर पर PMMVY को नियंत्रित नहीं करता, बल्कि मातृत्व संबंधी अधिकारों को सुनिश्चित करता है। इस योजना के तहत, राज्य कार्यक्रम समन्वयक और अन्य कर्मचारियों को मासिक वेतन दिया जाता है, जिसका विवरण वार्षिक व्यय में शामिल होता है।","Maternity Benefit Act, 1961 (कोई विशिष्ट सेक्शन नहीं, सामान्य संदर्भ)",Safe,procedural,PMMVY_Maternity_Scheme__p125__c0,train
QA_383,I've heard there's a special rule for the Governor of Nagaland. What does it mean that the Governor can use his 'individual judgment' when dealing with problems in the Naga Hills-Tuensang Area?,english,Constitutional Law,Constitution of India,"The Constitution of India grants the Governor of Nagaland specific powers regarding the Naga Hills-Tuensang Area, particularly concerning internal disturbances. Article 371A of the Constitution allows the Governor to exercise his individual judgment, after consulting with the Council of Ministers, regarding actions to be taken in response to these disturbances. This power remains in effect as long as the Governor believes these disturbances persist. It’s important to understand that while the Council of Ministers is consulted, the final decision rests with the Governor’s assessment. For example, if there are reports of ongoing disputes over land ownership leading to unrest, the Governor might decide to deploy additional security forces, even if the Council of Ministers initially suggests a different approach. The Governor’s judgment is based on his opinion of the situation’s severity and the need for action. This provision aims to provide flexibility in addressing complex and sensitive situations within the region. The Governor’s actions are subject to constitutional scrutiny, however.","Constitution of India, Article 371A",Safe,procedural,Constitution_of_India__p246__c0,train
QA_384,"Yaar, agar main unknowingly (unintentionally) kisi government official ko galat information de do, toh mujhe kya punishment ho sakta hai? Aur agar woh information ek crime ke baare mein ho toh?",code_mixed,Criminal Law,Code of Criminal Procedure 1973,"Okay, so according to the Code of Criminal Procedure, 1973, if you knowingly give false information to a public servant, you could face imprisonment for up to six months, or a fine of 1,000 rupees, or even both. The law says 'Ditto Ditto Ditto' which basically means the same punishment applies. Now, if the information you’re providing relates to the commission of an offence – meaning it’s about a crime – the punishment gets much stricter. In that case, you’re looking at imprisonment for up to two years, or a fine, or both.  'Ditto Ditto Ditto' again signifies the same penalties apply.  For example, imagine you mistakenly tell a police officer that you saw someone stealing a scooter, but later realize you were wrong. While unintentional, providing false information is still an offence. The Act has been amended, but the core penalties remain as described.  It's important to understand that 'Ditto' has been replaced with specific sections as per Act 25 of 2005, section 42.  Always be careful about the information you share with government officials. Apni specific situation ke liye ek qualified lawyer se zaroor milein.","Code of Criminal Procedure 1973, Sections 175, 42 (Act 25 of 2005)",Safe,procedural,CrPC_1973__p201__c1,train
QA_385,"अगर किसी पर अनुसूचित जाति/जनजाति अत्याचार निवारण अधिनियम के तहत अपराध का आरोप लगता है और अदालत उसकी संपत्ति जब्त करती है, तो क्या यह संपत्ति हमेशा जब्त हो जाएगी?",hindi,Labour and Social Welfare,Scheduled Castes and Scheduled Tribes (Prevention of Atrocities) Act 1989,"अनुसूचित जाति और अनुसूचित जनजाति (अत्याचार निवारण) अधिनियम, 1989 के अनुसार, यदि किसी आरोपी पर इस अधिनियम के तहत अपराध करने के लिए मुकदमा चलाया जाता है, तो अदालत उसकी संपत्ति अस्थायी रूप से जब्त कर सकती है। यह संपत्ति मुकदमे के दौरान जब्त रहेगी। यदि मुकदमा दोषसिद्धि में समाप्त होता है, तो जब्त की गई संपत्ति का कुछ हिस्सा जुर्माना भरने के लिए इस्तेमाल किया जा सकता है। संपत्ति का पूरा हिस्सा जब्त नहीं होगा, बल्कि केवल उतना ही हिस्सा जब्त होगा जितना कि जुर्माने की राशि को पूरा करने के लिए आवश्यक होगा। उदाहरण के लिए, मान लीजिए कि किसी व्यक्ति पर अत्याचार करने का आरोप है और अदालत ने उस पर 10,000 रुपये का जुर्माना लगाया है। यदि उसकी संपत्ति का मूल्य 20,000 रुपये है, तो केवल 10,000 रुपये की संपत्ति जब्त की जाएगी, बाकी संपत्ति उसे वापस मिल जाएगी। अधिनियम का यह प्रावधान यह सुनिश्चित करता है कि जुर्माने की राशि वसूल हो सके, लेकिन निर्दोष व्यक्ति को अनावश्यक रूप से दंडित न किया जाए। यह अधिनियम धारा 7 और धारा 8 में इस बात का उल्लेख करता है।","Scheduled Castes and Scheduled Tribes (Prevention of Atrocities) Act, 1989 - Sections 7 & 8",Safe,procedural,SC_ST_Atrocities_Act_1989__p11__c0,train
QA_386,"My neighbor broke into my house while I was away. He didn't steal anything, but I heard him talking about hurting someone. What could he be charged with and what punishment might he face?",english,Criminal Law,Code of Criminal Procedure 1973,"Based on the Code of Criminal Procedure, 1973, your neighbor could potentially be charged with house-trespass. The severity of the charge and the potential punishment depend on what offence he intended to commit while trespassing. Since you mentioned he was talking about hurting someone, and that could potentially be an offence punishable with death or imprisonment for life, he could face a very serious charge. The Code states that house-trespass in order to commit an offence punishable with death carries a punishment of imprisonment for life, or rigorous imprisonment for 10 years, along with a fine. If the intended offence carried imprisonment for life, the punishment would be imprisonment for 10 years and a fine. If the intended offence carried a lesser imprisonment, the punishment would be imprisonment for 2 years and a fine. For example, if he was planning to assault someone, which carries a potential imprisonment, he would face imprisonment for 2 years and a fine. This is a cognizable, non-bailable offence, meaning the police can arrest him without a warrant, and he will need to apply for bail. The case would likely be heard in the Court of Sessions. Please consult a qualified lawyer for your specific situation.","Code of Criminal Procedure 1973, Sections not explicitly mentioned but implied within the passage",Safe,procedural,CrPC_1973__p219__c0,val
QA_387,"Yeh Pradhan Mantri Matru Vandana Yojana (PMMVY) mein district level par, office setup ke liye kitna paisa allocate kiya ja sakta hai? Furniture aur computers, etc. ke liye kitna budget hai?",code_mixed,Government Schemes,Pradhan Mantri Matru Vandana Yojana Guidelines,"According to the PMMVY guidelines, the district PMMVY cell can receive a significant amount for setting up or maintaining their office. The non-recurring expenditure, which is a one-time cost, is allocated ₹2,88,000.  Within that, furniture and other office equipment like tables, chairs, and a Xerox machine are covered, totaling ₹1,00,000.  Plus, they can get four computers/laptops with webcams and UPS, costing ₹35,000 each, and one printer-scanner for ₹12,000, adding up to ₹1,88,000.  Now, for recurring expenses, like salaries, the district coordinator gets ₹35,000 per month, totaling ₹4,20,000 annually, and the programme assistant gets ₹20,000 per month, totaling ₹2,40,000 annually. So, the total salary expenditure (A) is ₹6,60,000.  For example, if a district needs to replace an old computer, they can use the allocated funds.  This is all as per the PMMVY guidelines.  Apni specific situation ke liye ek qualified lawyer se zaroor milein.","Pradhan Mantri Matru Vandana Yojana Guidelines, Section 3",Safe,procedural,PMMVY_Maternity_Scheme__p79__c0,train
QA_388,"अगर मैं अदालत में एक दुभाषिया के तौर पर काम करता हूँ, तो क्या मेरे द्वारा दी गई जानकारी गोपनीय मानी जाएगी? क्या मेरी गोपनीयता भंग हो सकती है?",hindi,Criminal Law,Indian Evidence Act 1872,"भारतीय साक्ष्य अधिनियम, 1872 के अनुसार, धारा 126 की शर्तें दुभाषियों पर भी लागू होती हैं। इसका मतलब है कि दुभाषिया के तौर पर अदालत में काम करते समय, आपके द्वारा दी गई जानकारी कुछ शर्तों के अधीन गोपनीय मानी जाएगी। अधिनियम यह सुनिश्चित करता है कि दुभाषियों को भी वकीलों, मुंशी और अटॉर्नी के क्लर्क और नौकरों की तरह ही कुछ गोपनीयता का अधिकार मिले। उदाहरण के लिए, मान लीजिए कि एक मामले में एक गवाह को अनुवाद की आवश्यकता है और आप दुभाषिया के रूप में काम कर रहे हैं। गवाह द्वारा बताई गई संवेदनशील जानकारी, जो धारा 126 में उल्लिखित है, को आपको गोपनीय रखना होगा। इसका मतलब है कि आप उस जानकारी को मामले से बाहर किसी और के साथ साझा नहीं कर सकते। धारा 127 स्पष्ट रूप से इस बात को दोहराती है। अधिनियम का उद्देश्य यह सुनिश्चित करना है कि कानूनी प्रक्रिया में शामिल लोगों की गोपनीयता का सम्मान किया जाए।","Indian Evidence Act 1872, Sections 126 & 127",Safe,procedural,Indian_Evidence_Act_1872__p52__c1,val
QA_389,Can the government limit my fundamental rights if I'm in the army?,english,Constitutional Law,Constitution of India,"The Indian Constitution, under Article 33, allows Parliament to create laws that can restrict certain fundamental rights for specific groups. This primarily applies to members of the Armed Forces, those maintaining public order, individuals working in intelligence or counter-intelligence agencies established by the State, and those involved in telecommunication systems supporting these forces. Essentially, the government can, through legislation, modify how these rights apply to these categories of individuals. This isn't a blanket suspension of rights, but rather a tailored application. For instance, a soldier deployed in a conflict zone might face temporary restrictions on freedom of movement or expression, as defined by a law passed by Parliament. The specific limitations would depend on the law itself and the circumstances. This power is carefully balanced to ensure national security and public order. The Constitution doesn't specify the exact nature of these restrictions, leaving it to Parliament to define them through legislation. There is no specific Act mentioned in this article, it grants Parliament the power to legislate.","Constitution of India, Article 33",Safe,procedural,Constitution_of_India__p19__c0,train
QA_390,"Police bina warrant ke arrest kar sakta hai? Kab tak allowed hai, aur kab nahi?",code_mixed,Criminal Law,Bharatiya Nagarik Suraksha Sanhita 2023,"Okay, so according to the Bharatiya Nagarik Suraksha Sanhita 2023, it's a bit complicated. Basically, police *can* arrest someone without a warrant, but only in specific situations. The law says if a requisition is issued, and it looks like the person can be lawfully arrested without a warrant by the officer who sent the requisition, then it's allowed. However, there's a big catch! If the case is a non-cognizable offence, or if there's a complaint against you, or even just a reasonable suspicion, then police *cannot* arrest you without a warrant or an order from a Magistrate. 

For example, let's say police receive information about a minor theft. If it's a non-cognizable offence, they can't just pick you up. They need a Magistrate's order first. The law is very clear on this point. The police officer should only arrest someone if it's absolutely necessary. Section 39 also has some provisions that might apply, so it's important to be aware of those too.  It's all about protecting your rights and ensuring due process. 

Apni specific situation ke liye ek qualified lawyer se zaroor milein.","Bharatiya Nagarik Suraksha Sanhita 2023, Sections 2 & 39",Safe,procedural,BNSS_2023__p28__c1,test
QA_391,"अगर कोई व्यक्ति किसी सरकारी कर्मचारी को अपने काम से रोकने के लिए चोट पहुंचाता है, तो उसे कितने साल की जेल हो सकती है?",hindi,Criminal Law,Code of Criminal Procedure 1973,"भारतीय दंड संहिता (Indian Penal Code) के अनुसार, यदि कोई व्यक्ति किसी सरकारी कर्मचारी को उसके कर्तव्य से रोकने के लिए चोट पहुंचाता है, तो उसे कारावास हो सकता है। इस मामले में, कोड ऑफ क्रिमिनल प्रोसीजर 1973 (Code of Criminal Procedure 1973) के अनुसार, यह अपराध गैर-जमानती अदालत सत्र न्यायालय (Non-bailable Court of Session) के अधिकार क्षेत्र में आता है।  इसलिए, दोषी पाए जाने पर व्यक्ति को कारावास की सजा हो सकती है।  उदाहरण के लिए, मान लीजिए कि एक प्रदर्शनकारी एक पुलिस अधिकारी को भीड़ को नियंत्रित करने से रोकने के लिए धक्का देता है।  इस स्थिति में, पुलिस अधिकारी को चोट लगने के कारण प्रदर्शनकारी को गैर-जमानती अदालत में पेश किया जा सकता है और उसे कारावास की सजा हो सकती है।  सजा की अवधि अपराध की गंभीरता और अन्य प्रासंगिक कारकों पर निर्भर करेगी।  यह ध्यान रखना महत्वपूर्ण है कि यह केवल एक सामान्य जानकारी है और विशिष्ट कानूनी सलाह के लिए योग्य वकील से परामर्श करना आवश्यक है।","Code of Criminal Procedure 1973, Section not specified in passage",Safe,procedural,CrPC_1973__p211__c1,train
QA_392,My relative wants to open a home to care for people with disabilities. Does he need to get permission from the government before he starts?,english,PWD Rights,Rights of Persons with Disabilities Act 2016,"According to the Rights of Persons with Disabilities Act, 2016, generally, yes, your relative needs to obtain a certificate of registration from the competent authority before establishing or maintaining an institution for persons with disabilities. This requirement ensures that these institutions meet certain standards and provide adequate care. However, there's an important exception. If the institution is specifically for the care of mentally ill persons and already holds a valid license under Section 8 of the Mental Health Act, 1987, or any other relevant Act, it is not required to register under the Rights of Persons with Disabilities Act. For example, if a facility already licensed to provide mental health care wants to expand its services to include individuals with intellectual disabilities, it would still be exempt from registration under this Act, provided its mental health license remains valid. The Act, specifically Section 51, outlines the application and grant of this certificate of registration. It’s crucial to adhere to these regulations to avoid legal complications. Please consult a qualified lawyer for your specific situation.","Rights of Persons with Disabilities Act 2016, Section 51",Safe,procedural,RPWD_Act_2016__p19__c1,train
QA_393,"Yaar, mujhe yeh samajh mein nahi aa raha hai ki court kab tak ek case pe cognizance le sakti hai? Limitation period kya hota hai, aur agar court time limit cross kar de toh kya hota hai?",code_mixed,Criminal Law,Code of Criminal Procedure 1973,"Okay, so according to the Code of Criminal Procedure, 1973, there's a specific rule about when a court can take cognizance of an offence – it's all about the limitation period. Section 468 basically says that after a certain period has passed, the court is barred from taking cognizance. This means they can't start the trial. The period starts from the date of the offence, as mentioned in Section 469. However, there are exceptions! Section 470 allows for exclusion of time in certain cases, like if there's a delay due to some unavoidable reason.  For example, if a court was closed for a holiday, that date is excluded from the limitation period, as per Section 471.  Section 473 also talks about extending the period in specific situations.  The chapters XXXVI and XXXVII cover these limitations and miscellaneous provisions related to trials and procedures. It's a bit complex, but the core idea is to ensure cases are dealt with within a reasonable timeframe.  Remember, this is just a general overview. Apni specific situation ke liye ek qualified lawyer se zaroor milein.","Code of Criminal Procedure, 1973 - Sections 468, 469, 470, 471, 473",Safe,procedural,CrPC_1973__p18__c0,train
QA_394,"अगर मैं किसी सरकारी अधिकारी के खिलाफ़ भ्रष्टाचार का आरोप लगाना चाहता हूँ, तो क्या यह मानहानि (defamation) मानी जाएगी?",hindi,Criminal Law,Indian Penal Code 1860,"भारतीय दंड संहिता, 1860 की धारा 499 में मानहानि को परिभाषित किया गया है, लेकिन इसमें कुछ अपवाद भी हैं। इस passage के अनुसार, यदि आप किसी व्यक्ति के खिलाफ़ किसी अधिकृत व्यक्ति को सद्भावनापूर्वक (good faith) आरोप लगाते हैं, तो यह मानहानि नहीं माना जाएगा। 'अधिकृत व्यक्ति' का अर्थ है वह व्यक्ति जिसके पास उस आरोप के विषय-वस्तु पर उस व्यक्ति (जिसके खिलाफ आरोप है) पर अधिकार है। उदाहरण के लिए, यदि कोई व्यक्ति किसी सरकारी कर्मचारी के भ्रष्टाचार के बारे में एक मजिस्ट्रेट के सामने शिकायत करता है, तो यह मानहानि नहीं होगी, बशर्ते शिकायत सद्भावनापूर्वक की गई हो। इसका मतलब है कि आपको वास्तव में विश्वास होना चाहिए कि आरोप सही है और आप दुर्भावना से काम नहीं कर रहे हैं। यह ध्यान रखना महत्वपूर्ण है कि केवल सद्भावनापूर्वक आरोप लगाना ही पर्याप्त नहीं है; आपके पास कुछ सबूत भी होने चाहिए जो आपके आरोप का समर्थन करते हों। यदि आप बिना किसी सबूत के झूठा आरोप लगाते हैं, तो यह मानहानि हो सकती है।","Indian Penal Code 1860, Section 499, Exception 8",Safe,procedural,IPC_1860__p221__c0,train
QA_395,"My friend told me her doctor performed a procedure on her that she didn't fully understand. Could her doctor still be breaking the law, even if she gave consent?",english,Criminal Law,Bharatiya Nyaya Sanhita 2023,"The Bharatiya Nyaya Sanhita 2023 addresses situations where consent doesn't automatically protect someone from legal consequences. Section 29 specifically states that certain exceptions to offences don't apply if the act itself is considered a crime regardless of the harm caused, the intended harm, or the likelihood of harm, even with consent. This means that even if a person consents to an action, it can still be an offence. The illustration provided clarifies this with the example of causing a miscarriage. Unless performed in good faith to save a woman's life, it remains an offence irrespective of her consent or any harm intended. Essentially, some actions are inherently illegal, and consent doesn't negate that illegality. This principle applies to acts considered offences independently of any potential harm. It’s a crucial distinction, highlighting that consent isn't a universal shield against legal repercussions. The law prioritizes certain actions as inherently wrong, regardless of agreement. Please consult a qualified lawyer for your specific situation.","Bharatiya Nyaya Sanhita 2023, Section 29",Safe,procedural,BNS_2023__p27__c0,train
QA_396,"Yaar, agar main court mein oath lene se mana kar doon, toh kya hoga? Fine lag jayega ya jail bhi ho sakta hai?",code_mixed,Criminal Law,Code of Criminal Procedure 1973,"Okay, so according to the Code of Criminal Procedure, 1973, if a public servant asks you to take an oath and you refuse, there can be consequences. The law says you could face simple imprisonment for up to six months, or a fine of 1,000 rupees, or even both! It's considered an offence. Now, this is a bailable offence, which means you can get bail. The court where the offence happened, or any Magistrate, can handle the case, depending on the rules in Chapter XXVI.  It's important to remember that you are legally bound to state the truth, and refusing to answer questions after being asked to take an oath is also treated similarly. For example, imagine you're giving testimony in a case and the judge asks you to swear an oath, and you just say 'nahi, main oath nahi luga'. That could lead to these penalties.  It's not about just disagreeing; it's about refusing to comply with a legal requirement.  The same applies if you refuse to sign a statement given to a public servant when you're legally required to do so – that can get you up to 3 months imprisonment or a fine of 500 rupees.","Code of Criminal Procedure, 1973 - Sections related to refusal of oath and signing statements",Safe,procedural,CrPC_1973__p202__c0,train
QA_397,"अगर मुझ पर शांति भंग करने के लिए बांड (bond) जब्त होने का नोटिस आया है, तो मुझे क्या करना चाहिए?",hindi,Criminal Law,Bharatiya Nagarik Suraksha Sanhita 2023,"अगर आपको शांति भंग करने के लिए बांड जब्त होने का नोटिस मिला है, तो इसका मतलब है कि आपने पहले एक बांड पर हस्ताक्षर किए थे जिसमें आप कुछ निश्चित व्यवहार न करने का वादा किया था, और अब उस बांड के उल्लंघन का प्रमाण दिया गया है। इस नोटिस में आपको बांड में उल्लिखित जुर्माने का भुगतान करने के लिए कहा जा रहा है। यह प्रक्रिया भारतीय नागरिक सुरक्षा संहिता 2023 (Bharatiya Nagarik Suraksha Sanhita 2023) के धारा 491 के तहत संचालित होती है। उदाहरण के लिए, मान लीजिए आपने अदालत में शांति भंग करने के इरादे से हंगामा किया, जिसके परिणामस्वरूप आपको शांति भंग न करने का बांड देने के लिए मजबूर किया गया। यदि आप फिर से ऐसा करते हैं, तो बांड जब्त हो सकता है और आपको जुर्माना देना पड़ सकता है। आपको नोटिस में दिए गए समय सीमा के भीतर जुर्माने का भुगतान करना होगा। यदि आप भुगतान करने में विफल रहते हैं, तो आपके खिलाफ कानूनी कार्रवाई की जा सकती है। आपको तुरंत इस नोटिस को गंभीरता से लेना चाहिए और कानूनी सलाह लेनी चाहिए।","Bharatiya Nagarik Suraksha Sanhita 2023, Section 491",Safe,procedural,BNSS_2023__p275__c0,train
QA_398,"If I publicly criticize the Indian government, could I be arrested under Section 124A?",english,Criminal Law,Code of Criminal Procedure 1973,"Section 124A of the Code of Criminal Procedure, 1973 deals with sedition. The passage indicates that engaging in activities deemed seditious, such as inciting disaffection towards the government, can lead to serious legal consequences. Specifically, it outlines potential punishments including imprisonment for life and a fine, or imprisonment for up to three years and a fine, or just a fine. It's important to note that this section is often interpreted narrowly by courts. The passage also mentions offenses related to waging war against powers allied or at peace with India, which carry even harsher penalties, including life imprisonment or seven years imprisonment with a fine. For example, if someone publicly encourages people to actively rebel against the Indian government and disrupt public order, that could potentially fall under the scope of Section 124A. The court handling such cases would be a Court of Session, and the offense is considered both cognizable and non-bailable.","Code of Criminal Procedure 1973, Section 124A",Safe,procedural,CrPC_1973__p198__c0,train
QA_399,"Police ne mujhe arrest kiya, lekin Magistrate ne mujhe kabhi court mein nahi dikhaya. Kya ye legal hai? Aur agar detention extend bhi ho sakta hai, toh kaise?",code_mixed,Criminal Law,Code of Criminal Procedure 1973,"According to the Code of Criminal Procedure, 1973, police cannot just keep you detained. The law says that you *must* be produced before the Magistrate in person – face to face – the very first time you're arrested, and then every single time you're in police custody. This is to ensure your rights are protected. However, the Magistrate *can* extend your detention in judicial custody, but only after you've been produced. Now, the interesting part is, they can even do this using electronic video linkage – like a video call – if physically bringing you to court isn't possible. For example, if you're seriously ill and hospitalized, the Magistrate can still see you via video. The passage specifically mentions that this extension is only possible *after* the accused has been produced, either in person or through video. It clarifies that any questions about whether you were produced before the Magistrate will be considered under Explanation II. Basically, the law prioritizes your appearance before a Magistrate to safeguard against unlawful detention.  It's a crucial safeguard against police overreach.  Remember, this is based solely on the provided passage.","Code of Criminal Procedure 1973, Section 57",Safe,procedural,CrPC_1973__p88__c1,train
QA_400,अगर किसी महिला को मिसकैरेज (miscarriage) हो जाए तो उसे मातृत्व लाभ (maternity benefit) कब तक की छुट्टी मिलती है?,hindi,Women's Rights,Maternity Benefit Act 1961,"मातृत्व लाभ अधिनियम, 1961 (Maternity Benefit Act, 1961) के अनुसार, यदि किसी महिला को मिसकैरेज होता है, तो उसे भी डिलीवरी के बाद की तरह ही छह सप्ताह की छुट्टी मिलती है। यह छुट्टी मिसकैरेज होने की तारीख से शुरू होती है। अधिनियम का यह प्रावधान यह सुनिश्चित करता है कि मिसकैरेज से गुजरी महिला को शारीरिक और भावनात्मक रूप से ठीक होने के लिए पर्याप्त समय मिले। उदाहरण के लिए, मान लीजिए कि एक महिला को गर्भावस्था के छठे महीने में मिसकैरेज होता है। उसे अधिनियम के तहत छह सप्ताह की छुट्टी का अधिकार होगा, जिससे वह आराम कर सके और अपनी सेहत पर ध्यान दे सके। इस दौरान, नियोक्ता उसे काम करने के लिए बाध्य नहीं कर सकता। यह अधिनियम महिलाओं के अधिकारों की रक्षा करता है और उन्हें मातृत्व संबंधी लाभ प्रदान करता है, चाहे डिलीवरी हो या मिसकैरेज। अधिनियम का यह प्रावधान धारा 2 में स्पष्ट रूप से उल्लिखित है।","Maternity Benefit Act, 1961 Section 2",Safe,procedural,Maternity_Benefit_Act_1961__p8__c0,train
QA_401,I heard some old laws about village councils were still valid after the 1992 changes. How long did those old laws stay in effect?,english,Constitutional Law,Constitution of India,"The Seventy-third Amendment Act, 1992, brought significant changes to Panchayati Raj institutions in India. However, the Act recognized that some existing state laws dealing with village councils might be inconsistent with the new provisions. According to the Constitution of India, these pre-existing state laws were allowed to continue in force, but only for a limited time. Specifically, they would remain valid until either the state legislature amended or repealed them, or until one year had passed from the commencement of the Seventy-third Amendment Act, 1992, whichever came first. For example, if a state had a law regarding the election of village council members that conflicted with the new national guidelines, that state law would remain in place until the state government changed it or a year passed. Importantly, existing Panchayats (village councils) were allowed to continue until the end of their term, even if the one-year period had elapsed, unless they were dissolved by a resolution.","Constitution of India, Seventy-third Amendment Act, 1992",Safe,procedural,Constitution_of_India__p138__c0,train
QA_402,"Yaar, High Court mein working karne wale officers aur servants ko kaun decide karta hai? Aur agar salary, allowances ya pension ki baat aati hai toh kya process hai?",code_mixed,Constitutional Law,Constitution of India,"Okay, so according to the Constitution of India, the Chief Justice of the High Court decides who the officers and servants will be. They can make rules for this, or authorize another Judge or officer to do so. But there's a catch! If these rules involve salaries, allowances, leave, or pensions – basically, anything related to money and benefits – then they *need* the approval of the Governor of the State. It's a two-step process, you see. 

For example, let's say the High Court wants to increase the pension for retired clerks. The Chief Justice can propose the rule, but before it becomes effective, it has to go to the Governor for their approval. This is to ensure there's a check and balance and that the state government is also involved in financial decisions related to the High Court. The passage also mentions that the administrative expenses, including all these payments, are also covered. This is all under Article 214(3) of the Constitution. It's a pretty important safeguard, ensuring transparency and accountability in how the High Court manages its personnel and finances. Apni specific situation ke liye ek qualified lawyer se zaroor milein.","Constitution of India, Article 214(3)",Safe,procedural,Constitution_of_India__p116__c0,val
QA_403,"अगर किसी व्यक्ति पर जुर्माना लगाया जाता है और वह जुर्माना भरने में असमर्थ होता है, तो क्या होगा? क्या उसे जेल भी जाना पड़ सकता है?",hindi,Criminal Law,Bharatiya Nyaya Sanhita 2023,"भारतीय न्याय संहिता, 2023 के अनुसार, यदि किसी व्यक्ति को किसी अपराध के लिए जुर्माना लगाया जाता है और वह जुर्माना भरने में विफल रहता है, तो अदालत उसे जेल भी भेज सकती है। धारा 4 स्पष्ट रूप से कहती है कि जुर्माना न भरने की स्थिति में अदालत अपराधी को उस अपराध के लिए दी जा सकने वाली किसी भी प्रकार की सजा सुना सकती है। इसका मतलब है कि जुर्माना भरने में विफल रहने पर उसे साधारण कारावास की सजा हो सकती है। इसी तरह, यदि अपराध केवल जुर्माना या सामुदायिक सेवा से दंडनीय है, तो जुर्माना न भरने या सामुदायिक सेवा न करने पर अदालत उसे साधारण कारावास की सजा दे सकती है। उदाहरण के लिए, मान लीजिए किसी को सार्वजनिक संपत्ति को नुकसान पहुंचाने के लिए 5000 रुपये का जुर्माना लगाया गया है, लेकिन वह जुर्माना भरने में असमर्थ है। अदालत उसे 15 दिनों के साधारण कारावास की सजा सुना सकती है। यह अदालत के विवेक पर निर्भर करता है कि वह किस प्रकार की सजा सुनाती है।","Bharatiya Nyaya Sanhita 2023, Section 4",Safe,procedural,BNS_2023__p22__c1,train
QA_404,My son has cerebral palsy. What kind of organization does this law create to help people like him?,english,PWD Rights,"National Trust for Welfare of Persons with Autism, Cerebral Palsy, Mental Retardation and Multiple Disabilities Act 1999","The National Trust for Welfare of Persons with Autism, Cerebral Palsy, Mental Retardation and Multiple Disabilities Act, 1999, establishes a national-level body specifically dedicated to the welfare of individuals with autism, cerebral palsy, mental retardation, and multiple disabilities. Essentially, this Act aims to create a central organization focused on supporting these vulnerable populations. The Act's primary purpose, as stated in its preamble, is to provide for the constitution of this body. It doesn't detail the specific functions or services the National Trust will provide, but it sets the foundation for its creation and operation. For example, if a family needs assistance navigating resources or advocating for their child's rights, the National Trust, once fully established, could potentially offer support. The Act, under Section 1, is titled 'Short title and extent,' and it simply names the Act and clarifies its scope. It doesn't elaborate on the Trust's activities beyond its establishment. Please consult a qualified lawyer for your specific situation.","National Trust for Welfare of Persons with Autism, Cerebral Palsy, Mental Retardation and Multiple Disabilities Act, 1999, Section 1",Safe,procedural,National_Trust_Act_1999__p3__c0,test
QA_405,"Yeh Beti Bachao Beti Padhao scheme mein, districts kya-kya innovative initiatives kar rahe hain? Basically, scheme ka under kuch new things ho rahe hain na?",code_mixed,Government Schemes,Beti Bachao Beti Padhao Scheme Guidelines,"Okay, so according to the BBBP scheme guidelines, districts are doing quite a few innovative things, you know, to spread awareness and improve the child sex ratio. The passage mentions that they're working with other departments – partner departments – to make people more aware of the issue. It’s all about building visibility, sensitizing people, and starting conversations. They're trying to create a national consciousness, basically, amongst different groups and stakeholders. The scheme encourages districts to come up with their own ideas. For example, a district might organize a public awareness campaign with street plays or workshops focusing on the importance of educating girls. The guidelines list these initiatives to inspire other districts. The main goal is to empower women and improve the ratio. It’s not specifying exact initiatives, but it’s highlighting the collaborative and innovative approach being taken across different districts. It’s all about finding new ways to address this important social issue.","Beti Bachao Beti Padhao Scheme Guidelines, Appendix 6, Page 96",Safe,informational,Beti_Bachao_Beti_Padhao__p96__c0,train
QA_406,"अगर अदालत किसी बच्चे की संपत्ति का संरक्षक नियुक्त करती है, तो क्या अदालत उस बच्चे के रिश्तेदारों या दोस्तों को यह सूचित कर सकती है कि संपत्ति के संरक्षक को कुछ करने की अनुमति मांगी जा रही है? और अगर कोई व्यक्ति इस अनुमति का विरोध करता है, तो अदालत क्या करेगी?",hindi,Children's Rights,Guardians and Wards Act 1890,"गार्जियंस एंड वार्ड्स एक्ट 1890 के अनुसार, अदालत के पास यह अधिकार है कि यदि वह किसी कार्य को करने की अनुमति देने के लिए आवेदन प्राप्त करती है (जैसा कि धारा 29 में उल्लेखित है), तो वह उस बच्चे के किसी भी रिश्तेदार या मित्र को नोटिस भेज सकती है, जिसे अदालत के विचार में नोटिस मिलना चाहिए। अदालत उस व्यक्ति का बयान भी सुनेगी और रिकॉर्ड करेगी जो आवेदन का विरोध कर रहा है। इसका मतलब है कि अदालत बच्चे के हितधारकों की राय को ध्यान में रखती है। उदाहरण के लिए, मान लीजिए कि अदालत ने एक बच्चे की संपत्ति का संरक्षक नियुक्त किया है और संरक्षक बच्चे की संपत्ति बेचने की अनुमति मांग रहा है। अदालत बच्चे के माता-पिता या दादा-दादी को नोटिस भेज सकती है और उनसे उनकी राय पूछ सकती है। यदि कोई व्यक्ति अनुमति का विरोध करता है, तो अदालत उस व्यक्ति के तर्क सुनेगी और यह तय करेगी कि अनुमति दी जानी चाहिए या नहीं। अदालत संरक्षक की शक्तियों में बदलाव भी कर सकती है, खासकर यदि संरक्षक कलेक्टर नहीं है, जैसा कि धारा 32 में बताया गया है।","Guardians and Wards Act 1890, Sections 29 & 32",Safe,procedural,Guardians_Wards_Act_1890__p11__c1,train
QA_407,"If I ask someone to bring a document to court, can I question them about it later, like a witness would be questioned?",english,Criminal Law,Indian Evidence Act 1872,"The Indian Evidence Act, 1872, clarifies the rules around questioning someone who brings a document to court. Simply producing a document doesn't automatically make that person a witness. According to Section 139, they cannot be cross-examined unless they are formally called as a witness in the case. This means the court needs to specifically designate them as a witness for them to be subject to questioning. For example, if you ask your neighbor to bring a property deed to court, and they do so, you can't directly question them about the deed's contents unless the court calls them to testify. However, witnesses who are called to testify about someone’s character, as outlined in Section 140, *can* be cross-examined and re-examined. Furthermore, Section 141 defines a 'leading question' as one that suggests the desired answer. It's crucial to understand these distinctions to ensure proper procedure in court. The act governs how evidence is presented and questioned.","Indian Evidence Act 1872, Sections 139, 140, 141",Safe,procedural,Indian_Evidence_Act_1872__p54__c1,train
QA_408,"Yaar, Mental Healthcare Act mein kahaa bola hai ki government ko mental health professionals ki number kitni rakhni chahiye? Aur woh kitne saalon mein achieve karna hai?",code_mixed,PWD Rights,Mental Healthcare Act 2017,"Okay, so according to the Mental Healthcare Act, 2017, the appropriate government needs to try and meet internationally accepted guidelines for the number of mental health professionals based on the population. Basically, they need to ensure there are enough doctors, nurses, and therapists available. The Act says they should make efforts to achieve this within ten years from when the Act started. It's a long-term goal, but it's important for ensuring everyone gets the mental healthcare they need. For example, imagine a district with a large population and only one psychiatrist – that’s not enough! The government needs to work towards having a better ratio. This section focuses on coordination between different government departments to make sure these services are properly planned and delivered. It’s all about making sure mental healthcare is accessible and of good quality. The Act emphasizes the importance of this coordination to avoid gaps in service delivery.  It’s a crucial aspect of implementing the Act effectively.  Section 3, and Section 32 are relevant here.","Mental Healthcare Act 2017, Sections 3 & 32",Safe,procedural,Mental_Healthcare_Act_2017__p17__c1,train
QA_409,"अगर केंद्र सरकार को साइबर मामलों में सलाह की ज़रूरत हो, तो वो किससे सलाह लेती है? और ये सलाह देने वाली कमेटी कैसे बनाई जाती है?",hindi,Consumer and Cyber Law,Information Technology Act 2000,"सूचना प्रौद्योगिकी अधिनियम, 2000 (Information Technology Act, 2000) के अनुसार, केंद्र सरकार साइबर मामलों में सलाह लेने के लिए 'साइबर रेगुलेशन्स एडवाइजरी कमेटी' (Cyber Regulations Advisory Committee) बनाती है। इस कमेटी में ऐसे लोग शामिल होते हैं जिन्हें उस विषय की विशेष जानकारी होती है, जैसा कि केंद्र सरकार उचित समझे। कमेटी का काम है केंद्र सरकार को सामान्य रूप से या इस अधिनियम से जुड़े किसी भी नियम के संबंध में सलाह देना। इसके अतिरिक्त, यह कमेटी अधिनियम के तहत नियमों को बनाने वाले नियंत्रक (Controller) को भी सलाह देती है। उदाहरण के लिए, अगर सरकार ऑनलाइन गेमिंग पर नए नियम बनाने की सोच रही है, तो वह इस कमेटी से सलाह लेगी कि ये नियम कैसे होने चाहिए ताकि वे प्रभावी और उचित हों। कमेटी की संरचना और सदस्यों का चयन केंद्र सरकार द्वारा किया जाता है। यह सुनिश्चित किया जाता है कि कमेटी में विभिन्न क्षेत्रों के विशेषज्ञ शामिल हों।","Information Technology Act, 2000, Section 3",Safe,procedural,IT_Act_2000__p34__c1,train
QA_410,"If the members of the Rajya Sabha (Council of States) want to remove the Vice-President, how do they do it, and how much notice do they need to give?",english,Constitutional Law,Constitution of India,"According to Article 68(b) of the Constitution of India, the Vice-President can be removed from office through a resolution passed by the Council of States (Rajya Sabha). However, this isn't a simple process. The resolution must be approved by a majority of all the members currently in the Council of States. Crucially, the House of the People (Lok Sabha) must also agree to this resolution for the removal to be valid. Before a resolution can even be proposed, at least fourteen days' notice must be given to the Council of States, informing them of the intention to introduce the resolution. For example, if a group of Rajya Sabha members feels the Vice-President has acted inappropriately, they must first formally announce their intention to move a removal resolution at least two weeks prior to actually doing so. This notice period ensures due process and allows the Vice-President to prepare a response. The Constitution of India, Article 68(b) outlines this specific procedure.","Constitution of India, Article 68(b)",Safe,procedural,Constitution_of_India__p33__c0,train
QA_411,"Yaar, Pradhan Mantri Awas Yojana ke under, agar mere house ka carpet area 60 square meters se zyada ho gaya, toh kya problem ho sakta hai? And loan ke liye apply karte time, 'Purpose of loan' mein main kya options choose kar sakta hoon?",code_mixed,Government Schemes,Pradhan Mantri Awas Yojana Guidelines,"Okay, so according to the Pradhan Mantri Awas Yojana guidelines, the carpet area of your house is a crucial factor. If your house's carpet area is *more than* 60 square meters, it might impact your eligibility for certain benefits under the scheme. The guidelines specifically list options for carpet area: up to 30 sq mtrs, up to 60 sq mtrs, and then 'more than 60 sq mtrs'.  So, exceeding 60 sq mtrs doesn't automatically disqualify you, but it's something to be aware of.  

Regarding the 'Purpose of loan', you have four options to choose from. These are coded as 01 for purchase, 02 for construction, 03 for extension, and 04 for repair. For example, if you're buying a new flat, you'd select '01'. If you're building a new house from scratch, you'd choose '02'.  Let's say you want to add a room to your existing house – that would be '03' (extension). And if your roof is leaking and you need to fix it, you'd select '04' (repair).  You need to accurately reflect the reason for your housing loan. This information is crucial for processing your application.  The guidelines also require a complete postal address and ownership details.  This falls under the Pradhan Mantri Awas Yojana Scheme Guidelines, specifically points 7, 8, 9, 10, 11, and 12.","Pradhan Mantri Awas Yojana Guidelines, Sections 7, 8, 9, 10, 11, 12",Safe,procedural,PMAY_Guidelines__p32__c0,train
QA_412,"अगर 'बेटी बचाओ बेटी पढ़ाओ' योजना का मूल्यांकन किसी स्वतंत्र एजेंसी द्वारा किया जा रहा है, तो क्या नीति आयोग (NITI Aayog) को भी इसमें शामिल किया जाएगा?",hindi,Government Schemes,Beti Bachao Beti Padhao Scheme Guidelines,"हाँ, 'बेटी बचाओ बेटी पढ़ाओ' योजना का मूल्यांकन एक स्वतंत्र एजेंसी द्वारा किया जाएगा, लेकिन यह मूल्यांकन नीति आयोग के परामर्श से ही किया जाएगा। इसका मतलब है कि नीति आयोग इस मूल्यांकन प्रक्रिया में महत्वपूर्ण भूमिका निभाएगा और अपनी राय देगा। सरकार यह सुनिश्चित करना चाहती है कि मूल्यांकन निष्पक्ष और प्रभावी हो। मूल्यांकन के लिए इस्तेमाल किए जाने वाले फॉर्मेट और तरीकों को भारत सरकार (GOI) द्वारा ही तय किया जाएगा ताकि पूरे देश में एकरूपता बनी रहे। उदाहरण के लिए, यदि किसी राज्य में योजना के प्रभाव का मूल्यांकन किया जा रहा है, तो मूल्यांकनकर्ता को GOI द्वारा निर्धारित फॉर्मेट का पालन करना होगा। यह योजना भारतीय लेखा परीक्षा नियंत्रक (Comptroller and Auditor General of India) के मानदंडों के अनुसार ऑडिट की जाएगी, और सामाजिक ऑडिट भी किया जाएगा जिसमें नागरिक समाज समूह लोगों से सीधे प्रतिक्रिया प्राप्त करेंगे। इस प्रक्रिया में पारदर्शिता और जवाबदेही सुनिश्चित की जाएगी।","Beti Bachao Beti Padhao Scheme Guidelines, Section 15 & 16",Safe,procedural,Beti_Bachao_Beti_Padhao__p19__c0,train
QA_413,"My small company has fewer than ten employees. If I feel I'm being harassed at work, who should I go to with my complaint?",english,Women's Rights,Sexual Harassment of Women at Workplace Act 2013,"The Sexual Harassment of Women at Workplace Act, 2013 addresses situations where an Internal Committee hasn't been formed, which is common in smaller establishments like yours. According to Section 2(1) of the Act, if your workplace has less than ten workers, or if the complaint is against the employer directly, the Internal Committee doesn't need to be in place. Instead, you need to approach the District Officer. The District Officer is responsible for designating a nodal officer in your area – this could be a block, taluka, tehsil in a rural area, or a ward or municipality in an urban area. You must file your complaint with this nodal officer. Section 2(2) mandates that the nodal officer then forwards your complaint to the Local Committee within seven days. For example, if you work in a small shop in a city ward, you would report the harassment to the nodal officer designated by the local municipality. The Local Committee will then handle your case. Please consult a qualified lawyer for your specific situation.","Sexual Harassment of Women at Workplace Act, 2013, Section 2(1), Section 2(2)",Safe,procedural,POSH_Act_2013__p7__c0,val
QA_414,"Suppose, mere papa ko cerebral palsy hai aur unhe guardianship ki zaroorat hai. Main, unka beta, local level committee mein application kaise kar sakta hoon? Kya process hai?",code_mixed,PWD Rights,"National Trust for Welfare of Persons with Autism, Cerebral Palsy, Mental Retardation and Multiple Disabilities Act 1999","According to the National Trust Act, 1999, if your father has cerebral palsy and requires a guardian, you, as his son, can definitely apply to the local level committee. Section 14(1) clearly states that a parent or relative of a person with disability can submit an application requesting the appointment of a guardian of their choice. You need to make this application to the local level committee, following the prescribed form.  Basically, you get to suggest who you think would be best suited to look after your father’s interests. For example, if you have a trusted aunt who is willing and capable, you can nominate her. The committee will then assess the suitability of the person you’ve suggested.  Remember, any registered organization can also apply for guardianship, as mentioned in Section 14(2), but in your case, as a relative, you have the primary right to initiate the process. The committee is supposed to meet at least once every three months to handle such applications, so you should expect a timeline.  It's a formal process, so ensure you have all the necessary documentation ready.","National Trust Act, 1999, Section 14(1) & 14(2)",Safe,procedural,National_Trust_Act_1999__p7__c1,test
QA_415,"‘निजी प्रतिष्ठान’ (private establishment) को Rights of Persons with Disabilities Act, 2016 में कैसे परिभाषित किया गया है? क्या यह परिभाषा में गैर-सरकारी संगठनों (NGOs) को भी शामिल करती है?",hindi,PWD Rights,Rights of Persons with Disabilities Act 2016,"Rights of Persons with Disabilities Act, 2016 के अनुसार, ‘निजी प्रतिष्ठान’ का अर्थ है कोई भी कंपनी, फर्म, सहकारी समिति या अन्य समाज, संघ, ट्रस्ट, एजेंसी, संस्थान, संगठन, यूनियन, फैक्ट्री या ऐसा कोई अन्य प्रतिष्ठान जिसे उपयुक्त सरकार अधिसूचना द्वारा निर्दिष्ट कर सकती है। इस परिभाषा में गैर-सरकारी संगठनों (NGOs) को भी शामिल किया जा सकता है, यदि उन्हें उपयुक्त सरकार द्वारा अधिसूचना के माध्यम से ‘निजी प्रतिष्ठान’ के रूप में निर्दिष्ट किया जाता है। यह ध्यान रखना महत्वपूर्ण है कि परिभाषा व्यापक है और इसमें विभिन्न प्रकार के संगठन शामिल हैं जो लाभ के लिए या गैर-लाभकारी उद्देश्यों के लिए काम कर सकते हैं। उदाहरण के लिए, एक निजी स्कूल, जो बच्चों को शिक्षा प्रदान करता है, को ‘निजी प्रतिष्ठान’ माना जा सकता है। इसी तरह, एक निजी अस्पताल भी इस श्रेणी में आएगा। Act का उद्देश्य यह सुनिश्चित करना है कि सभी प्रकार के प्रतिष्ठान, चाहे सरकारी हों या निजी, विकलांग व्यक्तियों के अधिकारों का सम्मान करें।","Rights of Persons with Disabilities Act, 2016, Section (v)",Safe,definitional,RPWD_Act_2016__p7__c0,train
QA_416,"My neighbor was arrested for trafficking two children. What's the minimum punishment they could face, and what kind of court will handle the case?",english,Criminal Law,Bharatiya Nagarik Suraksha Sanhita 2023,"According to the Bharatiya Nagarik Suraksha Sanhita 2023, if someone is convicted of trafficking more than one child, they face a rigorous imprisonment of at least 14 years, which can extend to life imprisonment, along with a fine. This is a serious offense, classified as cognizable and non-bailable, meaning the police can arrest without a warrant and you cannot get bail easily. The case will be heard in a Court of Session, which is a higher court dealing with serious crimes. For example, if someone is found to have lured and transported two children for forced labor, they would be subject to this punishment. Furthermore, if a person is convicted of trafficking a child more than once, the punishment is life imprisonment, meaning imprisonment for the remainder of their natural life, along with a fine. This applies even if the previous conviction was under a different law. If a public servant or police officer is involved in trafficking, they also face life imprisonment. The Bharatiya Nagarik Suraksha Sanhita 2023 clearly outlines these severe penalties.","Bharatiya Nagarik Suraksha Sanhita 2023, Sections 143(5), 143(6), 143(7)",Safe,procedural,BNSS_2023__p188__c0,train
QA_417,"Yeh Guardians and Wards Act, 1890 kya hai? Aur yeh India mein kab se apply ho raha hai?",code_mixed,Children's Rights,Guardians and Wards Act 1890,"Okay, so this Guardians and Wards Act, 1890, basically it's a law that brings together and changes the rules about guardians and wards. Think of it like this: if someone is unable to look after themselves – maybe a child, or someone who's unwell – a guardian is appointed to take care of them. This Act, according to Section 1(1), is called the Guardians and Wards Act, 1890. It's meant to make sure things are clear and fair when it comes to these situations.  Section 1(2) says it applies to the whole of India.  Now, Section 1(3) tells us it started working from July 1st, 1890.  Interestingly, Section 2 mentions something got repealed – it was removed by the Repealing Act of 1938. So, while the Act is still in place, some parts of the original law have been taken out. For example, if a court needs to appoint a guardian for a minor, this Act provides the framework for that process. It's a foundational piece of legislation for dealing with guardianship matters. Apni specific situation ke liye ek qualified lawyer se zaroor milein.","Guardians and Wards Act, 1890, Sections 1(1), 1(2), 1(3), 2",Safe,definitional,Guardians_Wards_Act_1890__p4__c0,train
QA_418,"अगर कोई व्यक्ति किसी राज्य सरकार के काम से जुड़ा हुआ है और उस दौरान कोई अपराध करता है, तो क्या उसे राज्य सरकार की सुरक्षा मिलेगी? और अगर ऐसा है, तो क्या यह सुरक्षा तब भी लागू होगी जब राष्ट्रपति शासन लागू हो?",hindi,Criminal Law,Bharatiya Nagarik Suraksha Sanhita 2023,"भारतीय नागरिक सुरक्षा संहिता 2023 (Bharatiya Nagarik Suraksha Sanhita 2023) के अनुसार, यदि कोई व्यक्ति राज्य सरकार के काम से जुड़ा हुआ है और उस दौरान कोई अपराध करता है, तो उसे राज्य सरकार की सुरक्षा मिल सकती है। यह सुरक्षा तब तक लागू होती है जब तक कि अपराध की अवधि राष्ट्रपति शासन (Proclamation issued under clause (1) of article 356 of the Constitution) के अधीन न हो। इसका मतलब है कि यदि राष्ट्रपति शासन लागू है, तो राज्य सरकार की सुरक्षा लागू नहीं होगी। उदाहरण के लिए, मान लीजिए कि एक राज्य के शिक्षा विभाग का एक कर्मचारी, अपने आधिकारिक कर्तव्यों के दौरान, भ्रष्टाचार के आरोप में शामिल हो जाता है। सामान्य परिस्थितियों में, उसे राज्य सरकार की कुछ सुरक्षा मिल सकती है। लेकिन, यदि उस समय राज्य में राष्ट्रपति शासन लागू है, तो यह सुरक्षा लागू नहीं होगी। यह प्रावधान यह सुनिश्चित करने के लिए है कि राष्ट्रपति शासन के दौरान, राज्य सरकार के कर्मचारियों को अपराधों से सुरक्षा नहीं मिलनी चाहिए। यह संहिता धारा (Section) स्पष्ट रूप से इस स्थिति को परिभाषित करती है।","Bharatiya Nagarik Suraksha Sanhita 2023, Section (b) and clause (1) of article 356 of the Constitution",Safe,procedural,BNSS_2023__p83__c1,train
QA_419,I'm pregnant and work for a state government. Will I still be able to get money from the Pradhan Mantri Matru Vandana Yojana?,english,Government Schemes,Pradhan Mantri Matru Vandana Yojana Guidelines,"According to the Pradhan Mantri Matru Vandana Yojana (PMMVY) guidelines, the scheme aims to provide partial compensation for wage loss to pregnant women and lactating mothers, encouraging them to take adequate rest. However, the scheme has specific exclusion criteria. The guidelines state that Pregnant Women and Lactating Mothers (PW&LM) who are in regular employment with the Central Government, State Governments, or Public Sector Undertakings (PSUs) are not eligible. This exclusion is designed to ensure the benefits reach those who are primarily reliant on wage income for their livelihood. For example, if you are a teacher employed by the state government, you would not qualify for the PMMVY benefits. The program’s objectives include improved health-seeking behavior among PW&LM, but this benefit is not extended to those already receiving regular employment benefits. The scheme focuses on supporting women who may not have access to consistent income during pregnancy and after childbirth. Please consult a qualified lawyer for your specific situation.",Pradhan Mantri Matru Vandana Yojana Guidelines 2.2.1,Safe,procedural,PMMVY_Maternity_Scheme__p16__c0,train
QA_420,"Yaar, agar main kisi statement ko sign karne se refuse kar doon, jo ek public servant ne maanga hai, toh mujhe kya hoga? Kya fine lag sakta hai?",code_mixed,Criminal Law,Bharatiya Nyaya Sanhita 2023,"Okay, so according to the Bharatiya Nyaya Sanhita 2023, Section 215, if you refuse to sign a statement when a public servant, who is legally allowed to ask you to sign it, requests you to do so, then you can face consequences. Basically, you could be punished with simple imprisonment, which could be up to three months. Or, they could impose a fine on you, and that fine could go up to three thousand rupees. It could even be both – imprisonment *and* a fine. 

Let's say, for example, a police officer is taking your statement regarding a minor traffic incident. They ask you to sign it to confirm it's accurate, and you just flatly refuse without a valid reason. That refusal, as per this section, could lead to the penalties mentioned. It's important to understand that this applies only when the public servant is legally competent to require your signature.  It doesn't mean every statement needs your signature. This section specifically addresses the refusal to sign when asked by a competent authority.  It's a procedural matter, not about the content of the statement itself. 

Bharatiya Nyaya Sanhita 2023, Section 215","Bharatiya Nyaya Sanhita 2023, Section 215",Safe,procedural,BNS_2023__p72__c1,test
QA_421,"अगर किसी व्यक्ति को किसी दूसरे देश में रहने वाला कोई व्यक्ति किसी अपराध की जांच में मदद करने के लिए बुलाया जाना है, तो पुलिस उसे कैसे बुला सकती है? क्या पुलिस को उस व्यक्ति को कोर्ट में पेश करने के लिए वारंट जारी करने की शक्ति है?",hindi,Criminal Law,Code of Criminal Procedure 1973,"भारतीय दंड संहिता (Code of Criminal Procedure) 1973 के अनुसार, अगर किसी अपराध की जांच के दौरान पुलिस को किसी ऐसे व्यक्ति की आवश्यकता होती है जो किसी दूसरे देश में रहता है, तो पुलिस अधिकारी या उससे वरिष्ठ कोई भी अधिकारी कोर्ट में आवेदन कर सकता है। कोर्ट अगर संतुष्ट हो जाता है कि उस व्यक्ति की उपस्थिति जांच के लिए ज़रूरी है, तो कोर्ट उस व्यक्ति को उस कोर्ट में आने के लिए समन या वारंट जारी कर सकता है। यह समन या वारंट डुप्लिकेट (दो प्रतियां) में जारी किया जाएगा। उदाहरण के लिए, मान लीजिए कि दिल्ली में एक साइबर अपराध की जांच चल रही है और पता चलता है कि अपराधी लंदन में रहता है। दिल्ली पुलिस लंदन में रहने वाले व्यक्ति को समन या वारंट के ज़रिए दिल्ली की अदालत में पेश करने का अनुरोध कर सकती है। इस प्रक्रिया में, अदालत यह सुनिश्चित करेगी कि व्यक्ति की उपस्थिति वास्तव में जांच के लिए आवश्यक है। यह प्रावधान धारा 173(2) में निहित है।","Code of Criminal Procedure 1973, Section 173(2)",Safe,procedural,CrPC_1973__p57__c1,train
QA_422,"If a court wants to announce something publicly about someone who's on the run, how do they make sure everyone knows about it?",english,Criminal Law,Bharatiya Nagarik Suraksha Sanhita 2023,"According to the Bharatiya Nagarik Suraksha Sanhita 2023, Section 61, if a court believes it's necessary, they can issue a proclamation to publicly announce information about a person who is evading arrest or legal proceedings. The court can direct that a copy of this proclamation be published in a daily newspaper that is widely read in the area where the person usually lives. This ensures a broad reach to inform the public. Crucially, the law states that a written statement from the court confirming the proclamation’s publication on a specific day, in the specified manner (through the newspaper), serves as conclusive proof that everything was done correctly. For example, if a person accused of fraud has disappeared, the court might publish a proclamation offering a reward for information leading to their arrest. The court’s statement confirming publication then validates that the legal requirement has been met. This process aims to bring the person to justice and inform relevant parties. Please consult a qualified lawyer for your specific situation.","Bharatiya Nagarik Suraksha Sanhita 2023, Section 61",Safe,procedural,BNSS_2023__p38__c1,train
QA_423,"Yaar, mujhe yeh samajh nahi aa raha hai, agar main ek digital signature use karta hoon, toh woh legally valid hai ki nahi? IT Act mein iske baare mein kya kehta hai?",code_mixed,Consumer and Cyber Law,Information Technology Act 2000,"Okay, so according to the Information Technology Act, 2000, your digital signature *is* legally recognized. Section 3A specifically deals with electronic signatures. Basically, it says that electronic signatures have legal validity, just like a handwritten signature. The Act aims to give legal recognition to electronic records and signatures, making it easier to do business and government transactions online. For example, imagine you're submitting a tax return online. You can use a digital signature instead of physically signing a paper form. Section 4 also talks about the legal recognition of electronic records in general. The government and its agencies are also encouraged to use electronic records and signatures, as mentioned in Section 6. This whole framework is designed to promote e-governance and streamline processes. It's all about making digital transactions legally sound and reliable. The Act is trying to bring the legal system up to speed with technology.  It's a big deal for online security and trust.","Information Technology Act, 2000 - Sections 3A, 4, 6",Safe,procedural,IT_Act_2000__p1__c0,train
QA_424,"अगर कुछ लोग मिलकर कोई काम करते हैं जो कानून के खिलाफ है, तो क्या सभी लोग समान रूप से दोषी होंगे, भले ही उनमें से किसी एक ने पूरी तरह से काम न किया हो?",hindi,Criminal Law,Bharatiya Nyaya Sanhita 2023,"भारतीय न्याय संहिता 2023 के अनुसार, यदि कई लोग मिलकर कोई आपराधिक कार्य करते हैं और उनका एक ही मकसद होता है, तो हर एक व्यक्ति उस कार्य के लिए उसी तरह जिम्मेदार होगा जैसे कि उसने वह कार्य अकेले ही किया हो। इसका मतलब है कि भले ही किसी व्यक्ति ने पूरी तरह से कार्य में भाग न लिया हो, लेकिन अगर वह उस मकसद को आगे बढ़ाने के लिए शामिल था, तो उसे भी दोषी माना जा सकता है। धारा 5 इस बात को स्पष्ट करती है। उदाहरण के लिए, मान लीजिए कि चार लोग मिलकर किसी दुकान को लूटने की योजना बनाते हैं। उनमें से दो लोग दुकान में घुसकर सामान चुराते हैं, जबकि बाकी दो लोग बाहर पहरा देते हैं। भले ही बाहर खड़े लोगों ने सीधे तौर पर चोरी न की हो, लेकिन अगर वे जानते थे कि लूट हो रही है और उन्होंने मदद की, तो उन्हें भी लूट के लिए दोषी ठहराया जा सकता है। यह संहिता आपराधिक इरादे और सामूहिक जिम्मेदारी पर जोर देती है। धारा 4 भी महत्वपूर्ण है, जो बताती है कि शब्दों का अर्थ संदर्भ के अनुसार समझा जाएगा।","Bharatiya Nyaya Sanhita 2023, Section 5, Section 4",Safe,procedural,BNS_2023__p21__c0,train
QA_425,"If a new autonomous state is created for tribal areas in Assam, who gets the money mentioned in the Constitution related to those areas?",english,Constitutional Law,Constitution of India,"The Constitution outlines how funds are distributed when an autonomous state is formed within tribal areas, specifically referencing Article 244A. If the autonomous state includes *all* the tribal areas mentioned, then all the sums payable under clause (a) of the second proviso to clause (1) are paid directly to the autonomous state. However, if the autonomous state only includes *some* of those tribal areas, the funds are divided between the State of Assam and the autonomous state. The President determines the specific apportionment method. This division aims to fairly allocate resources based on the extent of tribal areas included in the autonomous state. For example, if an autonomous state is created covering only a portion of the tribal areas in Assam, the President might decide that 60% of the funds go to the autonomous state and 40% to Assam, based on population or area covered. This process ensures a structured and presidential oversight in fund distribution. The Constitution of India, Article 244A, Section 1(1A) governs this process.","Constitution of India, Article 244A, Section 1(1A)",Safe,procedural,Constitution_of_India__p166__c0,test
QA_426,"Yaar, agar main IT Act ke kuch rules break kar deta hoon, toh kya hoga? Kya sirf penalty lagega ya aur bhi kuch ho sakta hai?",code_mixed,Consumer and Cyber Law,Information Technology Act 2000,"Okay, so according to the Information Technology Act, 2000, if you violate any of its provisions, rules, orders, or regulations, the court can impose whatever penalty they deem fit. Basically, they have the power to decide the punishment. The important thing to understand, as per Section 77, is that this penalty doesn't stop them from also punishing you under any other existing law. So, you could face penalties under the IT Act *and* under some other law simultaneously. For example, if you're spreading fake news online which violates the IT Act, you might also be charged with defamation under the Indian Penal Code. Section 77A also mentions that the court can compound certain offences, meaning they might allow you to pay a sum of money to settle the case, but this isn't applicable to all offences. It really depends on the specific situation and the court’s discretion. The Act doesn't specify the exact penalties, it leaves it to the court’s judgement.","Information Technology Act, 2000, Sections 77 & 77A",Safe,procedural,IT_Act_2000__p29__c1,val
QA_427,"अगर मैं प्रधानमंत्री आवास योजना (PMAY) के तहत क्रेडिट लिंक्ड सब्सिडी योजना (CLSS) का लाभ उठाना चाहता हूँ, तो मुझे सेंट्रल नोडल एजेंसी (CNA) को उपयोगिता प्रमाण पत्र (Utilization Certificate) कैसे जमा करना होगा?",hindi,Government Schemes,Pradhan Mantri Awas Yojana Guidelines,"प्रधानमंत्री आवास योजना (PMAY) के अंतर्गत क्रेडिट लिंक्ड सब्सिडी योजना (CLSS) का लाभ लेने के लिए, आपको सेंट्रल नोडल एजेंसी (CNA) जैसे कि NHB या HUDCO को एक विशिष्ट प्रारूप में उपयोगिता प्रमाण पत्र जमा करना होगा। यह प्रमाण पत्र, जैसा कि Annexure 10 के पैरा 15.1 में बताया गया है, MoHUPA (Ministry of Housing & Urban Poverty Alleviation) को जमा किया जाना चाहिए। इस प्रमाण पत्र में आपको कुल जमा सब्सिडी, CNA के पास उपलब्ध फंड पर अर्जित ब्याज, और PLI (Primary Lending Institution) को जारी की गई सब्सिडी की राशि का विवरण देना होगा।  राज्य और बैंक के अनुसार विस्तृत जानकारी प्रदान करना आवश्यक है। उदाहरण के लिए, यदि आपने पंजाब नेशनल बैंक (PNB) से लोन लिया है और आपको सब्सिडी मिली है, तो आपको PNB के माध्यम से राज्य के अनुसार सब्सिडी की राशि का उल्लेख करना होगा। यह सुनिश्चित करें कि सभी जानकारी सटीक हो।  यह प्रक्रिया PMAY Guidelines के तहत निर्धारित है।","Pradhan Mantri Awas Yojana Guidelines, Annexure 10, Para 15.1",Safe,procedural,PMAY_Guidelines__p58__c0,train
QA_428,"My neighbor found a fake stamp of a government department. He didn't make it, but he knows it's fake. Could he get into trouble for just having it?",english,Criminal Law,Bharatiya Nyaya Sanhita 2023,"Yes, your neighbor could potentially face legal consequences under the Bharatiya Nyaya Sanhita 2023. The law states that if someone possesses a counterfeit seal, plate, or instrument, knowing it's fake and intending it to be used for forgery punishable under Section 338, they can be penalized. It doesn't necessarily require them to have *made* the fake item. The key is their knowledge of its falsity and the potential for its misuse. For example, if your neighbor found a fake stamp of the Land Records Department and knew it could be used to fraudulently transfer property ownership, possessing that stamp could be considered an offense. The punishment can be imprisonment for life or a term up to seven years, along with a fine. The law aims to prevent the use of counterfeit instruments in committing forgery. It’s important to note that this section specifically addresses intent to use the item for forgery. The law focuses on preventing the misuse of these instruments.","Bharatiya Nyaya Sanhita 2023, Section (2)",Safe,procedural,BNS_2023__p104__c1,test
QA_429,Yeh Pradhan Mantri Awas Yojana mein capacity building ka matlab kya hai? Aur iske liye funding kaise decide hoga?,code_mixed,Government Schemes,Pradhan Mantri Awas Yojana Guidelines,"Okay, so according to the Pradhan Mantri Awas Yojana guidelines, capacity building basically means improving the skills and knowledge of everyone involved in implementing the scheme. Think trainings, workshops, even visits to see how other places are doing it – all to make sure the Yojana runs smoothly. They’re also talking about research, documenting good practices, and making materials related to the scheme. It’s all about strengthening the people working on the project. Now, regarding funding, the guidelines state that the Central Steering and Monitoring Committee, or CSMC, will decide the financial norms and other rules for these capacity building activities.  Till the CSMC decides, things are a bit unclear. For example, if a local municipality needs training on how to properly assess applications, the CSMC would ultimately decide how much money they can get for that training.  It’s a process designed to ensure everyone is equipped to handle their roles effectively within the Yojana.  The focus is on continuous improvement and sharing best practices.  It's all about making the scheme work better for everyone involved.","Pradhan Mantri Awas Yojana Guidelines, Sections 12.1 & 12.2",Safe,procedural,PMAY_Guidelines__p22__c0,train
QA_430,"अगर मुझे प्रधानमंत्री मातृत्व वंदना योजना (Pradhan Mantri Matru Vandana Yojana) के तहत मिलने वाले लाभों में कोई समस्या हो, तो मुझे शिकायत कहाँ दर्ज करानी चाहिए?",hindi,Government Schemes,Pradhan Mantri Matru Vandana Yojana Guidelines,"अगर आपको प्रधानमंत्री मातृत्व वंदना योजना (PMMVY) के तहत मिलने वाले लाभों में कोई समस्या आ रही है, तो आपके पास कई विकल्प हैं। सबसे पहले, आप अपनी शिकायत ग्राम स्वास्थ्य, स्वच्छता और पोषण समिति (VHSNC) या गांव-स्तरीय PMMVY स्टीयरिंग और मॉनिटरिंग कमेटी के साथ चर्चा कर सकते हैं। ये समितियाँ आपकी समस्या को आगे बढ़ा सकती हैं। यदि इससे समाधान नहीं होता है, तो आप जिला स्तर पर कलेक्टर के शिकायत निवारण इकाई या जिला परिषद परिषद से संपर्क कर सकते हैं। ये इकाइयाँ इस योजना से संबंधित शिकायतों को सुनने और उनका समाधान करने के लिए मौजूद हैं। उदाहरण के लिए, मान लीजिए कि आपको गर्भावस्था के दौरान निर्धारित राशि नहीं मिल रही है। आप सबसे पहले गांव-स्तरीय समिति से संपर्क करेंगे, और यदि वहां से समाधान नहीं होता, तो जिला स्तर पर शिकायत दर्ज कराएंगे। इस योजना के लिए कोई विशिष्ट अधिनियम या धारा नहीं है, लेकिन यह योजना विभिन्न सरकारी निर्देशों और दिशानिर्देशों के तहत संचालित होती है।",N/A (No specific Act or Section mentioned in the passage),Safe,procedural,PMMVY_Maternity_Scheme__p31__c0,test
QA_431,"If someone who was released early from prison, after their sentence was remitted, runs away, can the police catch them and send them back to finish their sentence?",english,Criminal Law,Code of Criminal Procedure 1973,"Yes, according to the Code of Criminal Procedure, 1973, if a person who had their sentence remitted escapes or is at large, any police officer can arrest them without needing a warrant. They can then be remanded to serve the remaining portion of their original sentence. This provision ensures that the conditions of the remission are upheld and that the individual doesn't avoid completing their punishment. The law also allows for conditions attached to the remission to be either dependent on the person's actions or completely independent of their will. For instance, a remission might be granted on the condition that the person regularly attends rehabilitation programs (dependent) or simply that a certain period of good behavior is observed (independent). The government can also issue rules about how sentence suspensions and remission petitions are handled. This power allows for standardized procedures and guidelines. Please consult a qualified lawyer for your specific situation.","Code of Criminal Procedure 1973, Sections 4, 5",Safe,procedural,CrPC_1973__p178__c1,test
QA_432,"Yeh Pradhan Mantri Matru Vandana Yojana (PMMVY) mein, agar mera LMP (Last Menstrual Period) date se 730 days ho gaye toh kya mera claim accept hoga?",code_mixed,Government Schemes,Pradhan Mantri Matru Vandana Yojana Guidelines,"Okay, so according to the PMMVY guidelines, if it's been more than 730 days from your LMP, your claim will *not* be entertained. Basically, they won't even register your application under the scheme. The rules are pretty clear on this – they specifically state that claims received after this timeframe shouldn't be processed. This is to ensure the scheme focuses on supporting women during the crucial early stages of pregnancy and motherhood. For example, if your LMP was two years ago, you're unfortunately outside the eligibility window. The guidelines emphasize that the filled forms need to be submitted promptly.  The AWW, ASHA, or ANM are supposed to help you fill the Form 1-A, which is the registration form and for the first installment.  They need to keep these forms safe, as per section 6.1.2.  So, timing is really important here.  It's all about getting your application in within that 730-day window.","Pradhan Mantri Matru Vandana Yojana Guidelines, Section vii, 1.3",Safe,procedural,PMMVY_Maternity_Scheme__p40__c0,train
QA_433,"अगर किसी सरकारी आश्रय गृह (जैसे कि बेघर लोगों का घर या अनाथालय) में रहने वाले व्यक्ति को मानसिक बीमारी के लक्षण दिखते हैं, तो वहाँ के प्रभारी अधिकारी को क्या करना चाहिए?",hindi,PWD Rights,Mental Healthcare Act 2017,"मानसिक स्वास्थ्य अधिनियम, 2017 के अनुसार, यदि किसी राज्य सरकार द्वारा चलाए जा रहे आश्रय गृह (जैसे बेघर लोगों के घर, अनाथालय, महिलाओं के सुरक्षा गृह और बच्चों के घर) के प्रभारी अधिकारी को लगता है कि कोई निवासी मानसिक बीमारी से पीड़ित है या होने की संभावना है, तो उन्हें तुरंत कार्रवाई करनी चाहिए। उन्हें मानसिक स्वास्थ्य प्राधिकरण (केंद्रीय या राज्य, जो भी लागू हो) को सूचित करना होगा। अधिनियम के धारा 104 में यह स्पष्ट रूप से कहा गया है कि इस स्थिति में क्या करना आवश्यक है। उदाहरण के लिए, मान लीजिए कि एक अनाथालय में रहने वाला बच्चा लगातार अकेला रहता है, बात करने से कतराता है, और अजीब व्यवहार करता है। अनाथालय के प्रभारी अधिकारी को यह सुनिश्चित करना होगा कि बच्चे को उचित मानसिक स्वास्थ्य मूल्यांकन के लिए भेजा जाए। यह सुनिश्चित करना महत्वपूर्ण है कि व्यक्ति को आवश्यक सहायता मिले और उसकी स्थिति को नजरअंदाज न किया जाए। अधिनियम का उद्देश्य ऐसे व्यक्तियों की सुरक्षा और कल्याण सुनिश्चित करना है।","Mental Healthcare Act 2017, Section 104",Safe,procedural,Mental_Healthcare_Act_2017__p44__c0,train
QA_434,My son was fined by the court but he hasn't paid it. What can the court do to get the money?,english,Criminal Law,Bharatiya Nagarik Suraksha Sanhita 2023,"If your son has been sentenced to pay a fine and hasn't done so, the court has options to recover that money according to the Bharatiya Nagarik Suraksha Sanhita 2023. The court can take action in one or both ways outlined in Section 461. Firstly, they can issue a warrant to seize and sell any movable property your son owns, like a car, jewelry, or savings accounts, to cover the fine. Secondly, the court can issue a warrant to the District Collector, essentially instructing them to treat the unpaid fine as if it were unpaid land revenue and collect it from your son’s assets. For example, if your son owns a motorcycle, the court could order its seizure and sale to satisfy the debt. The court has the discretion to choose either or both of these methods to ensure the fine is paid. It's important to understand that failure to pay a court-ordered fine can have further legal consequences. Please consult a qualified lawyer for your specific situation.","Bharatiya Nagarik Suraksha Sanhita 2023, Section 461",Safe,procedural,BNSS_2023__p154__c1,train
QA_435,"Okay, so, Constitution mein likha hai ki rulers ko recognize karna band ho gaya. Lekin agar koi raja, chief, ya koi aur jo 1971 ke pehle President ne Indian State ka Ruler maana tha, toh ab unke rights kya hain? Unko koi compensation milega kya?",code_mixed,Constitutional Law,Constitution of India,"According to Article 363A of the Constitution of India, after the Twenty-sixth Amendment Act, 1971 came into force, any person who was previously recognized by the President as a Ruler of an Indian State, or the successor to such a ruler, automatically ceases to be recognized as such. This means the President no longer officially acknowledges them as a ruler or successor. The passage doesn't mention anything about compensation. It's a straightforward cessation of recognition. For example, imagine a former Maharaja of Jaipur, who was recognized before 1971. After the amendment, he loses that official recognition, even if he still holds personal titles or property. The Constitution simply states that the recognition by the President ends. There's no provision for financial or other benefits mentioned in this specific article. It's purely about the removal of official status. This is a very specific and historical provision.","Constitution of India, Article 363A",Safe,procedural,Constitution_of_India__p234__c0,val
QA_436,"मानसिक स्वास्थ्य अधिनियम, 2017 के अनुसार, 'संस्था' शब्द से क्या तात्पर्य है? क्या यह सिर्फ सरकारी अस्पताल ही होंगे या इसमें निजी संस्थान भी शामिल हैं?",hindi,PWD Rights,Mental Healthcare Act 2017,"मानसिक स्वास्थ्य अधिनियम, 2017 की धारा 2(f) के अनुसार, 'संस्था' शब्द का अर्थ है कोई भी सरकारी या स्थानीय प्राधिकरण, ट्रस्ट, चाहे वह निजी हो या सार्वजनिक, निगम, सहकारी समिति, संगठन या कोई अन्य इकाई या व्यक्ति जहाँ मानसिक बीमारी से पीड़ित व्यक्तियों को देखभाल, उपचार, पुनर्वास और स्वास्थ्य लाभ के लिए भर्ती किया जाता है और निवास किया जाता है। इसमें अस्थायी रूप से या अन्यथा, किसी भी प्रकार की देखभाल शामिल है। इसका मतलब है कि 'संस्था' की परिभाषा बहुत व्यापक है और इसमें निजी अस्पताल, नर्सिंग होम, और मानसिक स्वास्थ्य के लिए समर्पित अन्य सभी प्रकार के संस्थान शामिल हैं। उदाहरण के लिए, यदि कोई व्यक्ति किसी निजी मानसिक स्वास्थ्य क्लिनिक में भर्ती है, तो वह क्लिनिक भी इस अधिनियम के अंतर्गत 'संस्था' माना जाएगा। यह अधिनियम मानसिक स्वास्थ्य सेवाओं के प्रावधान में शामिल सभी संस्थाओं को जवाबदेह बनाता है।","Mental Healthcare Act 2017, Section 2(f)",Safe,procedural,Mental_Healthcare_Act_2017__p7__c0,test
QA_437,My child has been sent to a care and protection home. What kind of help can they get from the government or other organizations?,english,Children's Rights,Juvenile Justice (Care and Protection of Children) Act 2015,"According to the Juvenile Justice (Care and Protection of Children) Act 2015, the State Government, or registered organizations, are obligated to provide a range of services to ensure your child's well-being while in care. This includes legal aid if needed, and referral services for crucial support like education, vocational training, and treatment for any illnesses or addiction issues. The care home is also responsible for case management, which means creating and following a plan tailored to your child’s individual needs. They must also assist with things like registering your child’s birth and helping them obtain identification documents. Furthermore, the Act allows for any other reasonable service that could benefit the child. For example, if your child needs counseling to deal with trauma, the care home should arrange for that. The goal is to provide comprehensive support to help the child thrive. The Act emphasizes a holistic approach to care and protection. Please consult a qualified lawyer for your specific situation.","Juvenile Justice (Care and Protection of Children) Act 2015, Section 2(1)",Safe,procedural,Juvenile_Justice_Act_2015__p31__c0,train
QA_438,"Yaar, agar main ek document mein kuch fake information likh doon, like, ek address change kar doon, toh woh forgery banega? Aur agar main isse karun toh mujhe kitna jail time ho sakta hai?",code_mixed,Criminal Law,Bharatiya Nyaya Sanhita 2023,"Okay, so according to the Bharatiya Nyaya Sanhita 2023, Section 336, if you create a false document – and changing an address definitely falls under that – with the intention of causing harm, injury, or to get someone to give up their property, or even to make them sign a contract, then yes, that's considered forgery. The law is pretty clear about this. It doesn't matter if it's a physical document or an electronic record; both are covered.  For example, imagine you change the address on a property deed to fraudulently claim ownership. That's a classic case of forgery. The punishment for this is imprisonment, and it can be either type of imprisonment – meaning you could get simple or rigorous imprisonment. The maximum jail time you could face is two years.  The key thing is the *intent* – you have to have intended to cause damage or deceive someone.  This section specifically addresses actions done to support a claim, title, or to induce someone into a contract.  It's a serious offense, so don't take it lightly. Apni specific situation ke liye ek qualified lawyer se zaroor milein.","Bharatiya Nyaya Sanhita 2023, Section 336",Safe,procedural,BNS_2023__p103__c1,train
QA_439,"अगर कोई व्यक्ति किसी महिला को सार्वजनिक शौचालय में देख लेता है और उसकी तस्वीर खींच लेता है, तो क्या वह अपराध होगा? क्या महिला की सहमति से भी ऐसा करना गलत होगा, अगर उसने तस्वीर खींचने की अनुमति दी हो लेकिन उसे सोशल मीडिया पर डालने की नहीं?",hindi,Criminal Law,Bharatiya Nyaya Sanhita 2023,"भारतीय न्याय संहिता, 2023 के अनुसार, सार्वजनिक स्थान पर किसी महिला की तस्वीरें खींचना अपराध हो सकता है, खासकर यदि महिला की जननांग, पिछला भाग या स्तन उजागर हों, या वह केवल अंडरवियर पहने हो, या शौचालय का उपयोग कर रही हो। धारा 78 में 'स्टॉकिंग' को परिभाषित किया गया है, जिसमें महिला का पीछा करना और उससे संपर्क करने की कोशिश करना शामिल है। महत्वपूर्ण बात यह है कि यदि महिला ने तस्वीर खींचने की अनुमति दी है, लेकिन उसकी प्रसार (जैसे सोशल मीडिया पर डालना) की अनुमति नहीं दी है, तो प्रसार करना अपराध होगा। उदाहरण के लिए, मान लीजिए कि एक महिला सार्वजनिक पार्क में योग कर रही है और एक व्यक्ति उसकी तस्वीर खींचता है, लेकिन उसे ऑनलाइन पोस्ट कर देता है। महिला ने तस्वीर खींचने की अनुमति दी थी, लेकिन प्रसार की नहीं, इसलिए यह धारा 78 के तहत अपराध होगा। सहमति केवल तस्वीर खींचने तक ही सीमित है, प्रसार के लिए अलग से सहमति आवश्यक है। यह ध्यान रखना महत्वपूर्ण है कि यह केवल इस विशिष्ट धारा के तहत है, और अन्य संबंधित कानून भी लागू हो सकते हैं।","Bharatiya Nyaya Sanhita 2023, Section 78",Safe,procedural,BNS_2023__p41__c0,train
QA_440,I'm confused about what kinds of courts are considered part of the judicial system according to the Constitution. Can you tell me which ones fall under this definition?,english,Constitutional Law,Constitution of India,"According to Article 237 of the Constitution of India, several courts are explicitly included within the judicial system. These include small cause courts, chief presidency magistrates, additional chief presidency magistrates, sessions judges, additional sessions judges, and assistant sessions judges. The term 'judicial service' itself is defined as a service specifically for individuals intended to fill positions of district judges and other civil judicial posts that are lower in rank than a district judge. This means that while these lower courts handle various cases, they are considered part of the broader judicial framework. For example, if a dispute arises regarding a small property matter, it might initially be handled by a small cause court, which is recognized as part of the judicial system under Article 237. The Governor has the power to issue a public notification to extend these provisions and rules to other courts as well, setting a date for implementation. This framework ensures a structured judicial process across different levels of courts.","Constitution of India, Article 237",Safe,procedural,Constitution_of_India__p119__c0,train
QA_441,"Yeh Sexual Harassment Act 2013, women ko workplace mein protection kaise deta hai? Basically, what rights does it give?",code_mixed,Women's Rights,Sexual Harassment of Women at Workplace Act 2013,"Okay, so the Sexual Harassment of Women at Workplace (Prevention, Prohibition and Redressal) Act, 2013, it's all about protecting women at work from sexual harassment. The main thing it does is recognize that sexual harassment is a serious violation of a woman's fundamental rights. It says that it goes against Article 14 and 15 of the Constitution, which guarantee equality, and also Article 21, which is the right to life and dignity. So, if a woman is facing sexual harassment at her workplace, this Act provides a framework for prevention and redressal. Think of it this way: if a colleague is constantly making inappropriate comments or gestures, creating a hostile environment, that could be considered sexual harassment under this Act. The Act aims to ensure women can work without fear and with dignity. It’s not just about punishing the harasser, but also about creating a safe and respectful workplace for everyone. This Act is crucial for upholding women's constitutional rights. It's Act No. 14 of 2013.","Sexual Harassment of Women at Workplace (Prevention, Prohibition and Redressal) Act, 2013, Articles 14, 15, and 21 of the Constitution of India",Safe,definitional,POSH_Act_2013__p3__c0,train
QA_442,"अगर निचली अदालत ने किसी को सजा सुनाई है, तो उच्च न्यायालय (Appellate Court) क्या कर सकता है? क्या वे सजा को बढ़ा भी सकते हैं?",hindi,Criminal Law,Bharatiya Nagarik Suraksha Sanhita 2023,"भारतीय नागरिक सुरक्षा संहिता 2023 (Bharatiya Nagarik Suraksha Sanhita 2023) के अनुसार, उच्च न्यायालय निचली अदालत के फैसले को कई तरह से बदल सकता है। वे सजा की प्रकृति या सीमा को बदल सकते हैं, उसे बढ़ा या घटा सकते हैं, या किसी अन्य आदेश को पलट सकते हैं। इसके अतिरिक्त, वे उचित समझे जाने वाले संशोधन या अन्य आदेश भी जारी कर सकते हैं। हालांकि, एक महत्वपूर्ण बात यह है कि सजा को तभी बढ़ाया जा सकता है जब आरोपी को सजा बढ़ाने के खिलाफ अपना पक्ष रखने का अवसर दिया गया हो। उच्च न्यायालय किसी अपराध के लिए निचली अदालत से अधिक कठोर सजा नहीं दे सकता। उदाहरण के लिए, मान लीजिए कि निचली अदालत ने किसी व्यक्ति को चोरी के लिए तीन साल की जेल की सजा सुनाई है। उच्च न्यायालय इस सजा को घटाकर दो साल कर सकता है, या उसे जमानत पर रिहा कर सकता है, या किसी अन्य उचित आदेश का भी जारी कर सकता है। लेकिन, अगर उच्च न्यायालय सजा बढ़ाना चाहता है, तो आरोपी को पहले सुनवाई का मौका देना होगा।","Bharatiya Nagarik Suraksha Sanhita 2023, Section (iii), (d), (e)",Safe,procedural,BNSS_2023__p147__c0,val
QA_443,"If the police arrest me, can they make me pay money to ensure I show up in court?",english,Criminal Law,Code of Criminal Procedure 1973,"Yes, under the Code of Criminal Procedure, 1973, the police or a Magistrate can potentially require you to provide security, which is essentially a financial guarantee, to ensure your appearance in court. This applies if the police believe you are likely to flee or not attend future hearings. The passage states that if you are deemed able to provide security, the Magistrate can take it from you. This security is meant to cover your appearance on a specific date and your attendance throughout the proceedings until the court instructs otherwise. For example, if you are arrested for a minor theft and the police believe you might leave the city, they could ask the Magistrate to take a security bond of, say, ₹10,000. If you attend all court dates, the money is returned. The police are also obligated to send any relevant items, like a weapon used in the alleged crime, to the Magistrate along with the accused, and to inform the complainant, if there is one. This process aims to balance the need for public safety with the accused's right to be present at their trial.","Code of Criminal Procedure 1973, Section 44",Safe,procedural,CrPC_1973__p91__c0,train
QA_444,"Yaar, suppose kisi ko acquittal mil gaya, phir bhi police usko arrest kar sakti hai kya? Aur appellate court kya kar sakta hai, agar wo case mein aur evidence le sakti hai?",code_mixed,Criminal Law,Code of Criminal Procedure 1973,"Okay, so according to the Code of Criminal Procedure, 1973, it's possible. Section 390 specifically states that an accused person *can* be arrested even after they've been acquitted in a lower court, if there's an appeal against that acquittal. The appellate court, as mentioned in Section 391, actually has the power to take further evidence or direct that it be taken. This means they can re-examine witnesses or gather new information if they feel it's necessary to review the case properly. For example, imagine a case where a person is acquitted of theft, but later, new CCTV footage surfaces showing them committing the crime. The appellate court could then order the taking of this new evidence.  Sections 389 deals with suspending a sentence during an appeal and releasing the appellant on bail, which is a separate consideration.  Sections 392, 393, 394, 395, 396, 397 and 398 deal with procedural aspects of appeals, references and revisions, but don't directly address the arrest after acquittal scenario. It's a complex process, and the appellate court has significant discretion.","Code of Criminal Procedure, 1973 - Sections 390, 391",Safe,procedural,CrPC_1973__p15__c0,test
QA_445,"अगर प्रशासनिक न्यायाधिकरण (Administrative Tribunal) कोई आदेश जारी करता है, तो क्या सरकार उसे बदल सकती है? और अगर सरकार उसे बदलती है, तो क्या होता है?",hindi,Constitutional Law,Constitution of India,"भारतीय संविधान के अनुच्छेद 124 के अनुसार, सरकार प्रशासनिक न्यायाधिकरण द्वारा जारी किए गए आदेश को प्रभावी होने से पहले बदल या रद्द कर सकती है। यदि सरकार ऐसा करती है, तो न्यायाधिकरण का आदेश या तो संशोधित रूप में लागू होगा, या पूरी तरह से अमान्य हो जाएगा, जो भी मामला हो। इसका मतलब है कि न्यायाधिकरण का मूल आदेश पूरी तरह से बदल सकता है या उसमें कुछ बदलाव किए जा सकते हैं। उदाहरण के लिए, मान लीजिए कि एक न्यायाधिकरण एक सरकारी कर्मचारी को पदोन्नति का आदेश देता है, लेकिन सरकार को लगता है कि पदोन्नति के लिए कुछ मानदंड पूरे नहीं हुए हैं। सरकार इस आदेश को संशोधित कर सकती है और कर्मचारी को कुछ शर्तों के साथ पदोन्नति दे सकती है। इस तरह के विशेष आदेश को राज्य सरकार द्वारा बनाए जाने के बाद, राज्य विधानमंडल के दोनों सदनों में जल्द से जल्द प्रस्तुत किया जाना चाहिए। उच्च न्यायालय के पास न्यायाधिकरण पर कोई पर्यवेक्षण शक्ति नहीं होगी।","Constitution of India, Article 124 (specifically clauses 5, 6, and 7)",Safe,procedural,Constitution_of_India__p254__c0,train
QA_446,I want to get some information from a government department. How do I actually ask for it?,english,Labour and Social Welfare,Right to Information Act 2005,"According to the Right to Information Act, 2005, if you want to obtain information from a government department, you need to make a formal request. This request must be in writing or submitted electronically. You can write it in English, Hindi, or the official language of the area where you're making the request. Section 6(1) of the Act outlines this process. You’ll also need to pay a prescribed fee along with your request. The request should be addressed to either the Central Public Information Officer (if dealing with a central government department) or the State Public Information Officer (if dealing with a state government department). There are also Assistant Public Information Officers who can handle requests. For example, if you want to know how many potholes were filled in your city last year, you would address your request to the State Public Information Officer of the relevant municipal corporation. The Act ensures accessibility by allowing requests in multiple languages. Remember to include the fee as specified by the department. Please consult a qualified lawyer for your specific situation.","Right to Information Act 2005, Section 6(1)",Safe,procedural,RTI_Act_2005__p9__c0,val
QA_447,"Yaar, suppose someone is caught making fake Indian rupees, like counterfeit notes. According to the new law, what kind of damage to India are we talking about here, legally speaking? And what happens if they try to scare a government official with threats or violence?",code_mixed,Criminal Law,Bharatiya Nyaya Sanhita 2023,"Okay, so according to the Bharatiya Nyaya Sanhita 2023, if someone is producing, smuggling, or circulating fake Indian currency – whether it's paper notes or coins, or even other materials – it's considered damage to India's monetary stability. That's a serious offense, you see? The law specifically mentions this.  Now, the other part of your question, about threatening government officials… the law states that if someone uses criminal force, or even just *shows* criminal force, to overawe a public functionary, or tries to do so, or even causes their death, that’s also a violation.  For example, imagine someone tries to intimidate a tax officer with a weapon to avoid paying taxes – that falls under this category. It’s not just about physical harm; the *threat* of harm is enough.  This applies to officials working for the Central Government, State Governments, or any of their agencies.  The law is very clear about protecting these individuals.  It’s a very serious matter, and the penalties can be quite severe. Bharatiya Nyaya Sanhita 2023, Section (iv) and (b). Apni specific situation ke liye ek qualified lawyer se zaroor milein.","Bharatiya Nyaya Sanhita 2023, Section (iv) and (b)",Safe,procedural,BNS_2023__p50__c0,test
QA_448,"अगर मेरे पास आधार कार्ड नहीं है, तो क्या मैं प्रधानमंत्री आवास योजना के लिए आवेदन कर सकता हूँ?",hindi,Government Schemes,Pradhan Mantri Awas Yojana Guidelines,"हाँ, अगर आपके पास आधार कार्ड नहीं है, तो भी आप प्रधानमंत्री आवास योजना (Pradhan Mantri Awas Yojana) के लिए आवेदन कर सकते हैं। योजना के दिशानिर्देशों के अनुसार, यदि कोई योग्य लाभार्थी आधार कार्ड से वंचित है, तो राज्य और शहर सरकारों को यह सुनिश्चित करना चाहिए कि ऐसे लाभार्थियों का आधार नामांकन प्राथमिकता के आधार पर किया जाए। इसका मतलब है कि आपको आवेदन करने से रोका नहीं जाएगा, लेकिन आधार नामांकन प्रक्रिया को गति देने के लिए प्रयास किए जाएंगे। उदाहरण के लिए, मान लीजिए कि रामू एक गरीब मजदूर है जो योजना के लिए पात्र है, लेकिन उसके पास आधार कार्ड नहीं है। राज्य सरकार उसे आधार नामांकन के लिए सहायता प्रदान करेगी ताकि वह योजना का लाभ उठा सके। यह योजना 'आवास के अधिकार' को बढ़ावा देती है और आधार कार्ड की अनुपस्थिति को आवेदन करने में बाधा नहीं बनना चाहिए। इस संबंध में, योजना के दिशानिर्देशों का पालन करना आवश्यक है।","Pradhan Mantri Awas Yojana Guidelines, Section 14.11",Safe,procedural,PMAY_Guidelines__p26__c0,train
QA_449,I want to know who is in charge of managing the money for the Beti Bachao Beti Padhao scheme at the district level. Who makes the financial decisions?,english,Government Schemes,Beti Bachao Beti Padhao Scheme Guidelines,"According to the Beti Bachao Beti Padhao Scheme Guidelines, the financial management of the scheme is governed by the Integrated Finance Division, following a Ministry of Women and Child Development (MWCD) Office Memorandum dated July 8, 2016. This memorandum restructured the plan schemes as per a letter from the Ministry of Finance dated April 18, 2016. The Beti Bachao Beti Padhao Division, headed by a Joint Secretary/Bureau Head within the MWCD, oversees this financial aspect. Crucially, the District Task Force, comprised of officials from various departments, plays a role in this process. For example, if a district needs to allocate funds for providing scholarships to girls, the District Task Force would be involved in approving that expenditure within the scheme's guidelines. The scheme's structure involves multiple levels – District, Block, and Gram Panchayat/Ward – with financial decisions ultimately flowing through these established channels and the MWCD’s financial framework. The passage doesn't specify a single individual responsible, but rather a collaborative structure.","Beti Bachao Beti Padhao Scheme Guidelines, Section 13",Safe,procedural,Beti_Bachao_Beti_Padhao__p16__c0,val
QA_450,"Yeh Pradhan Mantri Awas Yojana mein, agar main ek beneficiary hoon, toh mujhe kitni credit linked subsidy mil sakti hai? Aur yeh subsidy kis liye hai – naya ghar banane ke liye ya existing ghar improve karne ke liye?",code_mixed,Government Schemes,Pradhan Mantri Awas Yojana Guidelines,"Okay, so according to the Pradhan Mantri Awas Yojana guidelines, the credit-linked subsidy is available for both new housing and enhancement of existing housing. The amount of subsidy you can avail depends on whether you fall under the EWS (Economically Weaker Section) or LIG (Lower Income Group) category. The passage shows data from 2015-16 to 2018-19, detailing the subsidy availed for beneficiaries in both categories for new construction and existing housing enhancement. For example, in 2016-17, there were beneficiaries who availed loans and received interest subsidy under both EWS and LIG categories for new housing. The resource mobilization and estimated loan amounts also vary year to year.  The exact figures for subsidy amounts aren't explicitly stated, but the table demonstrates the scheme's operation across these categories and years. It's all about providing affordable housing options.  This scheme is governed by the Real Estate (Regulation and Development) Act, 2016, and relevant sections pertaining to affordable housing schemes.  Apni specific situation ke liye ek qualified lawyer se zaroor milein.","Real Estate (Regulation and Development) Act, 2016 - Relevant sections pertaining to affordable housing schemes",Safe,procedural,PMAY_Guidelines__p46__c0,train
QA_451,"राईजथान में राइट टू एजुकेशन एक्ट के तहत, अगर स्कूल में बच्चों की संख्या बहुत ज्यादा है तो क्या सरकार को और टीचर रखने होंगे?",hindi,Children's Rights,Right to Education Act 2009,"राईजथान में राइट टू एजुकेशन एक्ट 2009 (Right to Education Act 2009) के सेक्शन 25 के अनुसार, सरकार और स्थानीय प्राधिकरण को यह सुनिश्चित करना होगा कि स्कूल में बच्चों और टीचर का अनुपात (Pupil-Teacher Ratio) शेड्यूल में बताए गए अनुपात के अनुसार हो। यह व्यवस्था इस एक्ट के शुरू होने के तीन साल के भीतर लागू होनी है। इसका मतलब है कि अगर किसी स्कूल में बच्चों की संख्या बहुत ज्यादा है, तो सरकार को और टीचर रखने होंगे ताकि बच्चों को बेहतर शिक्षा मिल सके। उदाहरण के लिए, मान लीजिए कि एक स्कूल में 60 बच्चे हैं और शेड्यूल के अनुसार उस कक्षा के लिए 1:30 का अनुपात चाहिए। तो, स्कूल में कम से कम दो टीचर होने चाहिए। अगर स्कूल में सिर्फ एक टीचर है, तो सरकार को एक और टीचर नियुक्त करना होगा। यह सुनिश्चित करना महत्वपूर्ण है कि हर बच्चे को पर्याप्त ध्यान मिले और वे अपनी कक्षा के स्तर के अनुसार सीखने में सक्षम हों, जैसा कि सेक्शन 24 में संशोधन के माध्यम से स्पष्ट किया गया है।","Right to Education Act 2009, Section 24 & 25",Safe,procedural,RTE_Act_2009__p12__c0,train
QA_452,"If someone helps a person who's been arrested escape, but accidentally hurts a police officer while doing so, can they still be arrested for a crime?",english,Criminal Law,Code of Criminal Procedure 1973,"Yes, according to the Code of Criminal Procedure, 1973, Section 225 and 333 of the Indian Penal Code can apply even if an injury occurs during the rescue attempt. The passage provides an illustration to clarify this. Imagine A is helping B escape lawful custody. While doing so, A accidentally causes grievous hurt to Constable C, who was guarding B. Even though A’s primary intention might have been to free B, they can still be charged and convicted for offences under sections 225 and 333 of the Indian Penal Code (45 of 1860). This demonstrates that the act of rescuing someone from lawful custody, even with unintended consequences like harming a law enforcement officer, doesn't automatically absolve the rescuer of criminal responsibility. The law focuses on the actions taken and the resulting harm, regardless of the initial motivation. It's important to note that this section does not affect Section 71 of the Indian Penal Code. The law aims to ensure accountability for actions that violate legal processes and cause harm.","Code of Criminal Procedure 1973 Section 225, Indian Penal Code 1860 Section 333, Indian Penal Code 1860 Section 71",Safe,procedural,CrPC_1973__p110__c1,train
QA_453,"Okay, so if someone, like, deliberately tries to hide evidence of a crime against a Scheduled Caste person, or gives false information to the police, what kind of punishment they can get, yaar?",code_mixed,Labour and Social Welfare,Scheduled Castes and Scheduled Tribes (Prevention of Atrocities) Act 1989,"According to the Scheduled Castes and Scheduled Tribes (Prevention of Atrocities) Act, 1989, if a person knowingly hides evidence related to an offence committed under this Act, or provides false information with the intention of protecting the offender from legal consequences, they face serious repercussions. The punishment isn't specifically defined within the Act itself; instead, it refers to the punishments outlined in the Indian Penal Code (IPC), specifically Section 45 of 1860. This means the penalties could range from imprisonment to fines, depending on the specific IPC offences that apply. For example, if someone destroys crucial documents proving discrimination, they could be charged under IPC sections related to destruction of evidence.  The Act also explicitly states that this person will also be liable to a fine, in addition to whatever punishment is prescribed under the IPC. The intention is to ensure that those who obstruct justice in cases of atrocities are also held accountable. It's a very strict provision to prevent tampering with investigations.","Scheduled Castes and Scheduled Tribes (Prevention of Atrocities) Act, 1989 (Section (vi)), Indian Penal Code (Section 45 of 1860)",Safe,procedural,SC_ST_Atrocities_Act_1989__p10__c0,train
QA_454,"अगर मेरी बच्ची को कोई गंभीर बीमारी है और डॉक्टर उसकी अनुमति के बिना ऑपरेशन करना चाहते हैं, क्योंकि उनका मानना है कि इससे मेरी बच्ची को फायदा होगा, तो क्या मैं उस ऑपरेशन को रोकने के लिए कानूनी रूप से कुछ कर सकता हूँ?",hindi,Criminal Law,Bharatiya Nyaya Sanhita 2023,"भारतीय न्याय संहिता, 2023 के अनुसार, यदि कोई व्यक्ति, जैसे कि आप, अपनी बच्ची के स्वास्थ्य लाभ के लिए सद्भावना से कार्य करता है, तो भले ही बच्ची ने ऑपरेशन के लिए सहमति न दी हो, उस व्यक्ति ने कोई अपराध नहीं किया है। इसका मतलब है कि यदि डॉक्टर बच्ची के सर्वोत्तम हित में, और आपकी सहमति से, ऑपरेशन करते हैं, तो आप कानूनी रूप से सुरक्षित हैं। उदाहरण के लिए, मान लीजिए आपकी बेटी को गंभीर हृदय रोग है और डॉक्टर कहते हैं कि तत्काल सर्जरी से उसकी जान बच सकती है, लेकिन वह डरी हुई है और मना कर रही है। यदि डॉक्टर और आप दोनों मानते हैं कि सर्जरी आवश्यक है, तो डॉक्टर ऑपरेशन कर सकते हैं और आप किसी अपराध के लिए उत्तरदायी नहीं होंगे। यह प्रावधान उन स्थितियों को संबोधित करता है जहां किसी बच्चे के हित में तत्काल कार्रवाई की आवश्यकता होती है, भले ही बच्चे की स्पष्ट सहमति प्राप्त न हो। हालांकि, यह ध्यान रखना महत्वपूर्ण है कि यह केवल सद्भावनापूर्ण कार्यों पर लागू होता है।","Bharatiya Nyaya Sanhita 2023, Explanation",Safe,procedural,BNS_2023__p27__c1,train
QA_455,"I missed applying for some of the installments of Pradhan Mantri Matru Vandana Yojana. Can I still claim them, and how long do I have to do so?",english,Government Schemes,Pradhan Mantri Matru Vandana Yojana Guidelines,"According to the Pradhan Mantri Matru Vandana Yojana Guidelines, you can still claim the missed installments, but there are time limits. The scheme states that no maternity claim will be accepted after 730 days of pregnancy. The Last Menstrual Period (LMP) recorded in your Mother and Child Protection (MCP) card will be used to determine your pregnancy duration. This means if your LMP was recorded a year and a half ago, you likely won't be able to claim any further installments. The guidelines also specify that you can claim the installments independently; they are not linked together. For example, if you were eligible for three installments but only applied for one, you can still apply for the remaining two, provided you are within the 730-day window from your LMP. It's important to apply as soon as you fulfill the conditionalities to ensure you receive the benefits intended for the scheme's objectives. The scheme doesn't specify a timeframe for applying after fulfilling the conditions, only the 730-day limit from pregnancy.",Pradhan Mantri Matru Vandana Yojana Guidelines 3.6,Safe,procedural,PMMVY_Maternity_Scheme__p22__c0,train
QA_456,"Court warrant issue hone ke baad agar koi abscond kar jaaye, toh court kya kar sakta hai? Process kya hota hai?",code_mixed,Criminal Law,Code of Criminal Procedure 1973,"Okay, so according to the Code of Criminal Procedure, 1973, Section 82, if a court believes that someone against whom a warrant has been issued has run away – basically, absconded or is hiding – so the warrant can't be executed, the court has a specific power. They can issue a written proclamation. This proclamation basically tells the person to appear at a particular place and time. Now, this time has to be at least thirty days from the day the proclamation is published. It's a pretty significant window. The court has to publish this proclamation in a specific way, as mentioned in the Act.  For example, let's say a person is wanted for fraud and they disappear. The court can issue this proclamation, giving them a chance to appear and face the charges. This is a formal legal notice, not just a casual announcement. The whole point is to give the person a final opportunity to surrender before further action is taken. It's a procedural step designed to ensure due process.  It's important to understand this process is outlined in the law. Apni specific situation ke liye ek qualified lawyer se zaroor milein.","Code of Criminal Procedure, 1973 Section 82",Safe,procedural,CrPC_1973__p49__c1,train
QA_457,"अगर कोई व्यक्ति बिना अनुमति के सट्टेबाजी करता है या जुआ खेलता है, तो क्या उसे 'छोटी संगठित अपराध' माना जाएगा? 'चोरी' शब्द का इस संदर्भ में क्या अर्थ है?",hindi,Criminal Law,Bharatiya Nyaya Sanhita 2023,"भारतीय न्याय संहिता 2023 के अनुसार, यदि कोई व्यक्ति बिना अनुमति के टिकटों की बिक्री, अनधिकृत सट्टेबाजी या जुआ, सार्वजनिक परीक्षा प्रश्न पत्रों की बिक्री या इसी तरह के किसी अन्य समान आपराधिक कार्य को करता है, तो उसे 'छोटी संगठित अपराध' माना जाएगा। इस उप-खंड के प्रयोजनों के लिए, 'चोरी' में कई प्रकार की चोरी शामिल हैं, जैसे कि धोखे से चोरी, वाहन, घर या व्यावसायिक परिसर से चोरी, कार्गो चोरी, जेब काटना, कार्ड स्किमिंग के माध्यम से चोरी, दुकानदारी और एटीएम मशीन से चोरी। उदाहरण के लिए, मान लीजिए कि कोई व्यक्ति बिना अनुमति के ऑनलाइन जुआ खेलता है और पैसे जीतता है। यह 'छोटी संगठित अपराध' माना जा सकता है। इस धारा के तहत, दोषी को कम से कम एक वर्ष की जेल की सजा हो सकती है। यह ध्यान रखना महत्वपूर्ण है कि यह केवल इस धारा में उल्लिखित अपराधों पर लागू होता है।  भारतीय न्याय संहिता 2023, धारा X (passage mein section number nahi diya gaya hai, isliye X likha gaya hai).","Bharatiya Nyaya Sanhita 2023, Section X",Safe,procedural,BNS_2023__p49__c1,val
QA_458,My neighbor sprayed a strong chemical in their garden that made me feel dizzy and I had trouble breathing. Could they be in trouble with the law for this?,english,Criminal Law,Bharatiya Nyaya Sanhita 2023,"The Bharatiya Nyaya Sanhita 2023 addresses situations where someone uses substances that are harmful to the human body. Specifically, Section (1) outlines penalties for causing harm through substances like poison, corrosive materials, or anything dangerous to inhale, swallow, or introduce into the bloodstream. Your neighbor’s actions, if they resulted in you experiencing adverse health effects from the chemical, *could* potentially fall under this provision. The law states that a person found guilty of such an act can face imprisonment for up to three years, a fine of up to twenty thousand rupees, or both. For example, if someone intentionally sprayed a pesticide known to cause severe respiratory problems, knowing it would affect their neighbors, it could be considered a violation. However, it's crucial to determine if the neighbor’s actions were intentional or negligent, and whether the substance used meets the legal definition of being 'deleterious' to the human body. The passage doesn't cover accidental exposure or substances that aren't inherently harmful. Please consult a qualified lawyer for your specific situation.","Bharatiya Nyaya Sanhita 2023, Section 1",Safe,procedural,BNS_2023__p52__c0,val
QA_459,"Suppose, agar parents ko accident ho jaaye aur woh financially aur physically dono tarah se bachchon ki care nahi kar pa rahe hain, toh kya hota hai? Sponsorship programme kaise kaam karta hai?",code_mixed,Children's Rights,Juvenile Justice (Care and Protection of Children) Act 2015,"Okay, so according to the Juvenile Justice (Care and Protection of Children) Act, 2015, if parents become incapacitated due to an accident and are unable to financially or physically care for their children, the Act provides for their care. The sponsorship programme, as mentioned in Section 46, is designed to provide supplementary support. This isn't just for the children themselves, but also for Children’s Homes and special homes that are looking after them.  The aim is to improve the children’s quality of life – covering medical needs, nutrition, education, and other essential things.  The duration of this sponsorship is prescribed, meaning it's determined by rules laid out elsewhere in the Act. For example, imagine a family where both parents are seriously injured in a car accident and can’t work or look after their kids. The sponsorship programme could provide funds for the children’s schooling, medical treatment, and basic necessities while the parents recover. Section 3 also mentions this. It’s all about ensuring these children get the support they need. The Act focuses on improving their overall well-being.","Juvenile Justice (Care and Protection of Children) Act, 2015, Sections 3 & 46",Safe,procedural,Juvenile_Justice_Act_2015__p29__c0,test
QA_460,"अगर किसी बच्चे की संपत्ति खतरे में है और मुझे लगता है कि उसकी देखभाल करने वाला व्यक्ति उसे ठीक से नहीं संभाल रहा है, तो मुझे क्या करना चाहिए? क्या मुझे कोई शुल्क देना होगा?",hindi,Children's Rights,Guardians and Wards Act 1890,"गार्जियंस एंड वार्ड्स एक्ट 1890 के अनुसार, यदि आपको किसी नाबालिग बच्चे की सुरक्षा या संपत्ति के बारे में चिंता है, तो आप अदालत में जा सकते हैं। अदालत धारा 12 के तहत, बच्चे को लाने और उसकी संपत्ति की अस्थायी सुरक्षा के लिए आदेश जारी कर सकती है। कलेक्टर, जिसके जिले में संपत्ति स्थित है, नोटिस प्रकाशित करने का अधिकार रखता है और वह इसे अपनी इच्छानुसार किसी भी माध्यम से प्रकाशित कर सकता है। महत्वपूर्ण बात यह है कि अदालत या कलेक्टर द्वारा उप-धारा (2) के तहत किसी भी नोटिस की सेवा या प्रकाशन के लिए कोई शुल्क नहीं लिया जाएगा। उदाहरण के लिए, मान लीजिए कि एक बच्चा अपनी संपत्ति का उपयोग करने के बजाय उसे बेच रहा है। इस स्थिति में, अदालत कलेक्टर को नोटिस प्रकाशित करने और बच्चे की संपत्ति की सुरक्षा करने का आदेश दे सकती है। यह सुनिश्चित करने के लिए कि आपकी कार्रवाई कानूनी रूप से सही है और बच्चे के सर्वोत्तम हित में है, अदालत की प्रक्रिया का पालन करना महत्वपूर्ण है।","Guardians and Wards Act 1890, Section 12, Sub-section (2)",Safe,procedural,Guardians_Wards_Act_1890__p8__c0,val
QA_461,"If the police ask me to come to the station and explain something related to a case, but I don't show up, what could happen to me?",english,Criminal Law,Bharatiya Nagarik Suraksha Sanhita 2023,"According to the Bharatiya Nagarik Suraksha Sanhita 2023, failing to comply with an order to appear and show cause can lead to penalties. Section 155 outlines this consequence. If you are instructed to appear and don't, or if you appear but fail to explain your side, you could be penalized. The specific penalty amount is detailed in Section 223 of the Bharatiya Nyaya Sanhita, 2023. The court will then make the initial order 'absolute,' meaning it becomes a final and binding decision. For example, if the police order you to appear to explain your involvement in a minor property dispute and you ignore the summons, the court could impose a fine as prescribed in Section 223. It's important to note that the law allows for appearance and hearings to be conducted through audio-video conferencing, so refusing to appear entirely might be viewed negatively. Ignoring a court order can have serious legal ramifications, so it's crucial to respond appropriately. Please consult a qualified lawyer for your specific situation.","Bharatiya Nagarik Suraksha Sanhita 2023, Sections 154, 155, 156; Bharatiya Nyaya Sanhita, 2023, Section 223",Safe,procedural,BNSS_2023__p62__c0,train
QA_462,"Court mein record aur judgment likhne ke rules kya hain? Agar High Court chahe toh Magistrate ko kisi officer se help lene ki permission de sakta hai, toh aisa kaise ho sakta hai?",code_mixed,Criminal Law,Code of Criminal Procedure 1973,"Okay, so according to the Code of Criminal Procedure, 1973, Section 265, every record and judgment in court has to be written in the language that the court uses. That's pretty straightforward, right? But there's a twist! The High Court can actually allow a Magistrate, who usually handles minor offences quickly, to get help from an officer appointed by the Chief Judicial Magistrate to prepare these records or judgments, or even both. This means the Magistrate doesn't *have* to do everything themselves. The record or judgment prepared by this officer still needs to be signed by the Magistrate, ensuring accountability. For example, imagine a Magistrate is dealing with a large number of petty theft cases. The High Court might allow them to use a court reporter to draft the judgments, which the Magistrate then reviews and signs. This helps speed up the process. It's all about efficiency and managing the workload, but the Magistrate remains responsible. Section 265 clearly lays out this process.  It's important to understand this procedural aspect. Apni specific situation ke liye ek qualified lawyer se zaroor milein.","Code of Criminal Procedure, 1973, Section 265",Safe,procedural,CrPC_1973__p122__c0,train
QA_463,"अगर किसी व्यक्ति पर जुर्माना लगाया जाता है और वह उसे नहीं भर पाता, तो क्या होगा? क्या उसे जेल भी जा सकती है?",hindi,Criminal Law,Code of Criminal Procedure 1973,"भारतीय दंड संहिता 1973 (Code of Criminal Procedure 1973) के अनुसार, यदि किसी व्यक्ति पर जुर्माना लगाया जाता है और वह उसे भरने में विफल रहता है, तो अदालत उस जुर्माने को अपनी ओर से लगाए गए जुर्माने की तरह वसूलने का अधिकार रखती है। इसका मतलब है कि अदालत उस व्यक्ति को जुर्माना भरने के लिए मजबूर कर सकती है। यदि जुर्माना अभी भी नहीं भरा जाता है और उसे ऊपर बताए गए तरीके से वसूल नहीं किया जा सकता है, तो अदालत उस व्यक्ति को जो जमानतदार है, उसे छह महीने तक के लिए नागरिक जेल में कैद करने का आदेश दे सकती है। उदाहरण के लिए, मान लीजिए कि किसी व्यक्ति को अदालत में पेश होने में विफल रहने के लिए 5000 रुपये का जुर्माना लगाया गया है। यदि वह जुर्माना नहीं भरता है, तो अदालत उसे जुर्माना भरने के लिए कह सकती है। यदि वह फिर भी ऐसा करने में विफल रहता है, तो अदालत उसे छह महीने तक के लिए जेल भेज सकती है। यह सुनिश्चित करने के लिए कि आप सही जानकारी प्राप्त कर रहे हैं और आपकी स्थिति के लिए उचित कार्रवाई कर रहे हैं, यह महत्वपूर्ण है।","Code of Criminal Procedure 1973, Section 2",Safe,procedural,CrPC_1973__p187__c0,train
QA_464,My company is building a new factory. Does the government expect them to provide housing for their workers?,english,Government Schemes,Pradhan Mantri Awas Yojana Guidelines,"According to the Pradhan Mantri Awas Yojana (PMAY) guidelines, yes, the government encourages this. Specifically, Section 13.1 states that the Department of Industrial Policy and Promotion (DIPP) will request industries to plan and provide housing facilities for all employees, regardless of whether they are contractual or permanent. The guidelines emphasize that housing for employees should be an integral part of the industrial setup, and that State Governments should be involved in the planning process. For example, if a textile mill is being constructed in Gujarat, the company would ideally incorporate housing units for its workers into the overall factory design, potentially in partnership with the Gujarat state government. This isn't a mandatory legal requirement in the strictest sense, but rather a request from the government to promote employee welfare and housing accessibility. Section 13.2 also addresses land-owning Central Government agencies, but focuses on slum redevelopment, not private industries. The PMAY guidelines aim to encourage industries to prioritize employee housing.","Pradhan Mantri Awas Yojana Section 13.1, 13.2",Safe,procedural,PMAY_Guidelines__p24__c0,test
QA_465,"Yeh Pradhan Mantri Matru Vandana Yojana mein, agar mere paas Aadhaar card nahi hai toh kya karun? Aur agar hai bhi, lekin address galat hai toh usko kaise correct karwa sakta hoon?",code_mixed,Government Schemes,Pradhan Mantri Matru Vandana Yojana Guidelines,"Okay, so according to the Pradhan Mantri Matru Vandana Yojana guidelines, if you or your husband don't have an Aadhaar card, the AWW (Anganwadi Worker), ASHA (Accredited Social Health Activist), or ANM (Auxiliary Nurse Midwife) is supposed to help you get enrolled within 90 days of applying for the scheme benefits. It's really important because you need Aadhaar to claim the third installment, you know?  And it's not just for enrollment, they also need to tell you that you can use the same form to correct details like your address or phone number that are already registered with UIDAI.  For example, let's say your address is showing an old village name, you can get it updated through the AWW/ASHA/ANM. They'll guide you through the process. Basically, they are there to facilitate this whole thing for you.  It's a really helpful service provided under the scheme to ensure everyone can access the benefits smoothly.  Remember, this is specifically about the Aadhaar process within this Yojana.  It doesn't cover anything else. 

Pradhan Mantri Matru Vandana Yojana Guidelines, Section 1.9 Part 2-C","Pradhan Mantri Matru Vandana Yojana Guidelines, Section 1.9 Part 2-C",Safe,procedural,PMMVY_Maternity_Scheme__p48__c0,train
QA_466,"अगर मैं असम में गर्भवती अवस्था में प्रवास करके आई हूँ, तो क्या मुझे मातृत्व लाभ अधिनियम के तहत लाभ पाने के लिए 80 दिनों की सेवा की आवश्यकता होगी?",hindi,Women's Rights,Maternity Benefit Act 1961,"मातृत्व लाभ अधिनियम, 1961 के अनुसार, सामान्य तौर पर, किसी महिला को मातृत्व लाभ प्राप्त करने के लिए पिछले 12 महीनों में कम से कम 80 दिनों की सेवा आवश्यक होती है। हालांकि, अधिनियम में एक विशेष अपवाद है जो असम राज्य में प्रवास करने वाली गर्भवती महिलाओं पर लागू होता है। यदि आप असम में गर्भवती अवस्था में प्रवास करके आई हैं, तो आपको 80 दिनों की सेवा की आवश्यकता नहीं होगी। इसका मतलब है कि आपको मातृत्व लाभ प्राप्त करने के लिए सेवा की कोई पूर्व शर्त नहीं होगी। उदाहरण के लिए, मान लीजिए कि एक महिला बांग्लादेश से असम में प्रवास करती है और गर्भावस्था के दौरान वहां काम करना शुरू करती है। मातृत्व लाभ अधिनियम के इस प्रावधान के तहत, वह 80 दिनों की सेवा की शर्त के बिना मातृत्व लाभ के लिए पात्र होगी। यह प्रावधान उन महिलाओं को सहायता प्रदान करने के लिए बनाया गया है जो असम में प्रवास करके आई हैं और गर्भावस्था के दौरान काम करने के लिए संघर्ष कर रही हैं। अधिनियम का यह प्रावधान उन महिलाओं के लिए एक महत्वपूर्ण राहत प्रदान करता है जो असम में प्रवास करके आई हैं।","The Maternity Benefit Act, 1961 - Section 1, Explanation",Safe,procedural,Maternity_Benefit_Act_1961__p9__c0,train
QA_467,"My neighbor got really angry and pushed me, and I pushed him back. He got a cut on his arm. What could happen to me legally?",english,Criminal Law,Code of Criminal Procedure 1973,"According to the Code of Criminal Procedure, 1973, the legal consequences depend on the severity of the injury. If your neighbor only suffered 'hurt' (a minor injury) and the push was a result of 'grave and sudden provocation' – meaning you reacted immediately to his anger – and you didn't intend to hurt anyone else, you could face imprisonment for up to one month, a fine of up to 500 rupees, or both. This is a non-cognizable, bailable offense, meaning you can get bail relatively easily. However, if the push resulted in 'grievous hurt' – a more serious injury like a deep cut requiring medical treatment – the penalties are much harsher. You could face imprisonment for up to four years, a fine of up to 2,000 rupees, or both. This is a cognizable offense, handled by a Magistrate of the first class. For example, if the cut on your neighbor’s arm required stitches, it would likely be considered grievous hurt. The law also addresses actions that endanger human life, but that isn't relevant to your scenario based on the provided text.",Code of Criminal Procedure 1973,Safe,procedural,CrPC_1973__p212__c0,val
QA_468,Yeh Rights of Persons with Disabilities Act 2016 mein likha hai ki Committee for Research on Disability ko kaise banaya ja sakta hai? Rules mein kya details hain?,code_mixed,PWD Rights,Rights of Persons with Disabilities Act 2016,"According to the Rights of Persons with Disabilities Act 2016, the Act itself doesn't specify *exactly* how the Committee for Research on Disability should be formed. Instead, it says that rules can be made to provide for this. Basically, the government can create rules that detail the process. These rules, as mentioned in the Act, can cover a lot of things, including how this Committee is constituted.  It's not laid out explicitly in the passage, but the passage states that rules *may provide* for the manner of constituting the Committee. Think of it like this: the Act creates the need for the Committee, but the detailed steps on how to set it up are left to be defined in separate rules. For example, the rules might specify the number of members, their qualifications, and the selection process.  The passage also mentions rules regarding limited guardians and certificate registration, but specifically addresses the Committee formation.  It's all under the generality of the powers granted to make rules.  This is Section 5, sub-section (2) and generally under the powers to make rules.","Rights of Persons with Disabilities Act 2016, Section 5(2)",Safe,procedural,RPWD_Act_2016__p33__c1,train
QA_469,"अगर कोई सरकारी कर्मचारी अपनी ड्यूटी करते हुए किसी नागरिक से टकरा जाता है और वह नागरिक उसे बुरी तरह घायल कर देता है, तो उस नागरिक पर क्या कार्रवाई हो सकती है?",hindi,Criminal Law,Indian Penal Code 1860,"भारतीय दंड संहिता, 1860 के धारा 333 के अनुसार, यदि कोई व्यक्ति स्वेच्छा से किसी सरकारी कर्मचारी को गंभीर चोट पहुंचाता है जो अपनी ड्यूटी कर रहा है, या किसी अन्य सरकारी कर्मचारी को उसकी ड्यूटी करने से रोकने के लिए, या उस सरकारी कर्मचारी द्वारा अपने कर्तव्य के निर्वहन के परिणामस्वरूप, तो वह अपराध करेगा। 'गंभीर चोट' का मतलब है ऐसी चोट जो जीवन के लिए खतरनाक हो, या जिसके कारण पीड़ित को 20 दिनों से अधिक समय तक गंभीर शारीरिक पीड़ा होती है, या जिसके कारण पीड़ित को कोई अंग या शारीरिक शक्ति खोनी पड़ती है। उदाहरण के लिए, मान लीजिए कि एक पुलिसकर्मी यातायात नियमों का उल्लंघन करने वाले व्यक्ति को रोकने की कोशिश कर रहा है, और वह व्यक्ति गुस्से में आकर पुलिसकर्मी पर हमला कर देता है और उसे गंभीर रूप से घायल कर देता है। ऐसे मामले में, हमलावर को धारा 333 के तहत दोषी ठहराया जा सकता है। इस धारा के तहत दोषी पाए जाने पर कारावास और जुर्माना हो सकता है। यह ध्यान रखना महत्वपूर्ण है कि यह धारा केवल उन मामलों पर लागू होती है जहां चोट सरकारी कर्मचारी की ड्यूटी के संबंध में हुई है।","Indian Penal Code 1860, Section 333",Safe,procedural,IPC_1860__p148__c0,val
QA_470,"What does the President need to believe to declare an emergency in India, and can it apply to the whole country or just parts of it?",english,Constitutional Law,Constitution of India,"According to the Constitution of India, the President can declare an emergency if they are convinced that a 'grave emergency' exists that threatens the security of India or any part of its territory. This threat can arise from war, external aggression, or armed rebellion. The President doesn't need parliamentary approval at this initial stage; they can issue a Proclamation based on their satisfaction. Crucially, the Proclamation can apply to the entire country or be limited to a specific region as outlined within the Proclamation itself. For example, if there's a serious armed rebellion in the Northeast, the President could declare an emergency specifically for that region, without affecting the rest of India. This power is detailed in Part XVIII, specifically Section 352 of the Constitution of India. The Constitution also includes an Explanation clarifying the purpose of the Emergency Proclamation, reinforcing that it’s about addressing threats to India’s security. It’s a significant power, designed for times of national crisis.",Constitution of India Section 352,Safe,procedural,Constitution_of_India__p218__c0,train
QA_471,"Yaar, agar main unknowingly kisi ko, jo terrorist act kiya hai, hide kar dun, toh mujhe kitna saal jail hogi? Aur fine bhi lagega kya?",code_mixed,Criminal Law,Bharatiya Nyaya Sanhita 2023,"Okay, so according to the Bharatiya Nyaya Sanhita 2023, Section 7, if you knowingly hide or conceal someone who has committed a terrorist act, you're looking at a serious punishment. The law says you could be imprisoned for at least three years, but it can go all the way up to life imprisonment. Plus, you'll also have to pay a fine. Now, 'knowingly' is the key word here. If you genuinely didn't know they were involved in a terrorist act, it might be a different story, but proving that can be tough. For example, imagine someone comes to your house asking for help, you offer it without knowing their background, and later find out they were involved in a bombing. That's a tricky situation. The important thing is, the law doesn't apply if the person hiding the offender is their spouse. But remember, this section is specifically about harbouring or concealing someone *after* they've committed the act. It doesn't cover helping them plan it. It's a very strict law designed to prevent aiding and abetting terrorism. Bharatiya Nyaya Sanhita 2023, Section 7.","Bharatiya Nyaya Sanhita 2023, Section 7",Safe,procedural,BNS_2023__p50__c1,train
QA_472,"अगर किसी राज्य की सरकार केंद्र सरकार के निर्देशों का पालन नहीं करती है, तो राष्ट्रपति क्या कर सकते हैं? यह प्रक्रिया कैसे काम करती है?",hindi,Constitutional Law,Constitution of India,"भारतीय संविधान के अनुच्छेद 365 के अनुसार, यदि कोई राज्य केंद्र सरकार द्वारा दिए गए निर्देशों का पालन करने में विफल रहता है, तो राष्ट्रपति यह घोषित कर सकते हैं कि राज्य सरकार संविधान के प्रावधानों के अनुसार कार्य करने में असमर्थ है। इसका मतलब है कि राष्ट्रपति राज्य सरकार को बर्खास्त कर सकते हैं और राज्य का शासन केंद्र सरकार द्वारा नियुक्त राज्यपाल के माध्यम से चलाया जा सकता है। यह एक गंभीर कदम है और इसे केवल तभी उठाया जाता है जब राज्य सरकार संविधान के प्रति अपनी संवैधानिक जिम्मेदारियों को पूरा करने में विफल रहती है। उदाहरण के लिए, यदि कोई राज्य कानून व्यवस्था बनाए रखने में विफल रहता है और केंद्र सरकार ने हस्तक्षेप करने का निर्देश दिया है, लेकिन राज्य सरकार सहयोग नहीं करती है, तो राष्ट्रपति अनुच्छेद 365 के तहत कार्रवाई कर सकते हैं। यह ध्यान रखना महत्वपूर्ण है कि यह शक्ति सावधानीपूर्वक प्रयोग की जानी चाहिए और केवल अंतिम उपाय के रूप में। संविधान का अनुच्छेद 365 और 366 इस प्रक्रिया को परिभाषित करते हैं।","Constitution of India, Article 365 & 366",Safe,procedural,Constitution_of_India__p235__c0,train
QA_473,"My state government wants to spend money. Does it need my permission, or someone else's?",english,Constitutional Law,Constitution of India,"According to the Constitution of India, the state government doesn't simply decide to spend money freely. Article 204 outlines the process for appropriating funds from the State Consolidated Fund. Crucially, no demand for a grant can be made except on the recommendation of the Governor. This means the Governor plays a vital role in initiating the process. Following grants made by the State Assembly (under Article 203), a Bill must be introduced to appropriate the necessary funds. This Bill must cover both the grants approved by the Assembly and any expenditure already charged to the Consolidated Fund, but within limits previously declared to the House. For example, if the Assembly approves a grant of ₹10 crore for education, a Bill must be introduced to allocate that specific amount. The expenditure must also not exceed the amount previously laid before the House. This ensures a degree of transparency and oversight in state government spending. The entire process is designed to ensure legislative and gubernatorial approval before funds are spent.","Constitution of India, Article 203, Article 204",Safe,procedural,Constitution_of_India__p101__c0,train
QA_474,"Yaar, suppose ek crime, like theft, India ke bahar hua, toh isko investigate aur trial yahan India mein kiya ja sakta hai kya? Aur evidence, like CCTV footage, jo wahaan se mila, woh yahan court mein acceptable hoga?",code_mixed,Criminal Law,Bharatiya Nagarik Suraksha Sanhita 2023,"Okay, so according to the Bharatiya Nagarik Suraksha Sanhita 2023, Section 208 specifically deals with offences committed outside of India. Basically, it says that if a crime happens outside India, the legal proceedings can still happen here. And Section 209 talks about receiving evidence related to those offences. So, yes, CCTV footage or any other evidence collected outside India *can* be used in an Indian court. For example, imagine a student studying in the UK steals something. Even though the theft happened in the UK, if the student is an Indian citizen and the case has relevance to India, the Indian legal system can proceed with the investigation and trial, using evidence gathered in the UK. The court will assess the admissibility of the evidence, of course, but the law allows for it. The Sanhita provides a framework for handling such situations, ensuring that justice can be pursued even when the crime occurs beyond our borders. It's all about ensuring proper legal recourse.","Bharatiya Nagarik Suraksha Sanhita 2023, Sections 208 & 209",Safe,procedural,BNSS_2023__p7__c0,test
QA_475,"अगर कोई कंपनी ऑनलाइन सामान बेचती है, तो क्या उसे 'ई-कॉमर्स' माना जाएगा?",hindi,Consumer and Cyber Law,Consumer Protection Act 2019,"Consumer Protection Act, 2019 के अनुसार, 'ई-कॉमर्स' का मतलब है डिजिटल या इलेक्ट्रॉनिक नेटवर्क के माध्यम से सामान या सेवाओं, जिसमें डिजिटल उत्पाद भी शामिल हैं, को खरीदना या बेचना। इसका मतलब है कि अगर कोई कंपनी ऑनलाइन प्लेटफॉर्म के माध्यम से, जैसे कि वेबसाइट या ऐप, सामान बेचती है, तो उसे ई-कॉमर्स माना जाएगा। उदाहरण के लिए, यदि कोई व्यक्ति Flipkart या Amazon जैसी वेबसाइट से मोबाइल फोन खरीदता है, तो यह ई-कॉमर्स का एक उदाहरण है। Act के Section 16 में इसकी परिभाषा दी गई है। यह परिभाषा न केवल सीधे बेचने वाली कंपनियों पर लागू होती है, बल्कि उन इलेक्ट्रॉनिक सेवा प्रदाताओं पर भी लागू होती है जो विक्रेताओं को विज्ञापन या बिक्री करने में सक्षम बनाते हैं, जैसे कि ऑनलाइन मार्केटप्लेस। इसलिए, ऑनलाइन सामान बेचने वाली किसी भी कंपनी को ई-कॉमर्स के दायरे में माना जाएगा।","Consumer Protection Act, 2019 Section 16",Safe,definitional,Consumer_Protection_Act_2019__p7__c0,train
QA_476,"If a police officer is doing their job and I accidentally bump into them, and then they get angry and push me, can they be held accountable, or is that just part of their job?",english,Criminal Law,Bharatiya Nyaya Sanhita 2023,"The Bharatiya Nyaya Sanhita 2023 addresses situations where a public servant, like a police officer, is assaulted or uses criminal force while performing their duties. Section 132 specifically states that assaulting or using criminal force against a public servant while they are executing their duty is an offence. However, the law also acknowledges that actions taken in lawful exercise of a right, such as private defence, can be a mitigating factor. Explanation 2 clarifies that whether the provocation was grave and sudden enough to lessen the severity of the offence is a matter of fact to be determined by the court. For example, if a police officer is lawfully arresting someone and that person, in fear for their safety, pushes the officer away, the court would consider the circumstances. The key is whether the force used was proportionate to the perceived threat. The passage doesn't explicitly address accidental contact, but it does provide a framework for evaluating actions taken against public servants.","Bharatiya Nyaya Sanhita 2023, Section 132",Safe,procedural,BNS_2023__p56__c1,train
QA_477,"Yaar, suppose agar koi product kharab nikla, aur lab report mein bhi kuch problem dikh raha hai, lekin opposite party bolta hai ki report galat hai, ya test method hi wrong thi. Then kya hota hai? Complainant ko kya karna chahiye?",code_mixed,Consumer and Cyber Law,Consumer Protection Act 2019,"Okay, so according to the Consumer Protection Act, 2019, if there's a dispute about the lab report – either the findings themselves or the way the lab did the testing – the Act lays down a specific procedure. The opposite party, or even the complainant, needs to submit their objections *in writing*. It's not enough to just say something verbally.  This written objection needs to clearly state why they believe the lab report is incorrect.  Then, the authorities have to give both the complainant and the opposite party a 'reasonable opportunity' to be heard. This means they get a chance to present their case and argue about the report's accuracy and the validity of the objections.  For example, imagine you bought a mixer grinder, and a lab report shows it's faulty. The company claims the lab used the wrong testing method. They *must* put this objection in writing.  The Act ensures a fair hearing for both sides before any decision is made. It’s all about ensuring fairness and transparency in consumer disputes.  This is all covered under Section (g) of the Act. Apni specific situation ke liye ek qualified lawyer se zaroor milein.","Consumer Protection Act 2019, Section (g)",Safe,procedural,Consumer_Protection_Act_2019__p20__c1,test
QA_478,"अगर कोई व्यक्ति सार्वजनिक कुएँ या जलाशय का पानी जानबूझकर गंदा कर देता है, तो उसे क्या सजा हो सकती है?",hindi,Criminal Law,Code of Criminal Procedure 1973,"भारतीय दंड प्रक्रिया संहिता, 1973 (Code of Criminal Procedure, 1973) के अनुसार, यदि कोई व्यक्ति सार्वजनिक कुएँ या जलाशय का पानी गंदा करता है, तो उसे तीन महीने तक की कैद, 500 रुपये का जुर्माना, या दोनों में से कोई भी सजा हो सकती है। यह अपराध संज्ञान योग्य (cognizable) है, जिसका मतलब है कि पुलिस बिना वारंट के गिरफ्तारी कर सकती है। यह जमानती (bailable) भी है, यानी आरोपी जमानत पर रिहा हो सकता है। किसी भी मजिस्ट्रेट (Any Magistrate) इस मामले की सुनवाई कर सकते हैं। उदाहरण के लिए, मान लीजिए कि कोई व्यक्ति किसी गाँव के कुएँ में जानबूझकर कचरा डाल देता है जिससे पानी पीने के लिए अनुपयुक्त हो जाता है। ऐसे मामले में, उसे ऊपर बताई गई सजा हो सकती है। यह ध्यान रखना महत्वपूर्ण है कि यह सजा अपराध की गंभीरता और अन्य परिस्थितियों पर निर्भर कर सकती है।","Code of Criminal Procedure, 1973 - No specific section number provided in the passage.",Safe,procedural,CrPC_1973__p209__c0,train
QA_479,"My neighbor vandalized my garden, and the repairs will cost over ₹1 lakh. Can they be sent to jail for this?",english,Criminal Law,Bharatiya Nyaya Sanhita 2023,"According to the Bharatiya Nyaya Sanhita 2023, Section 325, if someone commits mischief and the resulting loss or damage is one lakh rupees or more, they can face imprisonment, a fine, or both. The imprisonment could be either simple or rigorous, and the term can extend up to five years. This section specifically addresses situations where the mischief results in significant financial loss. For example, if someone deliberately destroys a farmer's crops, leading to a loss exceeding ₹1 lakh, the perpetrator could be charged under this provision. The law aims to deter acts of vandalism that cause substantial economic harm. It's important to note that the law focuses on the financial impact of the mischief, not necessarily the intent behind it. The prosecution would need to prove the value of the damage exceeded one lakh rupees. The law provides a clear framework for addressing such incidents and ensuring accountability for those responsible. Please consult a qualified lawyer for your specific situation.","Bharatiya Nyaya Sanhita 2023, Section 325",Safe,procedural,BNS_2023__p98__c0,train
QA_480,"Okay, so, agar High Court ko lagta hai ki koi case subordinate court mein pending hai aur usmein Constitution ki interpretation se related ek important legal question hai, toh High Court kya kar sakta hai?  Basically, what are their options?",code_mixed,Constitutional Law,Constitution of India,"According to Article 228 of the Constitution of India, if the High Court believes a case in a lower court (subordinate court) raises a significant legal question concerning the interpretation of the Constitution, and resolving that question is crucial for the case's outcome, the High Court has specific powers. It can either directly handle and decide the case itself – basically, dispose of the case. Alternatively, the High Court can choose to just address that particular legal question. In this scenario, it will send the case back to the original subordinate court from where it was withdrawn, along with a copy of its judgment on that specific legal question. The subordinate court then *must* consider the High Court’s judgment when proceeding with the case. For example, imagine a lower court is struggling to interpret a specific clause related to fundamental rights. The High Court can step in, clarify the interpretation, and send the case back for final resolution. This ensures consistency in constitutional interpretation.  It’s a mechanism to ensure important constitutional questions are properly addressed. Constitution of India, Article 228.","Constitution of India, Article 228",Safe,procedural,Constitution_of_India__p115__c0,train
QA_481,"अगर कोई सिफारिश यूनियन से संबंधित है और सरकार उसे स्वीकार नहीं करती है, तो क्या होता है?",hindi,Constitutional Law,Constitution of India,"भारतीय संविधान के अनुच्छेद 324 के अनुसार, यदि कोई सिफारिश यूनियन से संबंधित है और सरकार उसे स्वीकार नहीं करती है, तो सरकार को उस सिफारिश को स्वीकार न करने के कारणों को बताना आवश्यक है। यह प्रक्रिया पारदर्शिता सुनिश्चित करती है और जनता को सरकार के निर्णयों के पीछे के तर्क को समझने में मदद करती है। उदाहरण के लिए, मान लीजिए कि एक समिति ने केंद्र सरकार को शिक्षा नीति में बदलाव की सिफारिश की, लेकिन सरकार ने इसे स्वीकार नहीं किया। सरकार को यह बताना होगा कि उसने सिफारिश क्यों नहीं मानी, जैसे कि वित्तीय संसाधनों की कमी या अन्य नीतिगत प्राथमिकताओं के कारण। यह जानकारी संसद में प्रस्तुत की जाएगी और जनता के लिए उपलब्ध होगी। इसी तरह, यदि रिपोर्ट किसी राज्य सरकार से संबंधित है, तो उसे राज्य के राज्यपाल को भेजा जाएगा और राज्य विधानमंडल को कारणों के साथ भेजा जाएगा।","Constitution of India, Article 324",Safe,procedural,Constitution_of_India__p209__c0,val
QA_482,"If someone damages my property while committing a crime, can the court order them to pay me for the damage?",english,Criminal Law,Code of Criminal Procedure 1973,"Yes, under the Code of Criminal Procedure, 1973, Section 401(b), a court can order compensation to you if your loss or injury was caused by the crime. This applies when the court believes you could have successfully sued the offender in a civil court to recover that compensation. Essentially, the criminal court is stepping in to provide a remedy that would normally be pursued through a civil lawsuit. The court’s opinion is key here – they must believe your claim is valid and recoverable in a civil court. For example, if someone vandalizes your shop window while robbing a nearby store, the court could order the robber to pay you for the cost of repairing or replacing the window. This is because you could likely sue them in a civil court for property damage. The passage also mentions compensation in cases of death, referencing the Fatal Accidents Act, 1855, but that’s specifically for cases involving death resulting from an offence. Please consult a qualified lawyer for your specific situation.","Code of Criminal Procedure, 1973, Section 401(b), Fatal Accidents Act, 1855",Safe,procedural,CrPC_1973__p157__c0,train
QA_483,"Yaar, suppose court acquittal kar diya, phir bhi police accused ko arrest kar sakti hai kya? Aur appellate court kya kar sakta hai, agar wo case mein aur evidence le sakti hai?",code_mixed,Criminal Law,Bharatiya Nagarik Suraksha Sanhita 2023,"Okay, so according to the Bharatiya Nagarik Suraksha Sanhita 2023, even after acquittal, the accused *can* be arrested if there's an appeal. Section 431 specifically addresses this. It's a bit tricky, right? Now, the appellate court, the higher court hearing the appeal, has some power. Section 432 says that the appellate court *may* take further evidence or even direct that it be taken. This means they can look at new information if they feel it's necessary to review the case properly. For example, let's say a witness comes forward *after* the acquittal with crucial information. The appellate court could then order that witness to be heard.  The whole process is about ensuring a fair review of the original decision.  Sections 433 deals with what happens if the judges on the appellate court are equally divided in their opinion, and Section 434 talks about how the judgments and orders on appeal become final.  The chapter XXXII covers reference and revision, with sections 436-439 outlining the process of referring cases to the High Court and exercising revision powers. It's a complex system designed to ensure justice.","Bharatiya Nagarik Suraksha Sanhita 2023, Sections 431, 432, 433, 434, 436-439",Safe,procedural,BNSS_2023__p13__c0,val
QA_484,"अगर कोई व्यक्ति कर्ज में डूबा हुआ है और उसने एक बॉन्ड बनाया है, तो क्या यह बॉन्ड बनाने के समय उसकी आर्थिक स्थिति अदालत में प्रासंगिक होगी?",hindi,Criminal Law,Indian Evidence Act 1872,"भारतीय साक्ष्य अधिनियम, 1872 के अनुसार, यह प्रासंगिक है कि बॉन्ड बनाने के समय व्यक्ति को किसी विशेष उद्देश्य के लिए धन की आवश्यकता थी। इसका मतलब है कि अगर किसी व्यक्ति पर बॉन्ड बनाने का आरोप है, तो अदालत यह देख सकती है कि उस समय उसकी आर्थिक स्थिति कैसी थी। उदाहरण के लिए, मान लीजिए कि राम ने श्याम से एक बॉन्ड पर हस्ताक्षर किए, लेकिन बाद में उसने दावा किया कि वह कर्ज में डूबा हुआ था और इसलिए उसने बॉन्ड पर हस्ताक्षर नहीं किए। अदालत राम की आर्थिक स्थिति की जांच कर सकती है ताकि यह निर्धारित किया जा सके कि क्या वह वास्तव में उस समय कर्ज में डूबा हुआ था। यह जानकारी बॉन्ड की वैधता का निर्धारण करने में मदद कर सकती है। अधिनियम का यह प्रावधान यह समझने में मदद करता है कि किसी व्यक्ति के इरादे और परिस्थितियों को कैसे देखा जाए।","Indian Evidence Act 1872, Section 3",Safe,factual,Indian_Evidence_Act_1872__p13__c0,train
QA_485,I often do business online. Does Indian law recognize these online transactions?,english,Consumer and Cyber Law,Information Technology Act 2000,"Yes, Indian law does recognize transactions conducted through electronic means. The Information Technology Act, 2000 was specifically enacted to provide legal recognition for these transactions, often referred to as “electronic commerce.” This Act aims to give validity to agreements and contracts made electronically, moving away from solely relying on paper-based methods. It acknowledges the increasing use of electronic data interchange and other forms of electronic communication in modern business. The Act also facilitates the electronic filing of documents with government agencies, streamlining processes and reducing reliance on physical paperwork. For example, if you purchase a product from an online retailer and receive an electronic invoice, the Information Technology Act, 2000 provides a legal framework for that transaction to be considered valid and enforceable. The Act amends several other laws, including the Indian Penal Code and the Indian Evidence Act, to accommodate this shift towards digital transactions. This ensures that electronic records and signatures have legal standing. The Act is Section 1 of the Information Technology Act, 2000.","Information Technology Act, 2000 Section 1",Safe,procedural,IT_Act_2000__p5__c0,train
QA_486,"Okay, so Chhattisgarh mein, agar koi section 509, 509A ya 509B ke under case register karwaaye toh police ko investigation kaise karna chahiye? Basically, non-cognizable offences ke liye process kya hai?",code_mixed,Criminal Law,Code of Criminal Procedure 1973,"According to the Code of Criminal Procedure, 1973, specifically in Chhattisgarh, if a case is registered under sections 509, 509A, or 509B – which deal with offences relating to defamation and sexual harassment – it falls under the category of non-cognizable offences. This means the police officer in charge of the police station has a specific procedure to follow. The passage states that when information about a non-cognizable offence is given, the officer *shall* take action.  It doesn't detail *how* they investigate, but it establishes the obligation to investigate. For example, if someone reports harassment under section 509A, the police are obligated to record the information and initiate an investigation. The passage doesn't specify the exact steps, but it confirms the officer *must* investigate. It’s important to note this is just a snippet; the full Code outlines the detailed procedures.  The amendment clarifies which sections fall under non-cognizable offences in Chhattisgarh.","Code of Criminal Procedure 1973, Section 154, Section 155, Sections 509, 509A, 509B",Safe,procedural,CrPC_1973__p79__c0,train
QA_487,"अगर मेरी बैंक खाता प्रधानमंत्री मातृ वंदना योजना (Pradhan Mantri Matru Vandana Yojana) के लिए स्वीकृत हो गई है, तो मुझे अपना आधार कार्ड बैंक में जमा करने के लिए कहाँ जाना चाहिए और यह प्रक्रिया कौन करवाएगा?",hindi,Government Schemes,Pradhan Mantri Matru Vandana Yojana Guidelines,"प्रधानमंत्री मातृ वंदना योजना के अंतर्गत, आपका आधार कार्ड आपके बैंक खाते से जोड़ने की प्रक्रिया को सुगम बनाने के लिए, आपको निकटतम बैंक शाखा में जाना होगा। इस प्रक्रिया को सुविधाजनक बनाने के लिए, आंगनवाड़ी कार्यकर्ता (AWW), आशा कार्यकर्ता (ASHA), या ANM (Auxiliary Nurse Midwife) आपकी सहायता करेंगे। उन्हें फॉर्म-फिलिंग और बैंक में जमा करने की जिम्मेदारी दी गई है। फॉर्म 2-ए, जो कि आधार सीडिंग के लिए है, इन्हीं के माध्यम से जमा किया जाएगा। ध्यान रखें कि फॉर्म केवल अधिकृत व्यक्तियों को ही जमा करना है। उदाहरण के लिए, मान लीजिए कि आपकी पत्नी को योजना के तहत लाभ मिल रहा है, तो आप आंगनवाड़ी कार्यकर्ता से संपर्क कर सकते हैं जो आपको फॉर्म भरने और बैंक में जमा करने में मदद करेगा। यह सुनिश्चित करना महत्वपूर्ण है कि आप सही जानकारी प्रदान करें ताकि आपका आधार कार्ड आपके खाते से सफलतापूर्वक जुड़ जाए। इस प्रक्रिया में किसी भी तरह की परेशानी होने पर, आप बैंक शाखा के प्रबंधक से भी संपर्क कर सकते हैं। इस प्रक्रिया के लिए कोई विशेष अधिनियम या धारा का उल्लेख नहीं है, यह योजना के दिशानिर्देशों का हिस्सा है।",Pradhan Mantri Matru Vandana Yojana Guidelines (No specific Act or Section mentioned in the provided passage),Safe,procedural,PMMVY_Maternity_Scheme__p106__c0,test
QA_488,"If people from Scheduled Castes or Scheduled Tribes are facing problems and violence in a particular area, what does the government do?",english,Labour and Social Welfare,Scheduled Castes and Scheduled Tribes (Prevention of Atrocities) Act 1989,"According to the Scheduled Castes and Scheduled Tribes (Prevention of Atrocities) Act, 1989, the government is obligated to identify areas where members of Scheduled Castes and Scheduled Tribes are likely to experience atrocities. The Act mandates the adoption of measures to ensure their safety in those identified areas. Specifically, Section (vii) addresses this responsibility. Furthermore, the Central Government plays a crucial role in coordinating the actions taken by State Governments to address these issues, as outlined in Section (3). This coordination ensures a unified approach to protecting vulnerable communities. For example, if a district consistently reports incidents of discrimination against Dalits, the government might increase police presence, establish dedicated grievance redressal mechanisms, or implement awareness campaigns. The Central Government is also required to annually report on these efforts to Parliament, detailing actions taken by both the Central and State Governments, as stated in Section (4). This transparency aims to hold authorities accountable and improve the effectiveness of protective measures.","Scheduled Castes and Scheduled Tribes (Prevention of Atrocities) Act, 1989 Sections (vii), (3), (4)",Safe,procedural,SC_ST_Atrocities_Act_1989__p17__c0,train
QA_489,"Court ne mujhe apne property ka guardian banaya hai, toh main uski immovable property ko sell ya gift nahi kar sakta? Kya rules hain?",code_mixed,Children's Rights,Guardians and Wards Act 1890,"Okay, so according to the Guardians and Wards Act, 1890, if the court has appointed you as the guardian of a ward's property, you can't just go ahead and sell it, gift it, or transfer it in any other way – like exchange – without getting the court's permission first. Section 28 specifically says this.  You also can't lease out any part of the property for more than five years, or even for a term that goes beyond the time when the ward will no longer be a minor.  Basically, the court wants to protect the ward's interests. For example, let's say your ward is 16 years old, and you want to lease out a shop on their land for 8 years. You absolutely need the court's permission for that, otherwise it's a violation. Section 30 then says that any such transfer you make without permission will be considered void – meaning it’s invalid and won’t be legally recognized. The whole point is to ensure the ward's property is managed responsibly and in their best interest.  It's a strict rule to prevent misuse of power.","Guardians and Wards Act 1890, Sections 28 & 30",Safe,procedural,Guardians_Wards_Act_1890__p11__c0,val
QA_490,"अगर सरकार को मेरी जमीन अधिग्रहण करनी है, तो क्या वे मुझे उचित मुआवजा देने के लिए बाध्य हैं?",hindi,Constitutional Law,Constitution of India,"भारतीय संविधान के अनुच्छेद 31 के अनुसार, यदि सरकार आपकी जमीन का अधिग्रहण करना चाहती है, तो उन्हें ऐसा कानून बनाना होगा जो यह सुनिश्चित करे कि आपको उचित मुआवजा मिले। 'उचित मुआवजा' का मतलब है कि आपको उस जमीन के बाजार मूल्य के अनुसार मुआवजा मिलना चाहिए, ताकि आपकी आर्थिक स्थिति प्रभावित न हो। सरकार इस मुआवजे की राशि को कानून के तहत निर्धारित करती है। यह ध्यान रखना महत्वपूर्ण है कि मुआवजा इतना नहीं होना चाहिए कि यह आपके अधिकार को सीमित या समाप्त कर दे जो संविधान द्वारा आपको गारंटीकृत है। उदाहरण के लिए, मान लीजिए कि सरकार एक राजमार्ग बनाने के लिए आपकी जमीन का अधिग्रहण करना चाहती है। आपको उस जमीन के वर्तमान बाजार मूल्य के आधार पर मुआवजा मिलना चाहिए, ताकि आप उसी तरह की दूसरी जमीन खरीद सकें। यह अनुच्छेद 31, संविधान (चवालीसवां संशोधन) अधिनियम, 1977 द्वारा निरस्त कर दिया गया है, लेकिन इसका मूल सिद्धांत अभी भी अन्य कानूनों में लागू है।","Constitution of India, Article 31 (Repealed by the Constitution (Forty-fourth Amendment) Act, 1977)",Safe,procedural,Constitution_of_India__p15__c0,train
QA_491,"If a retired High Court judge from another state is asked to temporarily judge in my state's High Court, what powers will they have?",english,Constitutional Law,Constitution of India,"According to Article 217 of the Constitution of India, a retired judge from either the Supreme Court or another High Court can be requested to sit and act as a judge in a High Court. This provision allows for temporary judicial assistance. While acting as a judge, this retired person will possess all the jurisdiction, powers, and privileges of a regular High Court judge. However, it's crucial to understand they are not permanently considered a judge of that High Court; their role is temporary and based on the request. The President can determine the allowances they receive through an order. For instance, if the Gujarat High Court faces a backlog of cases and needs extra judicial capacity, it could request a retired judge from the Delhi High Court to assist. This retired judge would then have the authority to hear and decide cases within their assigned jurisdiction, just like a sitting judge, but without the permanent status. The Constitution doesn't mandate that a retired judge *must* accept such a request.","Constitution of India, Article 217",Safe,procedural,Constitution_of_India__p112__c0,train
QA_492,Main ek company ke liye electronic signature certificate issue karna chahta hoon. Controller se license kaise apply kar sakta hoon? Kya requirements hain?,code_mixed,Consumer and Cyber Law,Information Technology Act 2000,"Okay, so according to the Information Technology Act, 2000, Section 21, you can apply to the Controller for a license to issue electronic signature certificates. But there's a catch! The Act doesn't specify *exactly* what those requirements are. It just says you need to fulfill certain things. Basically, the Controller will look at your qualifications, your expertise in this area, how much manpower you have, your financial resources – pretty much everything to see if you're capable of issuing these certificates responsibly. Think of it like this: imagine a company wants to issue digital signatures for property documents. The Controller will want to be sure they have the technical know-how and the money to maintain a secure system. The Act doesn't list them out explicitly, so you'll need to check the Controller's specific guidelines and regulations for the detailed requirements. It's a bit vague, honestly. The section was amended in 2008, so the older provisions regarding a repository are no longer relevant.  You need to meet *all* of these requirements before they'll even consider giving you a license.","Information Technology Act, 2000, Section 21",Safe,procedural,IT_Act_2000__p14__c0,train
QA_493,"अगर किसी व्यक्ति को अदालत ने यह कहकर बरी कर दिया कि उसने अपराध करते समय मानसिक रूप से स्वस्थ नहीं था, तो अदालत को क्या करना चाहिए?",hindi,Criminal Law,Code of Criminal Procedure 1973,"भारतीय दंड संहिता (Code of Criminal Procedure) की धारा 334 के अनुसार, यदि किसी व्यक्ति को यह कहकर बरी कर दिया जाता है कि अपराध करते समय वह मानसिक रूप से स्वस्थ नहीं था, तो अदालत को अपने फैसले में स्पष्ट रूप से यह बताना होगा कि क्या उस व्यक्ति ने वास्तव में वह कार्य किया था जिसके लिए उसे आरोपित किया गया था। अदालत को यह स्पष्ट करना होगा कि क्या कार्य किया गया था या नहीं, भले ही व्यक्ति मानसिक रूप से स्वस्थ न हो। उदाहरण के लिए, मान लीजिए कि एक व्यक्ति, जो गंभीर मानसिक बीमारी से पीड़ित है, किसी दुकान से कुछ सामान चोरी कर लेता है। यदि अदालत यह निर्धारित करती है कि वह व्यक्ति अपराध करते समय मानसिक रूप से स्वस्थ नहीं था, तो उसे बरी कर दिया जाएगा, लेकिन अदालत के फैसले में यह स्पष्ट रूप से लिखा होगा कि क्या उसने चोरी की घटना को अंजाम दिया था या नहीं। यह सुनिश्चित करता है कि रिकॉर्ड में स्पष्टता बनी रहे और भविष्य में किसी भी कानूनी कार्यवाही में मदद मिले।","Code of Criminal Procedure, 1973 Section 334",Safe,procedural,CrPC_1973__p150__c1,val
QA_494,My neighbor wants to give up their child to an orphanage. What checks and balances are in place to make sure they really want to do this and that the child can go back home if possible?,english,Children's Rights,Juvenile Justice (Care and Protection of Children) Act 2015,"The Juvenile Justice (Care and Protection of Children) Act 2015 outlines specific procedures regarding parental surrender of children. According to the Act, officers responsible for inspecting residential facilities for children in need of care and protection are required to certify the execution of a surrender deed by the parents. Crucially, this certification isn't automatic. The Act mandates that the parents are given time to reconsider their decision, and all possible efforts must be made to keep the family together. For example, if a mother is struggling financially and considering surrender, the authorities should explore options like providing financial assistance or counseling. Furthermore, if a child is abandoned or lost, the law requires diligent efforts to restore them to their families, following due process. The inspection officers also recommend improvements in the quality of services to the District Child Protection Unit and the State Government, ensuring ongoing oversight. This process aims to protect children and prevent unnecessary separation from their families. The Act emphasizes family preservation as a priority. Please consult a qualified lawyer for your specific situation.","Juvenile Justice (Care and Protection of Children) Act 2015, Section (ix) & (x)",Safe,procedural,Juvenile_Justice_Act_2015__p22__c1,train
QA_495,"Okay, so, agar main kisi crime ka accused hoon, toh plea bargaining ke liye application kab file kar sakta hoon? Kya time limit hai?",code_mixed,Criminal Law,Bharatiya Nagarik Suraksha Sanhita 2023,"According to the Bharatiya Nagarik Suraksha Sanhita 2023, if you're accused of a crime, you have a specific window to apply for plea bargaining. Section 290(1) clearly states that you can file this application within thirty days – exactly thirty days – from the date the court frames the charges against you. It's really important to note this timeframe, otherwise, your application might not be considered.  Plea bargaining is an option where you negotiate with the prosecution to potentially receive a lesser sentence in exchange for pleading guilty. For example, let's say you're accused of petty theft, and the prosecution is willing to accept a guilty plea for a smaller fine and community service instead of a longer jail term. That's where plea bargaining comes in. The application itself, as mentioned in Section 290(2), needs to have a brief description of the case.  So, keep track of the charge framing date and act quickly. Don't delay!  Remember, this is just a general explanation based on the law. Apni specific situation ke liye ek qualified lawyer se zaroor milein.","Bharatiya Nagarik Suraksha Sanhita 2023, Section 290(1), Section 290(2)",Safe,procedural,BNSS_2023__p105__c0,train
QA_496,अगर प्रधानमंत्री आवास योजना (PMAY) के समझौते में कोई विवाद हो जाए तो उसे कैसे सुलझाया जाएगा?,hindi,Government Schemes,Pradhan Mantri Awas Yojana Guidelines,"प्रधानमंत्री आवास योजना (PMAY) के दिशानिर्देशों के अनुसार, समझौते में शामिल पक्षों के बीच यदि कोई विवाद उत्पन्न होता है, तो उसे आपसी बातचीत और चर्चा के माध्यम से सुलझाने का प्रयास किया जाएगा। यह योजना स्पष्ट रूप से कहती है कि विवादों को कानूनी कार्यवाही में जाने से पहले आपसी सहमति से हल करने को प्राथमिकता दी जानी चाहिए। यदि योजना के कार्यान्वयन में देरी होती है, और यह देरी दूसरी पार्टी के नियंत्रण से बाहर की परिस्थितियों (Force Majeure) के कारण होती है, तो समय सीमा बढ़ाने का निर्णय PMAY-HFA(U) के लक्ष्यों और उद्देश्यों को पूरा करने के लिए लिया जा सकता है। उदाहरण के लिए, मान लीजिए कि एक निर्माण कंपनी PMAY के तहत आवास बना रही है, और भारी बारिश के कारण निर्माण में देरी हो जाती है। ऐसी स्थिति में, कंपनी समय सीमा बढ़ाने के लिए आवेदन कर सकती है, जिसे Force Majeure के कारण स्वीकार किया जा सकता है। यह ध्यान रखना महत्वपूर्ण है कि यह प्रक्रिया समझौते की शर्तों के अधीन है। इस मामले में, कोई भी कानूनी कार्रवाई करने से पहले आपसी संवाद महत्वपूर्ण है।","Pradhan Mantri Awas Yojana Guidelines, Clause 6 & 7",Safe,procedural,PMAY_Guidelines__p34__c0,train
QA_497,"My neighbor and I are arguing over a boundary line, and a group of people started causing trouble on my land because of this dispute. My neighbor hired a property manager. Can that manager be held responsible if the riot happened because of the boundary dispute?",english,Criminal Law,Bharatiya Nyaya Sanhita 2023,"According to the Bharatiya Nyaya Sanhita 2023, Section 3, the property manager of your neighbor *could* be held responsible, but only under specific circumstances. The law states that if the riot was committed for the benefit or on behalf of your neighbor (the land owner), and the manager had reason to believe a riot was likely or that an unlawful assembly would occur, they can be penalized with a fine. This applies if the riot relates to the land itself, a claim your neighbor has on the land, the dispute causing the riot (like the boundary line disagreement), or if your neighbor has gained any advantage from the riot. For example, if the manager knew tensions were high and that a confrontation was likely, but did nothing to prevent it, they might be liable. However, simply hiring a manager doesn't automatically make them responsible; the key is their knowledge and inaction. The law focuses on the manager's role and awareness of the potential for unrest.","Bharatiya Nyaya Sanhita 2023, Section 3",Safe,procedural,BNS_2023__p68__c0,val
QA_498,Police bina warrant ke arrest kar sakta hai? Kis situation mein woh aisa kar sakta hai?,code_mixed,Criminal Law,Code of Criminal Procedure 1973,"Haan, police bina warrant ke arrest kar sakta hai, lekin sirf specific situations mein. Code of Criminal Procedure, 1973 ke Section 41 ke according, koi bhi police officer Magistrate ke order ke bina aur warrant ke bina arrest kar sakta hai agar – ek toh, agar woh khud apni aankhon ke samne koi cognizable offence karte hue dekhe, ya phir agar unko koi reasonable complaint mile, ya credible information mile, ya phir unko reasonable suspicion ho ki koi crime kiya hai.  

Let's say, for example, agar koi public mein openly theft karta dekha jaaye, toh police usko bina warrant ke arrest kar sakti hai.  It's important to understand that this power is not unlimited.  The police needs to have a reasonable basis for the arrest.  Just a vague feeling isn't enough.  They need a complaint, information, or to witness the crime themselves.  This section specifically outlines when police can exercise this power without needing a warrant from a magistrate.  It's a crucial aspect of arrest procedures in India.  

Apni specific situation ke liye ek qualified lawyer se zaroor milein.","Code of Criminal Procedure, 1973 Section 41",Safe,procedural,CrPC_1973__p40__c0,train
QA_499,"अगर कोई मुझे झूठ बोलकर मेरी संपत्ति अपने नाम कर लेता है, तो उसे 'धोखा' कैसे साबित किया जा सकता है? मुझे क्या करना चाहिए?",hindi,Criminal Law,Indian Penal Code 1860,"भारतीय दंड संहिता, 1860 की धारा 415 के अनुसार, 'धोखा' तब होता है जब कोई व्यक्ति किसी को धोखा देकर, धोखाधड़ी या बेईमानी से, उसे कोई संपत्ति किसी और को देने या किसी को संपत्ति रखने देने के लिए प्रेरित करता है। या, जानबूझकर उस व्यक्ति को कुछ ऐसा करने या न करने के लिए प्रेरित करता है जो वह धोखा दिए जाने पर नहीं करता। इस तरह की कार्रवाई या चूक से नुकसान होता है या होने की संभावना है।  उदाहरण के लिए, मान लीजिए कि कोई व्यक्ति आपको एक जमीन के बारे में झूठ बोलता है कि उस पर कोई विवाद नहीं है, और आप उस जमीन को खरीद लेते हैं। बाद में पता चलता है कि उस जमीन पर विवाद है और आपको नुकसान होता है। यह 'धोखा' का मामला हो सकता है।  आपको पुलिस में शिकायत दर्ज करनी चाहिए और सबूत इकट्ठा करने चाहिए, जैसे कि झूठी जानकारी देने वाले व्यक्ति के बयान और संपत्ति के कागजात।  यह साबित करना महत्वपूर्ण है कि आपको धोखा दिया गया और उस धोखे के कारण आपको नुकसान हुआ।","Indian Penal Code, 1860 Section 415",Safe,procedural,IPC_1860__p185__c0,train
QA_500,My brother is in jail and I think he needs mental health care. Can they move him to a mental health facility?,english,PWD Rights,Mental Healthcare Act 2017,"Yes, under the Mental Healthcare Act 2017, a prisoner can potentially be transferred to a mental health establishment if they require psychiatric care. The Act states that if a prison has a psychiatric ward within its medical wing, that's sufficient. However, if there isn't a psychiatric ward available, the prisoner *may* be transferred to a mental health facility. This transfer isn't automatic; it requires prior permission from the Board. For example, if a prisoner is experiencing severe depression and the prison's medical facilities are unable to adequately treat it, the Board could authorize a transfer to a specialized mental health institution. The Act also specifies that the exact process for this transfer – the method, modalities, and procedure – will be detailed in rules that are yet to be prescribed. Furthermore, the prison's medical officer is obligated to submit a quarterly report to the Board, confirming that the prisoner's mental health needs are being addressed. The Act Section doesn't specify which Board is 'concerned'.","Mental Healthcare Act 2017, Section (unspecified)",Safe,procedural,Mental_Healthcare_Act_2017__p43__c1,val
QA_NEW_001,What is RTI act? How can I use it?,english,Constitutional Law,Right to Information Act 2005,"The Right to Information (RTI) Act, 2005 is a powerful law that gives every Indian citizen the right to request information from any government office. Under this Act, you can ask for copies of government documents, records, contracts, emails, and reports. The government office must respond within 30 days. If they refuse or do not reply, you can file a First Appeal to the senior officer within 30 days, and a Second Appeal to the Central or State Information Commission within 90 days. RTI applies to all public authorities including central, state, and local government bodies. To file an RTI, write a simple application addressed to the Public Information Officer (PIO) of the relevant department, pay a fee of Rs 10 (waived for BPL card holders), and submit it in person, by post, or online at rtionline.gov.in. Please consult a lawyer for your specific situation.","RTI Act 2005, Sections 6, 7, 19",Safe,procedural,RTI_2005_general,train
QA_NEW_002,RTI kya hota hai? RTI kaise file kare?,code_mixed,Constitutional Law,Right to Information Act 2005,"RTI matlab Right to Information Act, 2005. Yeh ek bahut powerful kanoon hai jo har Indian citizen ko government se koi bhi information maangne ka adhikar deta hai. Aap government documents, records, contracts, reports ki copy maang sakte hain. Government office ko 30 din mein jawab dena hota hai. Agar woh refuse kare ya jawab na de, toh aap 30 din ke andar First Appeal file kar sakte hain senior officer ke paas, aur 90 din ke andar Second Appeal Central ya State Information Commission ke paas. RTI file karne ke liye: ek simple application likho Public Information Officer (PIO) ko, Rs 10 fee bharo (BPL card holders ke liye free), aur submit karo personally, post se, ya online rtionline.gov.in par. Apni specific situation ke liye ek qualified lawyer se zaroor milein.","RTI Act 2005, Sections 6, 7, 19",Safe,procedural,RTI_2005_hinglish,train
QA_NEW_003,सूचना का अधिकार (RTI) क्या है? इसे कैसे उपयोग करें?,hindi,Constitutional Law,Right to Information Act 2005,"सूचना का अधिकार (RTI) अधिनियम, 2005 एक महत्वपूर्ण क़ानून है जो हर भारतीय नागरिक को सरकारी कार्यालयों से जानकारी मांगने का अधिकार देता है। इस अधिनियम के तहत, आप सरकारी दस्तावेज़, रिकॉर्ड, अनुबंध, ईमेल और रिपोर्ट की प्रतियां मांग सकते हैं। सरकारी कार्यालय को 30 दिनों के भीतर जवाब देना होता है। यदि वे मना करते हैं या जवाब नहीं देते, तो आप 30 दिनों के भीतर वरिष्ठ अधिकारी के पास प्रथम अपील और 90 दिनों के भीतर केंद्रीय या राज्य सूचना आयोग में द्वितीय अपील दायर कर सकते हैं। RTI दाखिल करने के लिए: संबंधित विभाग के लोक सूचना अधिकारी (PIO) को एक सरल आवेदन लिखें, 10 रुपये शुल्क जमा करें (BPL कार्ड धारकों के लिए निःशुल्क), और व्यक्तिगत रूप से, डाक से, या ऑनलाइन rtionline.gov.in पर जमा करें। अपनी विशेष स्थिति के लिए किसी योग्य वकील से ज़रूर सलाह लें।","RTI Act 2005, Sections 6, 7, 19",Safe,procedural,RTI_2005_hindi,train
QA_NEW_004,What is domestic violence act? Rights of women in domestic violence,english,Women's Rights,Protection of Women from Domestic Violence Act 2005,"The Protection of Women from Domestic Violence Act 2005 (PWDVA) protects women from physical, emotional, sexual, verbal, and economic abuse by any family member or partner. Under this Act, a woman can: 1) Get a Protection Order to stop the abuser from contacting her, 2) Get a Residence Order to continue living in the shared home, 3) Get a Monetary Relief order for maintenance and medical expenses, 4) Get Custody of her children, 5) Get Compensation for injuries. To get help, contact a Protection Officer (available in every district), file a Domestic Incident Report (DIR), or approach the Magistrate directly. You can also call the Women Helpline at 181 or Police at 100. Please consult a lawyer for your specific situation.","PWDVA 2005, Sections 12, 18, 19, 20, 21, 22",Safe,procedural,PWDVA_2005_general,train
QA_NEW_005,घरेलू हिंसा में महिला को क्या करना चाहिए? घरेलू हिंसा अधिनियम क्या है?,hindi,Women's Rights,Protection of Women from Domestic Violence Act 2005,"घरेलू हिंसा से महिलाओं का संरक्षण अधिनियम, 2005 (PWDVA) महिलाओं को परिवार के किसी भी सदस्य या साथी द्वारा शारीरिक, भावनात्मक, यौन, मौखिक और आर्थिक दुर्व्यवहार से बचाता है। इस अधिनियम के तहत, एक महिला: 1) संरक्षण आदेश प्राप्त कर सकती है जो दुर्व्यवहारकर्ता को उससे संपर्क करने से रोके, 2) आवास आदेश प्राप्त कर सकती है जिससे वह साझा घर में रह सके, 3) भरण-पोषण और चिकित्सा खर्च के लिए मौद्रिक राहत का आदेश प्राप्त कर सकती है, 4) अपने बच्चों की अभिरक्षा पा सकती है, 5) चोटों के लिए मुआवजा प्राप्त कर सकती है। मदद के लिए: संरक्षण अधिकारी से संपर्क करें (हर जिले में उपलब्ध), घरेलू घटना रिपोर्ट (DIR) दर्ज करें, या सीधे मजिस्ट्रेट के पास जाएं। महिला हेल्पलाइन 181 या पुलिस 100 पर भी कॉल कर सकती हैं। अपनी विशेष स्थिति के लिए किसी योग्य वकील से ज़रूर सलाह लें।","PWDVA 2005, Sections 12, 18, 19, 20, 21, 22",Safe,procedural,PWDVA_2005_hindi,train
QA_NEW_006,mahila adhikar kya hain? women rights India,code_mixed,Women's Rights,"Constitution of India, PWDVA 2005","India mein mahilaon ko bahut se adhikar milte hain: 1) Samanta ka adhikar - Article 14 ke tahat koi bhi discrimination nahi ho sakti, 2) Ghar mein rehne ka adhikar - chahe divorce ho ya nahi, 3) Gharelu hinsa se suraksha - PWDVA 2005 ke tahat, 4) Karyasthala par sexual harassment se suraksha - POSH Act 2013 ke tahat, 5) Maternity Leave - 26 hafte ki paid leave, 6) Samaan vetan - Equal Remuneration Act ke tahat, 7) Sampatti mein adhikar - Hindu Succession Act ke tahat beti ko bhi barabar hissa, 8) FIR darz karwane ka adhikar - kisi bhi thane mein, 9) Guptata ka adhikar - rape cases mein identity secret rehti hai. Apni specific situation ke liye ek qualified lawyer se zaroor milein.","Constitution Articles 14, 15, 21; PWDVA 2005; POSH Act 2013",Safe,interpretive,womens_rights_general,train
QA_NEW_007,FIR kaise darj kare? FIR file karne ka process kya hai?,code_mixed,Criminal Law,Bharatiya Nagarik Suraksha Sanhita 2023,"FIR (First Information Report) file karne ka process: 1) Nearest police station jao jahan crime hua hai ya aap rehte hain, 2) Duty officer ya Station House Officer (SHO) se milo, 3) Apni complaint likhit mein do ya officer likh leta hai, 4) FIR register hone ke baad aapko ek copy FREE mein milni chahiye - yeh aapka legal right hai, 5) Agar police FIR likhne se mana kare, toh Superintendent of Police ko written complaint do, ya Judicial Magistrate ke paas jaao. Important: FIR likhwane se police mana NAHI kar sakti cognizable offences mein (murder, rape, robbery, kidnapping etc.). Zero FIR bhi file ho sakti hai - matlab kisi bhi police station mein chahe crime kahan hua ho. Apni specific situation ke liye ek qualified lawyer se zaroor milein.","BNSS 2023, Section 173",Safe,procedural,FIR_process_hinglish,train
QA_NEW_008,FIR कैसे दर्ज करें? FIR दर्ज करने की प्रक्रिया क्या है?,hindi,Criminal Law,Bharatiya Nagarik Suraksha Sanhita 2023,"FIR (प्रथम सूचना रिपोर्ट) दर्ज कराने की प्रक्रिया: 1) अपने नज़दीकी पुलिस थाने जाएं जहां अपराध हुआ हो या आप रहते हों, 2) ड्यूटी अधिकारी या स्टेशन हाउस अधिकारी (SHO) से मिलें, 3) अपनी शिकायत लिखित में दें या अधिकारी लिख लेगा, 4) FIR दर्ज होने के बाद आपको एक प्रति मुफ्त में मिलनी चाहिए - यह आपका क़ानूनी अधिकार है, 5) यदि पुलिस FIR लिखने से मना करे, तो पुलिस अधीक्षक को लिखित शिकायत दें, या न्यायिक मजिस्ट्रेट के पास जाएं। महत्वपूर्ण: संज्ञेय अपराधों (हत्या, बलात्कार, डकैती, अपहरण आदि) में FIR लिखने से पुलिस मना नहीं कर सकती। जीरो FIR भी दर्ज हो सकती है - यानी किसी भी थाने में, चाहे अपराध कहीं भी हुआ हो। अपनी विशेष स्थिति के लिए किसी योग्य वकील से ज़रूर सलाह लें।","BNSS 2023, Section 173",Safe,procedural,FIR_process_hindi,train
